{"type":"FeatureCollection","features":[{"type":"Feature","id":0,"geometry":{"type":"Polygon","coordinates":[[[133.31799098635585,34.1786034442495],[133.31788763279158,34.1786152189971],[133.31783876744933,34.178648542394846],[133.31780998355418,34.17868666772266],[133.31777545882434,34.178724783617206],[133.31775812464636,34.178777237828356],[133.31776080529391,34.17886550420196],[133.31777496138582,34.17895617323129],[133.3179176301264,34.17969283893413],[133.317940459329,34.17975489521361],[133.31798627042548,34.17980744311432],[133.31807510534702,34.17987436758197],[133.3181524648234,34.17993889026586],[133.31818971597278,34.179967571049055],[133.31823850118158,34.179972413648485],[133.31831030296956,34.17995105123923],[133.3184021262956,34.179963114335614],[133.31847091562543,34.18000854011043],[133.3185426163351,34.180034886126464],[133.3185914158341,34.180032572660785],[133.3186316356924,34.18001593370205],[133.31865197783546,34.17989907670185],[133.318646364543,34.179839431614894],[133.31864078698692,34.17976308816986],[133.31865528100658,34.17969631685054],[133.3186611545739,34.17963430312077],[133.318646971903,34.17955556224275],[133.3185042970472,34.17881889645007],[133.31845571174088,34.17872102062488],[133.318395580668,34.17865413890309],[133.31828087953312,34.178603873867324],[133.31814597314545,34.17860605963945],[133.31799098635585,34.1786034442495]]]},"properties":{"classLabel":"土砂災害警戒区域","phenomenon":"地すべり","name":"松井","areaCode":"349-NK-112","address":"魚島一番耕地","noticeDate":"2021-01-29"}},{"type":"Feature","id":1,"geometry":{"type":"Polygon","coordinates":[[[133.31477882167687,34.179241771637116],[133.31464966547998,34.1792391910104],[133.31451180514713,34.17927953547372],[133.31441698321936,34.17932710172423],[133.31432783302427,34.17940568768592],[133.3142789449237,34.17944855208759],[133.31423286338307,34.17952004630488],[133.31389475857253,34.180566119628295],[133.31387161781467,34.18064719004474],[133.31386896824034,34.18066812101794],[133.31405847016316,34.18063978272695],[133.3144752987633,34.18061178803938],[133.31480600597425,34.18058938711067],[133.31492642677813,34.180649682508566],[133.31495765713188,34.180543814951676],[133.31522840459397,34.17972192753529],[133.31525733557746,34.17961701120986],[133.31527181144043,34.17955978182777],[133.31522322013785,34.17946667506159],[133.31513158511166,34.17936873310749],[133.31497390886233,34.17928261870489],[133.31477882167687,34.179241771637116]]]},"properties":{"classLabel":"土砂災害警戒区域","phenomenon":"地すべり","name":"大木","areaCode":"349-NK-113","address":"魚島一番耕地","noticeDate":"2021-01-29"}},{"type":"Feature","id":2,"geometry":{"type":"MultiPolygon","coordinates":[[[[133.23118664814106,34.27637346998334],[133.23099496163238,34.27634198463469],[133.23084992897785,34.276349432383434],[133.23080307831682,34.276372628036334],[133.23070221023318,34.276465602453676],[133.23064119648257,34.27652953984306],[133.23060588441535,34.27660129988651],[133.2305986630068,34.27666535548803],[133.2306148557485,34.27672169637349],[133.2306521779544,34.276752843146305],[133.23067782514516,34.27677814006305],[133.2307455589569,34.27680741163996],[133.23149064269958,34.27704638653926],[133.23171733904098,34.27710124631417],[133.23176876995885,34.2771091250782],[133.231874067664,34.27709382313272],[133.2320402255477,34.27706312181446],[133.2320987771561,34.27703800927369],[133.23212221481575,34.277022528137685],[133.23215285426184,34.27694881545006],[133.23221408264965,34.27681692411157],[133.23224702438327,34.27675486480431],[133.23224711055855,34.27672768424626],[133.23223779833097,34.27671407172399],[133.2319317293302,34.27661244220561],[133.23118664814106,34.27637346998334]]],[[[133.23257300379996,34.27707746483997],[133.23253284178398,34.27705590884003],[133.23241494346243,34.27708189096882],[133.2317192681299,34.277300149245725],[133.2315610026117,34.27736898067976],[133.23147465941116,34.277411728221956],[133.23140276068472,34.27743065524169],[133.23133356654515,34.27750206533721],[133.2312959379272,34.27758785804301],[133.23129279094024,34.27767372634648],[133.23130108473396,34.277776316938436],[133.23136263946813,34.27784801545541],[133.23145591723073,34.277884001675964],[133.23160681747123,34.27787240439003],[133.2317002648015,34.27785471811925],[133.23184411421036,34.2778013620924],[133.23197348600456,34.27778256052743],[133.23222368564674,34.27770406442579],[133.2322300880334,34.27768798346329],[133.23226095373218,34.277638873483646],[133.23236233268815,34.27756657748565],[133.23257759014624,34.27747467362332],[133.232703070264,34.27740702076032],[133.23264419318292,34.277282766810444],[133.23262999174548,34.27723025683192],[133.23259865477738,34.27714431144334],[133.23257300379996,34.27707746483997]]]]},"properties":{"classLabel":"土砂災害警戒区域","phenomenon":"地すべり","name":"大谷","areaCode":"350-NK-114","address":"弓削大谷","noticeDate":"2021-01-29"}},{"type":"Feature","id":3,"geometry":{"type":"Polygon","coordinates":[[[133.14276337423934,34.24758055679921],[133.14284362301206,34.24762372828436],[133.14291823837203,34.24764064376745],[133.14296707104367,34.24764078598746],[133.14305048474833,34.24761478933399],[133.14309079102185,34.24759343738948],[133.14342746151408,34.2473205174621],[133.1434534454249,34.247289582333785],[133.14347079113023,34.24726339323351],[133.14351699228908,34.24720627733853],[133.14354295493044,34.247180113282695],[133.14356890858434,34.24715633477212],[133.14354706821868,34.24715599539138],[133.1434708913568,34.247141021356484],[133.14341700378714,34.247106442363695],[133.14339342660517,34.24708055798432],[133.14338095517851,34.24705409012704],[133.14337959877412,34.247024582020295],[133.14338188637703,34.247008607291285],[133.14337431244277,34.24698163256626],[133.1433226779144,34.24696478422018],[133.14324499016186,34.24699556888038],[133.14317017394836,34.247026361848704],[133.1428335038121,34.247299281084736],[133.14278450000194,34.247339690416716],[133.14274408289603,34.247387281481394],[133.14272082018516,34.24745400533656],[133.14272053793167,34.2475207961583],[133.14276337423934,34.24758055679921]]]},"properties":{"classLabel":"土砂災害警戒区域","phenomenon":"地すべり","name":"谷","areaCode":"352-NK-116","address":"岩城","noticeDate":"2021-01-29"}},{"type":"Feature","id":4,"geometry":{"type":"MultiPolygon","coordinates":[[[[133.14044049153406,34.2474671536958],[133.1405037484296,34.247453025739155],[133.14060139433437,34.24745808317883],[133.1406181765614,34.24744513702219],[133.1406137058476,34.247410622311264],[133.14061228152391,34.24738378175056],[133.14062624987397,34.247355709675745],[133.14067575778242,34.24729324015986],[133.14069863104896,34.247256955550604],[133.14091444256854,34.24734615530323],[133.14102930209603,34.24735603397155],[133.14109829406763,34.2473443080761],[133.14112426762176,34.24731575899098],[133.14114183571382,34.247237091790545],[133.1411421090897,34.24717268562291],[133.14109931680798,34.24710338404076],[133.1410592421167,34.24706987044632],[133.14095892871802,34.24701709762959],[133.14066791359636,34.24689681291981],[133.14064490394367,34.2469039022089],[133.14060564166763,34.24701518977359],[133.1405912473266,34.24703979312789],[133.1405560782303,34.24710581359612],[133.1405167707445,34.24709286527772],[133.1404450076703,34.24708072695186],[133.13997656462982,34.24700706006071],[133.13989267601983,34.24702696937728],[133.13986488589816,34.24704861218366],[133.1398094305555,34.24713061192519],[133.13976303383637,34.24723304819137],[133.1397513510579,34.24727833621353],[133.13976207251181,34.24734221930791],[133.13977731383974,34.247376765695776],[133.13980180952134,34.24740622912461],[133.13982948109987,34.24741269900571],[133.14029792733703,34.24748636647063],[133.1403240703559,34.24749027848525],[133.14039029877586,34.24747641535332],[133.14044049153406,34.2474671536958]]],[[[133.14055016234576,34.24773936069931],[133.1404697816852,34.2477271989242],[133.14036917253983,34.247743601072315],[133.14028585939198,34.24774574223062],[133.1397775856947,34.247862843489784],[133.13967402221164,34.24789832099684],[133.13962494537608,34.247955426974066],[133.13959303140265,34.24802928061765],[133.1395927873468,34.248086530126045],[133.13961270206656,34.2481319128154],[133.1396527146014,34.248179736545474],[133.13973302332337,34.24820859767916],[133.13985936459252,34.24822089676175],[133.14036764033682,34.24810379518329],[133.14043382007395,34.24807774976085],[133.1404856474262,34.24804927663915],[133.1405489858843,34.248016066092795],[133.14056638333972,34.24797795148271],[133.1405780353648,34.247939818223045],[133.14060432471294,34.24783732271552],[133.14059013357104,34.24779672811586],[133.14055016234576,34.24773936069931]]]]},"properties":{"classLabel":"土砂災害警戒区域","phenomenon":"地すべり","name":"浜","areaCode":"352-NK-117","address":"岩城","noticeDate":"2021-01-29"}},{"type":"Feature","id":5,"geometry":{"type":"Polygon","coordinates":[[[133.20402278100005,34.25654345412155],[133.20403044400007,34.25662081212164],[133.2040309920001,34.256672385121675],[133.2040627370003,34.2566959081216],[133.204035371,34.256699075121595],[133.20395436400005,34.25674838612157],[133.2039592900002,34.25677960012154],[133.2040364650001,34.256841578121524],[133.20417330000006,34.25694562712156],[133.2042805780003,34.25702615212155],[133.204420697,34.257006247121616],[133.2044097500002,34.257151010121596],[133.204572857,34.25709581912174],[133.204662621,34.257087677121575],[133.20473158500022,34.256989056121704],[133.20481806500032,34.2569112461216],[133.2049811720002,34.25679995812167],[133.2049811720002,34.25680086312163],[133.20501839100018,34.25680086312163],[133.20502276900012,34.25676376712163],[133.2049746040002,34.25673752812166],[133.2051092490002,34.256698623121686],[133.20528439800026,34.256571049121675],[133.20531285900017,34.256525811121676],[133.20540262200007,34.256370188121636],[133.20532161700024,34.25627609112156],[133.20525922000016,34.25627609112157],[133.20511472200008,34.25628152012151],[133.20503262200018,34.25628604312153],[133.20501182300015,34.25633761612162],[133.20498883400006,34.256349378121506],[133.20493410100025,34.25639914112165],[133.20490454500032,34.25643352312163],[133.20483339000023,34.256459762121516],[133.20476333100018,34.256466095121716],[133.20467028300015,34.256503191121546],[133.2045389220002,34.2565583821216],[133.20448747200024,34.25666786012155],[133.20446776800017,34.2566769091217],[133.204457916,34.25664886012161],[133.20444040100028,34.25662171712159],[133.20439661400027,34.2565981931216],[133.2043375010001,34.25657104912163],[133.20428714600033,34.25654662012168],[133.20428276800007,34.25652581112167],[133.20414374300003,34.256533048121646],[133.20402278100005,34.25654345412155]]]},"properties":{"classLabel":"土砂災害警戒区域","phenomenon":"急傾斜の崩壊","name":"下弓削F","areaCode":"350-Ⅰ-505(1)","address":"弓削下弓削","noticeDate":"2015-03-10"}},{"type":"Feature","id":6,"geometry":{"type":"Polygon","coordinates":[[[133.13969013400003,34.245077995121754],[133.139966347,34.245152023121776],[133.14001058500003,34.244947776121705],[133.1399328990002,34.244809530121834],[133.13980558199998,34.244731934121795],[133.13984010900012,34.24470874412164],[133.13988111000003,34.24464006712171],[133.1397440820001,34.24459279612184],[133.13952397500006,34.244619553121844],[133.13948729100002,34.2447729621218],[133.13950563200024,34.2448532341217],[133.13969013400003,34.245077995121754]]]},"properties":{"classLabel":"土砂災害警戒区域","phenomenon":"急傾斜の崩壊","name":"鳩岡","areaCode":"352-Ⅰ-28(2)","address":"岩城","noticeDate":"2015-03-10"}},{"type":"Feature","id":7,"geometry":{"type":"Polygon","coordinates":[[[133.14540728900008,34.24751912212184],[133.14540405200015,34.24733715512176],[133.145540018,34.247220303121644],[133.1456522430002,34.247066880121686],[133.14563066100015,34.246931296121666],[133.145554045,34.24680730912185],[133.14570188100004,34.24659768712173],[133.14566735100013,34.24647994312174],[133.14551627700004,34.246396987121784],[133.1453652050001,34.24627567312167],[133.14520010300006,34.246277458121696],[133.14506413800007,34.2463193821218],[133.1450317650001,34.24636130612178],[133.1449562280001,34.2464130431217],[133.14490982700013,34.246418395121815],[133.144840765,34.24647815912174],[133.14474688400014,34.24656111612174],[133.14476630700008,34.2467270281218],[133.14485371400008,34.24674932812172],[133.14501989500005,34.24680909212168],[133.14512564600022,34.246768060121845],[133.1450317650001,34.24694021612166],[133.14502744800006,34.24700087212172],[133.1449724140001,34.247084720121784],[133.14495355842377,34.24710333356285],[133.14493464600002,34.24704948612168],[133.14490928700013,34.24701692812155],[133.14491414300008,34.24698526212163],[133.14473285500011,34.24684075812181],[133.1445709920001,34.24673282612176],[133.1444695570002,34.24668109012173],[133.14440046800007,34.246680885121606],[133.14417604400015,34.24688803412159],[133.1440702920003,34.24699685812182],[133.14395806700009,34.247150728121724],[133.14414798800013,34.24729433912173],[133.14421381200006,34.24734161512182],[133.14437135900002,34.247445978121796],[133.1444296310001,34.247485227121736],[133.14448142700004,34.247513770121714],[133.1444922180002,34.24755034212176],[133.14464221200004,34.2474094071217],[133.1447649422729,34.24728952691952],[133.144616314,34.24746649512185],[133.14458717800002,34.247500390121665],[133.14464437000015,34.24748433412182],[133.14522600100008,34.24770644112181],[133.14540728900008,34.24751912212184]]]},"properties":{"classLabel":"土砂災害警戒区域","phenomenon":"急傾斜の崩壊","name":"新地","areaCode":"352-Ⅰ-536(1)","address":"岩城","noticeDate":"2015-03-10"}},{"type":"Feature","id":8,"geometry":{"type":"MultiPolygon","coordinates":[[[[133.14451579200022,34.274829912121504],[133.14448967100012,34.27476065912132],[133.14428505200007,34.27481822012136],[133.14421321900008,34.274838007121296],[133.14428614100007,34.27497561312138],[133.14434926800004,34.27503137512137],[133.14434491500003,34.2751959641214],[133.14462898500005,34.275191017121365],[133.14464041399998,34.27503137512139],[133.14460612900004,34.27492524712146],[133.14451579200022,34.274829912121504]]],[[[133.14463878200002,34.27544284512129],[133.14439498100023,34.275438348121355],[133.1443655940002,34.275565161121506],[133.14439389200004,34.27562272212133],[133.14433403000007,34.27562811812141],[133.14425457800002,34.27568927612128],[133.14418600899998,34.27576842212133],[133.1443002900002,34.275840372121365],[133.14436450600007,34.27592221612137],[133.14447552200025,34.27582688212133],[133.1445908920002,34.27575942812145],[133.1446355160001,34.27562182312132],[133.1446442240001,34.27555077112132],[133.14463878200002,34.27544284512129]]],[[[133.14515685800006,34.276349420121406],[133.14507305100005,34.27622710512129],[133.144984891,34.276259482121404],[133.1448793170001,34.27629545712125],[133.14473564900015,34.27637190412129],[133.14479224500008,34.27645194912149],[133.14495985800014,34.27640608112134],[133.14515685800006,34.276349420121406]]]]},"properties":{"classLabel":"土砂災害警戒区域","phenomenon":"急傾斜の崩壊","name":"小漕","areaCode":"352-Ⅰ-540(1)","address":"岩城","noticeDate":"2015-03-10"}},{"type":"Feature","id":9,"geometry":{"type":"Polygon","coordinates":[[[133.32290659238612,34.17831701260904],[133.32305020300672,34.17827985871872],[133.32321375574722,34.17829324813954],[133.32351682728387,34.17828370422461],[133.32342322139274,34.17794554634076],[133.3233952187714,34.17784438433175],[133.3233867571281,34.177813815837226],[133.32334787352337,34.17774124153086],[133.32326771885815,34.17763998211916],[133.323208193946,34.17755592779391],[133.32316929468794,34.17749098691381],[133.32314851787314,34.17744759896901],[133.3231418603205,34.177433696086595],[133.3231327872113,34.177380248419624],[133.32313478942382,34.17735909506009],[133.3231262600313,34.17736119298838],[133.3231185259113,34.177359681443164],[133.3231144616498,34.177357650211384],[133.32311107380602,34.17735652469864],[133.32311103145372,34.17735651390695],[133.32310865854583,34.177355631812375],[133.32310710692101,34.17735283517299],[133.3231038084299,34.17733917248201],[133.32309375229437,34.17735369789818],[133.32307706915276,34.17737084947263],[133.32305752009304,34.17738656506013],[133.32303682957763,34.17739846329346],[133.32302870781578,34.17740243113502],[133.32300177763767,34.17741558781757],[133.32295236691715,34.177436031321704],[133.32289606994786,34.17745598886786],[133.32282712767287,34.177483083542086],[133.32277080970024,34.17751305791354],[133.3227225791803,34.177541207627286],[133.32268796519088,34.17756319614931],[133.32266508050628,34.17757850294174],[133.3225915095252,34.17762154494853],[133.32250645162281,34.17767130714299],[133.3221479764587,34.17788102784846],[133.32234371884178,34.177993440486496],[133.32236608884455,34.17800844523818],[133.3223423344521,34.17806686018578],[133.32234287207487,34.17806743863011],[133.32290659238612,34.17831701260904]]]},"properties":{"classLabel":"土砂災害警戒区域","phenomenon":"急傾斜の崩壊","name":"東","areaCode":"349-Ⅰ-485(1)","address":"魚島","noticeDate":"2017-03-07"}},{"type":"Feature","id":10,"geometry":{"type":"Polygon","coordinates":[[[133.19511067986713,34.249631239684184],[133.19521377688565,34.24926566031001],[133.19555433218457,34.24899228741913],[133.19546242926063,34.24885453720666],[133.1954042872878,34.248721470811304],[133.19524569061454,34.24851364985201],[133.194952931327,34.248240438580254],[133.19449070851755,34.24806799922717],[133.19422408943498,34.248116137987154],[133.19399235106422,34.24815992067845],[133.1937522397727,34.248263308575694],[133.19349357435775,34.24832163999356],[133.19332646395506,34.24848965970175],[133.1932239891561,34.24883271021399],[133.1933437570241,34.24905670649009],[133.1934473633758,34.24917214273738],[133.19348285584263,34.24920441088576],[133.19356487121036,34.249278975370736],[133.19368930387185,34.24938870462261],[133.1937959547401,34.24947057965959],[133.193817246057,34.249486924792095],[133.19386712849882,34.24953840948958],[133.19390923242332,34.24950211258441],[133.19397527926458,34.24946390601244],[133.19403033584175,34.249428611300864],[133.19414025965153,34.249359147858],[133.19413920840242,34.249375463140815],[133.19417303975715,34.24938060585879],[133.19420922231373,34.24939025118885],[133.19424358898078,34.24939963348503],[133.19435616237618,34.2494303665918],[133.19459259268606,34.24949358325882],[133.19459364567064,34.249493863034324],[133.19490436892437,34.24957642291721],[133.19511067986713,34.249631239684184]]]},"properties":{"classLabel":"土砂災害警戒区域","phenomenon":"急傾斜の崩壊","name":"佐島A","areaCode":"350-Ⅰ-510(1)","address":"弓削佐島","noticeDate":"2017-03-07"}},{"type":"Feature","id":11,"geometry":{"type":"Polygon","coordinates":[[[133.20768708921597,34.27397009607369],[133.20773699355954,34.27401682661331],[133.2077642081748,34.27406115893078],[133.20783416716247,34.274212790629484],[133.20789066769478,34.274323134495184],[133.20789070655627,34.27432332743565],[133.2079738109189,34.2743389895971],[133.2082730391349,34.274373127924605],[133.20843896218923,34.27435589452121],[133.20859077912158,34.274282610793584],[133.20873292063592,34.274272063042346],[133.20885171070466,34.27427378018971],[133.20891894080276,34.27430642642115],[133.20892322702917,34.27426277012069],[133.20895443334177,34.274267959694335],[133.20926437591007,34.274166706646305],[133.20939656317196,34.274156134406546],[133.20966769245513,34.27411566443823],[133.20967828118,34.27408762457931],[133.20968470826068,34.274060785405815],[133.20968505315062,34.2740356448767],[133.20968352407957,34.27402747755838],[133.2096802477208,34.27400997732687],[133.20967040259194,34.27398224581366],[133.2096638143118,34.27397158592169],[133.20961959071423,34.27390003146253],[133.2096142379196,34.273891370528396],[133.20951202920676,34.2738959876516],[133.2094320971833,34.27396989300741],[133.20945773597452,34.27384141085327],[133.20937367610028,34.273515244948264],[133.20870569514128,34.27274208952084],[133.20867706270644,34.27274635099009],[133.20864363242882,34.27275078576867],[133.2084831161741,34.272762636769535],[133.20844809070493,34.27276431771575],[133.2084152992132,34.272765343632294],[133.20836482052403,34.27276386725927],[133.20835997712547,34.27276371864581],[133.20817369527322,34.27287096068434],[133.20816226757594,34.27288745284614],[133.20813705274216,34.27293418917378],[133.20812906089975,34.27295297324073],[133.20812600290952,34.27296016071728],[133.20803467350765,34.2731300166765],[133.20795006263967,34.27326949639454],[133.20790024948795,34.27336386923101],[133.20779046914365,34.273543007831314],[133.20765419955646,34.27375645489942],[133.20764877603068,34.273764950063814],[133.20757338222202,34.27390218735618],[133.20760440798017,34.27391724675368],[133.2076180550263,34.2739279179186],[133.20768708921597,34.27397009607369]]]},"properties":{"classLabel":"土砂災害警戒区域","phenomenon":"急傾斜の崩壊","name":"上弓削C","areaCode":"350-Ⅰ-2657(1)","address":"弓削上弓削","noticeDate":"2017-03-07"}},{"type":"Feature","id":12,"geometry":{"type":"MultiPolygon","coordinates":[[[[133.18167322781375,34.27086790402652],[133.18164827517506,34.27080287717466],[133.18164035656437,34.27078224114008],[133.18161577242566,34.27080255543687],[133.18164233943844,34.27074252649276],[133.18158976254674,34.2706969139919],[133.18153698052737,34.27070218206921],[133.18127932236987,34.27060168952286],[133.18127925265787,34.270601708876455],[133.181274839925,34.270593380730766],[133.18126359438173,34.270616735025314],[133.18119921660397,34.2707504319021],[133.18117192839753,34.27080710265503],[133.1811619128805,34.270828370180915],[133.18116170936497,34.27082936455511],[133.1811562039776,34.270856264358876],[133.18115698326685,34.27087809373682],[133.18116336477328,34.27090029426919],[133.18116845596776,34.27091800591744],[133.18122279564992,34.27092128230593],[133.18122290874396,34.270921282944],[133.1813828742912,34.27086341910639],[133.1813915631348,34.2708765122553],[133.18140713097662,34.27096840928504],[133.1815809492715,34.27101787186952],[133.1816721840593,34.2710107673612],[133.1816821714785,34.27095778059679],[133.18168832837208,34.2709251160921],[133.1816880317222,34.27092166122285],[133.18168640250886,34.270902687237424],[133.18168214360153,34.270888840521366],[133.1816733292416,34.27086814218226],[133.18167322781375,34.27086790402652]]],[[[133.181887519255,34.27164416607235],[133.18208368504128,34.27155525665531],[133.18229761595595,34.27158572720698],[133.18240976520755,34.27156971115828],[133.18287988575014,34.27112805594361],[133.18291942907965,34.27083924846509],[133.18282411681045,34.270700503245884],[133.18284781743685,34.27054525830135],[133.18284857404313,34.27054504246926],[133.1826734371057,34.27053940185525],[133.18267348826137,34.27053860415243],[133.18248020403334,34.270350788881174],[133.18220668240033,34.27028722354236],[133.18220608988108,34.2702872317218],[133.1821206086254,34.27030978896787],[133.18188684725666,34.27043958233041],[133.18189215663975,34.27045877576362],[133.18186879293103,34.270590233056126],[133.18187144434359,34.27070694947753],[133.18190556273095,34.270791772496494],[133.18190588770028,34.270792450767296],[133.18191212268513,34.27080546463335],[133.18191448197703,34.27080898198116],[133.1819297719401,34.27083177697287],[133.1819559188612,34.2708555490751],[133.1819820826869,34.27087483496605],[133.18198462940262,34.270876712194685],[133.1820807056254,34.270684110687164],[133.1820883199819,34.27062164819161],[133.18209027193032,34.27060863032638],[133.1822377405258,34.27057680301967],[133.18227886235053,34.27056004185148],[133.1822791688543,34.270560078964444],[133.18230372641423,34.27059114967276],[133.18228985797487,34.27063318835421],[133.18229017380438,34.2706336263177],[133.18223113735291,34.27077895802697],[133.1822311475165,34.270779169068035],[133.18220200087012,34.27090627156642],[133.18222587392296,34.27093749436836],[133.18226645138563,34.271002827979636],[133.18223475192255,34.271041350453345],[133.18217618506554,34.27104834060612],[133.1819850501494,34.27108337110119],[133.18169990600964,34.271156296647646],[133.1815052976539,34.27121425623251],[133.18133955163304,34.27125332950191],[133.18115033698834,34.27134737103359],[133.1810452044692,34.27135360271595],[133.18103263300256,34.27134448185625],[133.18101773031893,34.27136840687569],[133.18099044253816,34.27141870872768],[133.18098705920517,34.27142625806568],[133.1809821243021,34.27143726946624],[133.18097674676832,34.271457307429294],[133.18097385132143,34.2714698868432],[133.18095608434913,34.27154707589998],[133.1809534682067,34.27155844176473],[133.1809852366644,34.27155941226565],[133.1811265354377,34.27155884304065],[133.18141806918166,34.27172141558885],[133.18167848434732,34.2716885564417],[133.181887519255,34.27164416607235]]]]},"properties":{"classLabel":"土砂災害警戒区域","phenomenon":"急傾斜の崩壊","name":"中後","areaCode":"351-Ⅰ-518(1)","address":"生名","noticeDate":"2017-03-07"}},{"type":"Feature","id":13,"geometry":{"type":"Polygon","coordinates":[[[133.1770005800481,34.27068236839235],[133.1768960684162,34.270586300412944],[133.17686674773083,34.27054412043856],[133.17690581221876,34.27052840864784],[133.17692150619334,34.270522096795396],[133.17701072142904,34.27048125634603],[133.177021513925,34.27047559449446],[133.17705434888936,34.270458368962636],[133.17707616263138,34.270446925273696],[133.1771098721238,34.270423510021715],[133.17718798665396,34.27021644735212],[133.17725587454586,34.26997764194152],[133.1770093618238,34.26991113261119],[133.17694947101617,34.26993725385249],[133.17691330555874,34.269953191060644],[133.17686422700314,34.269974818692624],[133.1766698831695,34.27007781669746],[133.17660648833603,34.27010980323092],[133.17634270244866,34.27024289858597],[133.17623527808504,34.27029710015315],[133.1761930448506,34.27041799909562],[133.1763292902475,34.270623161108304],[133.1767444928682,34.27059550984244],[133.1766776402525,34.270636465635036],[133.17667564356103,34.270637701400524],[133.17658244727102,34.2706953813147],[133.17652223279515,34.270732648445055],[133.1765751169864,34.270785249707885],[133.17671296061783,34.27091880129777],[133.1767568318762,34.27088778316617],[133.17685781283515,34.27081638678631],[133.17686796199038,34.27080921105274],[133.17693482600322,34.270754052690016],[133.17693943498526,34.27075025060068],[133.1770005800481,34.27068236839235]]]},"properties":{"classLabel":"土砂災害警戒区域","phenomenon":"急傾斜の崩壊","name":"恵生A","areaCode":"351-Ⅰ-525(1)","address":"生名","noticeDate":"2017-03-07"}},{"type":"Feature","id":14,"geometry":{"type":"Polygon","coordinates":[[[133.18288793388754,34.27183113825606],[133.18254568520254,34.27184999150179],[133.18233810689776,34.27194829665946],[133.18209821544556,34.271765178404664],[133.18206913881065,34.27181828132963],[133.18201157134345,34.27181882247669],[133.18199596542286,34.2717855564258],[133.1815983071546,34.27191601923614],[133.18151358257052,34.2719018782202],[133.18150668682827,34.27188557044031],[133.1812316203675,34.27212180460007],[133.1809820517102,34.272162698401765],[133.1808521560936,34.272132413202684],[133.1807828115478,34.272113429075844],[133.18046142057122,34.27207936385192],[133.18030553821063,34.27184515083452],[133.18006697707753,34.27187795080525],[133.18006516506313,34.27187843372504],[133.1798378634466,34.272073001587415],[133.1798367306222,34.27207284878043],[133.17961448342356,34.27209585967234],[133.17961442191663,34.27209580152601],[133.17942702424193,34.27222728439901],[133.179408876083,34.272379738855854],[133.17938278215138,34.27248301167846],[133.17933550830986,34.272615939711],[133.1794541771647,34.27260453906619],[133.17949802347775,34.272600326657034],[133.17950557830474,34.272599600855],[133.1795791478534,34.27259693072402],[133.17960647740196,34.27259593879397],[133.17970309060152,34.27259028503134],[133.17973026476795,34.27254015471436],[133.17986641172652,34.2725287513135],[133.17993454794964,34.272490736442826],[133.17993468132795,34.27249069252822],[133.1800446520344,34.272520384710674],[133.18004537860313,34.27252009944813],[133.18026671888404,34.27255680683844],[133.1802666527076,34.272556696111415],[133.1803681876411,34.27255719499747],[133.18047911092378,34.27227869888909],[133.1806199429197,34.27230795596699],[133.18076321316855,34.27239871821615],[133.1810294254935,34.27245651355614],[133.18109944398023,34.27240486999206],[133.18101051865963,34.27284395552447],[133.1813569071169,34.27292160457268],[133.18175634648202,34.27260547502534],[133.1819017072531,34.2726026714241],[133.18194042471728,34.2726025277916],[133.18204255804298,34.27258893551935],[133.18205731266005,34.272595555350826],[133.18237859818214,34.27237777050174],[133.18271555650114,34.272317827482574],[133.18271698714267,34.27232661485183],[133.18275325532625,34.27230608622693],[133.18285591137504,34.27227666741443],[133.18303880991618,34.27222425274668],[133.18324495081106,34.27216517693043],[133.1833022117804,34.27214876701186],[133.18330278137876,34.272145680096685],[133.18331516381664,34.272095932056004],[133.18288793388754,34.27183113825606]]]},"properties":{"classLabel":"土砂災害警戒区域","phenomenon":"急傾斜の崩壊","name":"尾又","areaCode":"351-Ⅰ-2559(1)","address":"生名","noticeDate":"2017-03-07"}},{"type":"Feature","id":15,"geometry":{"type":"Polygon","coordinates":[[[133.1335041095583,34.25006352407958],[133.13352581362219,34.25006208748978],[133.13356554040956,34.25007421808245],[133.1335855998831,34.25007968680367],[133.13356969600954,34.25006770487704],[133.13357174653106,34.250023835746745],[133.1336022575407,34.249940693387664],[133.13357479990478,34.24992990594531],[133.1335227591612,34.24990756477275],[133.13350544324516,34.24989991898022],[133.13347188659657,34.2498851021573],[133.13346725975788,34.24988267411059],[133.1333754796806,34.24983451022876],[133.13312141873303,34.24990336253621],[133.13316097417183,34.2500144581322],[133.1331955297393,34.25016102118454],[133.13319811208981,34.25016020528018],[133.13336438326263,34.25010767132455],[133.1334822782946,34.25007042177444],[133.1335041095583,34.25006352407958]]]},"properties":{"classLabel":"土砂災害警戒区域","phenomenon":"急傾斜の崩壊","name":"西部","areaCode":"352-Ⅰ-539(1)","address":"岩城","noticeDate":"2017-03-07"}},{"type":"Feature","id":16,"geometry":{"type":"Polygon","coordinates":[[[133.32418520600015,34.177560981122646],[133.32389023100012,34.1775068501225],[133.32376687800004,34.17761688812255],[133.32363279800003,34.17769231612259],[133.323461177,34.17777573112265],[133.32323592300017,34.17787423112259],[133.3226727880002,34.178112939122684],[133.32222228100008,34.1783232491226],[133.32175675700023,34.17852557312255],[133.3215036150002,34.17863117112253],[133.3209447710003,34.1788752001226],[133.32017890800012,34.17920796712266],[133.320302262,34.179292268122616],[133.32037198200007,34.179352609122546],[133.32085896000024,34.179202643122565],[133.32115822600034,34.17910858112264],[133.3211689520001,34.17917247212264],[133.32123545600032,34.17915383712265],[133.32120864,34.17893643012266],[133.32150146900008,34.17890271012253],[133.321497179,34.17881840812252],[133.32171707000012,34.17880066112253],[133.32188118200008,34.17881485912265],[133.32240892000002,34.1788663271226],[133.32285084700013,34.17890004712261],[133.32311364200004,34.17898701012261],[133.32304499300008,34.17925144912248],[133.32336678400006,34.17931179012263],[133.32342363400014,34.179091721122646],[133.32375507900016,34.17915117512258],[133.32385054400015,34.17949015212269],[133.32395029900007,34.17995513412255],[133.32396424300012,34.17902428012265],[133.32396853400033,34.178535334122564],[133.32397926000007,34.17832236212266],[133.32402431100002,34.177923038122664],[133.3241240660001,34.17775709612264],[133.32418520600015,34.177560981122646]]]},"properties":{"classLabel":"土砂災害警戒区域","phenomenon":"土石流","name":"井ノ頭川","areaCode":"349-1419","address":"魚島","noticeDate":"2015-03-10"}},{"type":"Feature","id":17,"geometry":{"type":"Polygon","coordinates":[[[133.3215846850002,34.17751179712261],[133.32137330400022,34.17749670612258],[133.32132394500022,34.17756949712258],[133.3212531270001,34.17770442612253],[133.32103745400013,34.17804352412266],[133.32113724300007,34.178403038122575],[133.32106857100004,34.178580575122524],[133.32098273100007,34.17869597412248],[133.32074988899998,34.17904660812257],[133.32058486800003,34.17928705012255],[133.32115822600034,34.17910858112264],[133.3211689520001,34.17917247212264],[133.32123545600032,34.17915383712265],[133.32120864,34.17893643012266],[133.32150146900008,34.17890271012253],[133.321497179,34.17881840812252],[133.32171707000012,34.17880066112253],[133.32240892000002,34.1788663271226],[133.32256478400018,34.178878219122545],[133.3215846850002,34.17751179712261]]]},"properties":{"classLabel":"土砂災害警戒区域","phenomenon":"土石流","name":"古殿川","areaCode":"349-1420","address":"魚島","noticeDate":"2015-03-10"}},{"type":"Feature","id":18,"geometry":{"type":"Polygon","coordinates":[[[133.31922578700002,34.17633991712247],[133.319061744,34.17651857812268],[133.31918218,34.17682780012268],[133.31928392900022,34.17715935212252],[133.3194272060001,34.17768158912266],[133.31966807900005,34.17845978312257],[133.31999616300004,34.179555770122576],[133.32032840100007,34.17939773012262],[133.32036993100022,34.17950423612257],[133.32042391900006,34.17948705712266],[133.32037198200007,34.179352609122546],[133.32115822600034,34.17910858112264],[133.3211689520001,34.17917247212264],[133.32123545600032,34.17915383712265],[133.32120864,34.17893643012266],[133.32150146900008,34.17890271012253],[133.321497179,34.17881840812252],[133.32171707000012,34.17880066112253],[133.32211729400015,34.17884801812265],[133.32244745600008,34.17885403112242],[133.3225938480001,34.178865197122484],[133.32283264400007,34.178886670122594],[133.32311364200004,34.17898701012261],[133.3231565760001,34.17903698212258],[133.32334553600012,34.17872519212261],[133.323569796,34.17836873612257],[133.3234483220001,34.17833180212256],[133.32311816000012,34.17829229112258],[133.3231160840002,34.17808872412249],[133.32278177000035,34.17808614812253],[133.322607345,34.178056944122574],[133.32249106200024,34.17804491812262],[133.32229587200015,34.17803547012253],[133.32204254100017,34.17797620412264],[133.32180270700005,34.17792380812253],[133.32164904700016,34.17789031012262],[133.321482928,34.17787914512269],[133.32136456800015,34.17789718212249],[133.32127839400016,34.177907489122504],[133.32118910500017,34.1778868741225],[133.32107697500007,34.17788945212258],[133.32095965300013,34.17789546412249],[133.320823643,34.1778233141226],[133.32065544800014,34.17772024112268],[133.32053501200002,34.177539864122586],[133.32037304500005,34.17729678312254],[133.3203107510001,34.17718254412248],[133.3202588390001,34.17704940812267],[133.32024741800012,34.17692657912251],[133.32024534200013,34.176783134122495],[133.32018304700023,34.17669208612261],[133.3200864900001,34.176601038122534],[133.320005508,34.17654348812262],[133.31977917000006,34.176467042122695],[133.31922578700002,34.17633991712247]]]},"properties":{"classLabel":"土砂災害警戒区域","phenomenon":"土石流","name":"神ヶ市川","areaCode":"349-1421-1","address":"魚島","noticeDate":"2015-03-10"}},{"type":"Feature","id":19,"geometry":{"type":"Polygon","coordinates":[[[133.3204830990002,34.17615653012255],[133.32016020600017,34.17609382712261],[133.32009791100006,34.176263040122656],[133.32000862200005,34.176358384122516],[133.3198964920002,34.17647004812247],[133.319800973,34.176579993122694],[133.3197895530003,34.17676209012256],[133.31968988200015,34.176922714122504],[133.31952895300003,34.177088489122646],[133.319348299,34.17724567612257],[133.31908977700013,34.177472437122596],[133.3189278110001,34.17761845612253],[133.31885928700012,34.17768459512254],[133.31877311300002,34.17784006312262],[133.31880945100022,34.17791479012251],[133.3189246960001,34.178055655122414],[133.3190908150001,34.17818964912265],[133.3192860050002,34.178339963122646],[133.31937114,34.178391498122515],[133.31950403600004,34.178454200122545],[133.31958605699998,34.178557271122614],[133.31967327000018,34.17866635512258],[133.31974283200012,34.17878231012254],[133.3197345260003,34.17893262312261],[133.31967949900016,34.17979326212268],[133.31992763900018,34.179674731122525],[133.31989753000002,34.179605158122605],[133.31999616300004,34.179555770122576],[133.32032840100007,34.17939773012262],[133.32036993100022,34.17950423612257],[133.32042391900006,34.17948705712266],[133.32037198200007,34.179352609122546],[133.32058486800003,34.17928705012255],[133.32085896000024,34.179202643122565],[133.32115822600034,34.17910858112264],[133.3211689520001,34.17917247212264],[133.32123545600032,34.17915383712265],[133.32120864,34.17893643012266],[133.32150146900008,34.17890271012253],[133.321497179,34.17881840812252],[133.32171707000012,34.17880066112253],[133.3220371330001,34.178838533122686],[133.32182347100002,34.17867838012259],[133.32155249000004,34.17846364812258],[133.321164187,34.178163022122604],[133.32083921700007,34.1779096361226],[133.32046960200037,34.17762532812256],[133.32035539500012,34.17731696812263],[133.3202588390001,34.17704940812267],[133.32027025900015,34.17693216212257],[133.32029933000015,34.17669079712262],[133.32039588600014,34.17651557212259],[133.32041872800008,34.176397895122506],[133.3204270340002,34.176309424122586],[133.3204830990002,34.17615653012255]]]},"properties":{"classLabel":"土砂災害警戒区域","phenomenon":"土石流","name":"神ヶ市川","areaCode":"349-1421-2","address":"魚島","noticeDate":"2015-03-10"}},{"type":"Feature","id":20,"geometry":{"type":"Polygon","coordinates":[[[133.32105148100027,34.177926422122546],[133.32098491900013,34.17804472912252],[133.32117576399997,34.17829940912259],[133.32139209000013,34.1785919481226],[133.321574143,34.17881219712258],[133.32171707000012,34.17880066112253],[133.3220371330001,34.178838533122686],[133.32229053100016,34.17885478112255],[133.32244745600008,34.17885403112242],[133.3225938480001,34.178865197122484],[133.322741916,34.17888513112263],[133.32287868000003,34.17891653512248],[133.323039364,34.1789524571225],[133.3231233470001,34.178983647122564],[133.32322578900005,34.179109480122605],[133.32331315100018,34.178969235122665],[133.32340415400017,34.17881393212266],[133.32343951500002,34.17873477512254],[133.32351751700003,34.17852655712258],[133.3235561370002,34.178364583122494],[133.3234327550001,34.178337913122604],[133.3232294290002,34.17831468212254],[133.32311918700012,34.17830177612255],[133.32311816000012,34.17829229112258],[133.32312958600014,34.1781348571227],[133.32314154700018,34.17807290712249],[133.3229236610001,34.17806129112264],[133.32277129700014,34.17806602412258],[133.32265668600033,34.178065204122525],[133.322607345,34.178056944122574],[133.32249106200024,34.17804491812262],[133.32226046800017,34.17802718712247],[133.3221888810001,34.177998912122554],[133.32209215900002,34.17797525112261],[133.321983476,34.177949007122585],[133.3218888330001,34.17791459112257],[133.321689148,34.177917602122555],[133.3212237350001,34.17792835812256],[133.32105148100027,34.177926422122546]]]},"properties":{"classLabel":"土砂災害警戒区域","phenomenon":"土石流","name":"神ヶ市川","areaCode":"349-1421-3","address":"魚島","noticeDate":"2015-03-10"}},{"type":"Feature","id":21,"geometry":{"type":"Polygon","coordinates":[[[133.31941408700015,34.17794814812264],[133.31926276200008,34.17805655912262],[133.3194068060002,34.17838480512261],[133.319491048,34.17846138212261],[133.31958673100004,34.17854914312254],[133.31964289200016,34.178614534122666],[133.31968085300005,34.17867003012243],[133.31968449400006,34.178905350122584],[133.31969697400007,34.17917809712265],[133.31970737399996,34.17956355512257],[133.31971330200008,34.17977711512252],[133.31992763900018,34.179674731122525],[133.31989753000002,34.179605158122605],[133.31999616300004,34.179555770122576],[133.32032840100007,34.17939773012262],[133.32036993100022,34.17950423612257],[133.32042391900006,34.17948705712266],[133.32037198200007,34.179352609122546],[133.32058486800003,34.17928705012255],[133.32085896000024,34.179202643122565],[133.32115822600034,34.17910858112264],[133.3211689520001,34.17917247212264],[133.32123545600032,34.17915383712265],[133.32122016600007,34.17902988312247],[133.3210396500001,34.178948370122576],[133.3207286810002,34.178812427122615],[133.32038859300027,34.17866185612252],[133.319948661,34.17845535812262],[133.31985921899997,34.17835985412259],[133.31969593400015,34.17823681512261],[133.31963561200004,34.17805526912269],[133.31941408700015,34.17794814812264]]]},"properties":{"classLabel":"土砂災害警戒区域","phenomenon":"土石流","name":"井ノ浦川","areaCode":"349-1422","address":"魚島","noticeDate":"2015-03-10"}},{"type":"Feature","id":22,"geometry":{"type":"Polygon","coordinates":[[[133.31821592600022,34.17912194612254],[133.31799454200004,34.17933354412268],[133.31809018800018,34.17938511012248],[133.31816971500007,34.17942245012254],[133.31822989700004,34.17969450412251],[133.31831479700034,34.18002345712258],[133.31842226500032,34.180437757122604],[133.31852006100007,34.180401306122505],[133.3184942680003,34.18036663212247],[133.31882957000005,34.180203935122634],[133.31921538000017,34.18001723312262],[133.31966137299997,34.17980741512247],[133.319780535,34.17974499912249],[133.3194356900001,34.17965716412263],[133.31850609000003,34.1794082261226],[133.3184201150003,34.17923219112249],[133.31827180900015,34.17915839812253],[133.31821592600022,34.17912194612254]]]},"properties":{"classLabel":"土砂災害警戒区域","phenomenon":"土石流","name":"松の浦川","areaCode":"349-1423","address":"魚島","noticeDate":"2015-03-10"}},{"type":"Feature","id":23,"geometry":{"type":"Polygon","coordinates":[[[133.20960566100007,34.24650624912173],[133.20942012100022,34.24684186212171],[133.2095565470001,34.24698711412169],[133.20984249700015,34.24733264812164],[133.2100826080002,34.247394899121765],[133.21026487400002,34.24750496512182],[133.21041439700002,34.247622247121726],[133.21050607500004,34.247753063121706],[133.21051480700018,34.24782974812177],[133.2105300860001,34.24793981212179],[133.2105650120002,34.24817167112168],[133.2105235380001,34.24833496312174],[133.21052135600004,34.24853073312171],[133.21053117800022,34.248731916121756],[133.21067633600015,34.24887355612176],[133.210669787,34.24925877812167],[133.21066542200012,34.24970354012168],[133.2107680150002,34.24984968912178],[133.21097101700013,34.24980728812174],[133.2111238150003,34.249775713121736],[133.21134318900008,34.24970985512174],[133.211486164,34.249672867121724],[133.21166624700007,34.249604304121654],[133.2118627010003,34.24953393512177],[133.21201331600028,34.24946717612167],[133.21223378100012,34.249357113121626],[133.21243351000018,34.24924975712171],[133.21263760400007,34.249127063121676],[133.21279694900025,34.24903143412169],[133.21243023500003,34.248858219121615],[133.21226979700006,34.24871387312156],[133.21206243000006,34.248600200121714],[133.211861609,34.24850817912167],[133.21170772000005,34.24837375712167],[133.2117295480002,34.2481536271218],[133.21155819700004,34.2480300301218],[133.21145997000028,34.2479145521216],[133.21126024100025,34.24773502012166],[133.21113254600004,34.24756090012171],[133.21096228600015,34.24737505212179],[133.21080621400003,34.24722980012171],[133.21071671800004,34.247154919121776],[133.21059884600012,34.24700335312167],[133.21044277400014,34.24685359012183],[133.21033363200002,34.24671826312174],[133.2100455000002,34.24662263112176],[133.20984577200008,34.246536924121735],[133.20960566100007,34.24650624912173]]]},"properties":{"classLabel":"土砂災害警戒区域","phenomenon":"土石流","name":"日比川","areaCode":"350-1424","address":"弓削日比","noticeDate":"2015-03-10"}},{"type":"Feature","id":24,"geometry":{"type":"Polygon","coordinates":[[[133.2187433900002,34.2680932611214],[133.218825517,34.268207569121465],[133.21908054000005,34.26815666612148],[133.21933340300004,34.26811648012156],[133.21952683200004,34.26805128912157],[133.2197850980001,34.267959306121426],[133.21987046600012,34.26791912012137],[133.21996880100005,34.26774765812142],[133.21998068900018,34.267654783121465],[133.2199882530001,34.26754494012154],[133.2200909100002,34.26745117212139],[133.22015466700017,34.26740205412142],[133.2203621430001,34.26732078812141],[133.2205004620001,34.26717433012144],[133.22065174700012,34.26692070612153],[133.22086570800005,34.26658760112148],[133.2208970460001,34.26652508812153],[133.220998623,34.26636701912146],[133.22106454000007,34.266197339121476],[133.2211196510001,34.26599461812146],[133.22114450500024,34.26584458512141],[133.22092298000007,34.26578385712161],[133.2209262210001,34.265728488121546],[133.22089380400016,34.26566508112151],[133.22063661800016,34.26572402312161],[133.22055449200002,34.26574634912145],[133.22037511100015,34.26567937012157],[133.220054169,34.26551058212143],[133.2199201740001,34.26542752812147],[133.21984777300017,34.26609285412148],[133.21977537200016,34.26664386312152],[133.219767808,34.26676531712152],[133.21970297200005,34.26695017612153],[133.21962624900002,34.26711538912158],[133.2195279130002,34.2672913181215],[133.21940148200025,34.267438668121414],[133.21912700700008,34.267688718121526],[133.21901138100003,34.267814636121436],[133.21889683600008,34.26797270312147],[133.2187433900002,34.2680932611214]]]},"properties":{"classLabel":"土砂災害警戒区域","phenomenon":"土石流","name":"上狩尾川","areaCode":"350-1426","address":"弓削狩尾","noticeDate":"2015-03-10"}},{"type":"Feature","id":25,"geometry":{"type":"Polygon","coordinates":[[[133.21922093200007,34.269139340121384],[133.2194764220003,34.269234865121405],[133.21955366300006,34.269053189121465],[133.21963306500007,34.26899292812138],[133.21973461200002,34.268918829121546],[133.21986208700014,34.26874474012141],[133.22011919700014,34.26837870712151],[133.2202153430001,34.26824300812155],[133.22038819000008,34.268043027121394],[133.220528628,34.26787429412152],[133.22068851300014,34.267680563121445],[133.22060208900007,34.26751629212148],[133.22055671600017,34.26742344412154],[133.2205264680001,34.26724399612147],[133.22059236600012,34.267057405121385],[133.22073712500003,34.26684581612134],[133.2208138260001,34.26675207412146],[133.22094130100024,34.26655298312148],[133.2210806590001,34.26635835612156],[133.22111090700017,34.2662753271216],[133.22114979800006,34.26607891312146],[133.22115438900013,34.265835851121345],[133.22092298000007,34.26578385712161],[133.2209262210001,34.265728488121546],[133.22089380400016,34.26566508112151],[133.22063661800016,34.26572402312161],[133.22055449200002,34.26574634912145],[133.22037684700015,34.26567269312147],[133.22005329900006,34.26549993712152],[133.2198318390001,34.26538298112146],[133.21960227600002,34.26520263512148],[133.21968437800012,34.26567849612145],[133.21976108,34.26609453712152],[133.2198518240001,34.266637351121496],[133.21983129900013,34.26677037612156],[133.21976108,34.26687929512142],[133.21969734200013,34.26697526912156],[133.2195525820002,34.267119007121515],[133.21944995500016,34.26728372412141],[133.2191879830003,34.267490848121454],[133.21926954500032,34.26793098512158],[133.21935704900008,34.268415757121524],[133.2193105970003,34.268593418121554],[133.2193149180001,34.26879607412145],[133.21928683000013,34.268977305121425],[133.21922093200007,34.269139340121384]]]},"properties":{"classLabel":"土砂災害警戒区域","phenomenon":"土石流","name":"狩尾川","areaCode":"350-1427","address":"弓削狩尾","noticeDate":"2015-03-10"}},{"type":"Feature","id":26,"geometry":{"type":"Polygon","coordinates":[[[133.21612406400004,34.27392951412138],[133.21605106100012,34.27368820912143],[133.21580771900003,34.2736406791214],[133.21556880099996,34.273655304121455],[133.21536527800012,34.27368820912143],[133.21518166500013,34.27363885212154],[133.21490956400012,34.27360594612147],[133.21473811800013,34.273661245121524],[133.21469276800008,34.27365484712131],[133.214481502,34.273684096121364],[133.21428019200002,34.273759047121416],[133.21405897100007,34.27378829612141],[133.2137625360002,34.273755391121476],[133.21363201500003,34.27373893812145],[133.21331788200004,34.273676784121434],[133.2117007610001,34.27333127712139],[133.2114773280001,34.273382464121426],[133.21130698800005,34.2735415061215],[133.21108134300016,34.27364936312143],[133.21087782000004,34.27374625012131],[133.2106411150002,34.273832170121345],[133.21052608000014,34.2738760431215],[133.2104287430002,34.27393088512147],[133.21031592000017,34.27399121112148],[133.21024070500005,34.27407895812128],[133.21012788300018,34.27418133012142],[133.2099885140001,34.27428370212133],[133.20970756400007,34.27422520312143],[133.20943325100006,34.274172189121344],[133.20945094900028,34.274426290121475],[133.20949298000008,34.27467490512134],[133.20953943600026,34.27493266012142],[133.2096102270001,34.27520869412133],[133.20967880500007,34.27540612112145],[133.20975180900004,34.2756017211213],[133.20984472100017,34.27582839612147],[133.21005266800026,34.27616292412146],[133.21020973400005,34.27642433012138],[133.21041768200007,34.27673143512132],[133.21072517800008,34.27710251912134],[133.2110437360002,34.27744618212136],[133.21219187000008,34.27648648212137],[133.21290420000028,34.275883237121484],[133.21351255700006,34.27535128012144],[133.21418396100026,34.27477818912138],[133.2145268530001,34.27448387412143],[133.214742156,34.27446112212135],[133.21495754200035,34.27435470712131],[133.21513690100016,34.274294687121305],[133.2153357560002,34.27420911812139],[133.21555774300023,34.27415363812152],[133.21575103300017,34.27412652312148],[133.21596699800023,34.274043311121446],[133.21612406400004,34.27392951412138]]]},"properties":{"classLabel":"土砂災害警戒区域","phenomenon":"土石流","name":"柳川上川","areaCode":"350-1431","address":"弓削上弓削","noticeDate":"2015-03-10"}},{"type":"Feature","id":27,"geometry":{"type":"Polygon","coordinates":[[[133.21521480700005,34.27072490412152],[133.21469114000013,34.27067058312146],[133.21458268200004,34.27096843912151],[133.214622121,34.27107889012144],[133.21452680900018,34.271256334121446],[133.21465389200011,34.271330572121514],[133.2146122610001,34.27147361412144],[133.2145772050001,34.271652869121475],[133.21445231300004,34.27177508812153],[133.2142619640001,34.27188553712148],[133.2141581620001,34.271985123121425],[133.21406946700017,34.27205482512146],[133.21399109200007,34.272110963121285],[133.21352603700004,34.2722553611214],[133.2133699230002,34.27235992612139],[133.21315958000005,34.27245317312141],[133.21300346600012,34.272578560121396],[133.21279860100015,34.27267271312146],[133.21262222000016,34.27278497112152],[133.21225302400026,34.2729008521214],[133.21190026100007,34.273009489121435],[133.21120569000007,34.273224047121396],[133.21099644300023,34.27328922912151],[133.21084087699998,34.273412352121454],[133.21073351400003,34.273586170121355],[133.21055822900007,34.273709292121374],[133.21033912100006,34.27377628412133],[133.21019889200008,34.27391026912138],[133.21003456200015,34.27403791712138],[133.20994034600014,34.27421082912149],[133.20955362100003,34.274323991121456],[133.2091373170001,34.27444530112139],[133.20873963800008,34.27456389412132],[133.20900804400014,34.27490881112135],[133.20926220900014,34.275205746121294],[133.20949774900006,34.27544836312142],[133.20968946800022,34.27563847312142],[133.2099195300002,34.27584306712135],[133.21013096900003,34.27600873312134],[133.21044429300005,34.276241389121445],[133.2107554250002,34.27646499312131],[133.2109175650003,34.27656909912137],[133.21124074800014,34.27602321712133],[133.21144670900006,34.27580142312146],[133.21163404600028,34.275657483121414],[133.21189806900006,34.27557510312133],[133.21200214500016,34.275547039121406],[133.21218838700005,34.2754800481214],[133.2123702460001,34.27547190012147],[133.21258058900003,34.27543025712133],[133.21288733900016,34.27528541112143],[133.21303304500015,34.27464718112138],[133.21312726200003,34.27427872612134],[133.21321709600022,34.273927017121416],[133.21328282800013,34.27373147212134],[133.213401694,34.27359477012143],[133.21353589700004,34.27343860612146],[133.2136136800002,34.27326297612125],[133.2137604820002,34.273119937121315],[133.2140064300001,34.273056565121436],[133.21441506500014,34.27292348412131],[133.21447751000002,34.272908546121336],[133.21467470700006,34.272815752121474],[133.21478973900003,34.27264645812149],[133.21502692200025,34.272586708121345],[133.21516550800018,34.272340914121436],[133.21523233600035,34.272163471121466],[133.21542679300015,34.271958415121524],[133.21544213000027,34.27148764612135],[133.2154213160002,34.270991525121424],[133.21521480700005,34.27072490412152]]]},"properties":{"classLabel":"土砂災害警戒区域","phenomenon":"土石流","name":"南柳川","areaCode":"350-1433","address":"弓削上弓削","noticeDate":"2015-03-10"}},{"type":"Feature","id":28,"geometry":{"type":"Polygon","coordinates":[[[133.206169581,34.26805293612145],[133.20648274300015,34.26776660212148],[133.20643721300033,34.267712455121384],[133.20622510599998,34.267575712121385],[133.20613182400015,34.26751789412143],[133.20577979400002,34.26742795612146],[133.2055121630003,34.267584890121434],[133.20523120400028,34.26761517512156],[133.205021319,34.267853787121396],[133.2048825060002,34.26794372512152],[133.204784782,34.26800796712148],[133.20457378600008,34.26809331612158],[133.20437333900006,34.26817866612144],[133.20419010600006,34.26827869812137],[133.20392580600006,34.26842002912151],[133.20388027500027,34.268464080121504],[133.20382141900004,34.268566866121446],[133.20378144100013,34.268675158121425],[133.20374035200012,34.26873389312136],[133.20370037400005,34.26879170912155],[133.20359376500002,34.26889357712144],[133.20346050500007,34.26904224912148],[133.20339831600018,34.26915696312134],[133.20323507200007,34.2693001281214],[133.20319953600006,34.269381806121395],[133.2030462860001,34.26943319712141],[133.20266205200014,34.269570856121405],[133.20222229100014,34.26973145712151],[133.2024632710002,34.26996455512143],[133.2026753780002,34.27015176912147],[133.20291746700005,34.27033439412152],[133.20310736400003,34.2704674621215],[133.2033650010003,34.27062347212142],[133.2035548980001,34.27073726712137],[133.20359487500014,34.27053445412138],[133.203701484,34.27038762112139],[133.20385584400015,34.27031603912154],[133.2039202540002,34.27028575512149],[133.2041645640003,34.27024721112154],[133.20437222900006,34.26998382812148],[133.2044644010001,34.26984708912144],[133.20452547900004,34.269664462121334],[133.20455990500022,34.26939373612158],[133.20450548900018,34.269161553121414],[133.20456989900006,34.269110160121514],[133.204655408,34.26892477912156],[133.20470093800006,34.26870085412157],[133.20490527100003,34.26852006212151],[133.20526951700012,34.26834477512151],[133.20555713800002,34.26820711512147],[133.20570039200007,34.2680676191215],[133.20587918400005,34.268005213121455],[133.206064639,34.268015308121484],[133.206169581,34.26805293612145]]]},"properties":{"classLabel":"土砂災害警戒区域","phenomenon":"土石流","name":"北引野川","areaCode":"350-1435","address":"弓削引野","noticeDate":"2015-03-10"}},{"type":"Feature","id":29,"geometry":{"type":"Polygon","coordinates":[[[133.20625823000012,34.2677969741216],[133.20624380800004,34.26748248512139],[133.20601192900025,34.267387129121545],[133.2055160000002,34.26756041912143],[133.20524751000002,34.267572339121536],[133.2050932940002,34.26768053012156],[133.2048924820001,34.267812561121474],[133.204804834,34.26785382012153],[133.20466726100003,34.26790974912134],[133.2044808710001,34.26802894412142],[133.204197958,34.268167392121484],[133.20407591700018,34.26824624212147],[133.20394832900024,34.26832784412141],[133.20386733900008,34.26842686612145],[133.20380604000013,34.26857929512129],[133.20374141400006,34.268697571121535],[133.20368150300024,34.26879155012144],[133.2036005120002,34.26890753412146],[133.20346571300016,34.26900242912137],[133.2032798770002,34.26920459712141],[133.2032432660001,34.269275654121536],[133.20319167500017,34.2693742161215],[133.20315090300014,34.26941020312154],[133.202934557,34.269450315121446],[133.20262002500004,34.2695965551215],[133.20219454600021,34.26973637512135],[133.20189776400014,34.269828977121556],[133.20210079600005,34.26997567412154],[133.20229938900002,34.27009394812156],[133.202661074,34.27031307512144],[133.20297949000005,34.270495528121494],[133.2030427290001,34.27054412112138],[133.2033411760002,34.27070915312139],[133.20355419200007,34.270829259121385],[133.20356029500007,34.27063443012146],[133.20359923400008,34.270528451121535],[133.2036315780001,34.27045702012139],[133.2037314280002,34.270384131121446],[133.20380243400015,34.27033095412144],[133.20400879500028,34.27026264812149],[133.20421660300005,34.270181210121436],[133.2043726980003,34.269944501121486],[133.20444314900033,34.26983402012154],[133.20448808199998,34.269762276121455],[133.2045631100001,34.26949615812141],[133.20470623100007,34.269290782121494],[133.20488818200013,34.26902855912142],[133.20515667200013,34.268587089121496],[133.20527316600024,34.26846514512156],[133.20544846100006,34.26834595212151],[133.20551946700002,34.26827535312149],[133.2056431720002,34.268095646121395],[133.20581680300012,34.26799341412147],[133.205992098,34.26791456312142],[133.20606254900005,34.267906770121414],[133.20625823000012,34.2677969741216]]]},"properties":{"classLabel":"土砂災害警戒区域","phenomenon":"土石流","name":"引野川","areaCode":"350-1436","address":"弓削引野","noticeDate":"2015-03-10"}},{"type":"Feature","id":30,"geometry":{"type":"Polygon","coordinates":[[[133.206129677,34.266994668121484],[133.20580044200028,34.267059712121494],[133.2058259380001,34.26719804612152],[133.20579489900013,34.26738126912151],[133.20570344500015,34.267483416121344],[133.20559757900017,34.267548002121394],[133.20547952100017,34.267596555121465],[133.20528109300005,34.26757640112156],[133.20513642900013,34.267659767121465],[133.20502003300007,34.267722520121445],[133.2047622990001,34.2678283311214],[133.2046226230001,34.26790940712133],[133.2044818390002,34.26799689512149],[133.20425126400005,34.26818057512145],[133.20406613800014,34.26827127012155],[133.20397713800003,34.2683925801215],[133.20385995100003,34.26866977412143],[133.20354124700035,34.26896613212149],[133.20339436600008,34.26910171412152],[133.2032702970001,34.26922319012146],[133.2031704420001,34.269399330121445],[133.20312651700004,34.26942669912148],[133.2029868410001,34.26948613012151],[133.2028028240001,34.269567203121454],[133.20217761000006,34.26977973712133],[133.202356084,34.26994188412138],[133.20252569000002,34.2700875411215],[133.20282721200005,34.27032022712153],[133.20311210600005,34.270507107121524],[133.20331385900036,34.27061795312148],[133.20357103900014,34.27074986912132],[133.2036031870001,34.270572149121385],[133.20361310600018,34.27049781712141],[133.20369630400012,34.27041595812151],[133.20375949,34.27035045812145],[133.2038747620003,34.27030714412142],[133.20397399200036,34.270267552121545],[133.204177962,34.27024648212135],[133.2044194010001,34.26991384712149],[133.20447091900016,34.26982759912144],[133.20455153800015,34.26952117012146],[133.20456220800017,34.2693352041215],[133.20491139700005,34.26884417612153],[133.20511093300004,34.26856385012146],[133.20530603500018,34.268298180121484],[133.20552330800012,34.268189163121406],[133.2056022910001,34.2681385491215],[133.2058159610001,34.268012584121514],[133.20590473200002,34.26795386212147],[133.20608852799998,34.26768750912144],[133.2061047350002,34.267405660121575],[133.20616736600005,34.26722243712129],[133.206129677,34.266994668121484]]]},"properties":{"classLabel":"土砂災害警戒区域","phenomenon":"土石流","name":"南引野川","areaCode":"350-1437","address":"弓削引野","noticeDate":"2015-03-10"}},{"type":"Feature","id":31,"geometry":{"type":"Polygon","coordinates":[[[133.20196770500004,34.26501816912146],[133.2021669730001,34.264714419121525],[133.20192120900003,34.26464122612146],[133.20172636900006,34.26444909412158],[133.20123926900013,34.26398614612143],[133.20026728300002,34.263063901121555],[133.19935507700018,34.262207521121525],[133.19985546200007,34.26326518512149],[133.19995731000017,34.263477449121545],[133.2000923700001,34.26349757612153],[133.20015215000006,34.2636750721215],[133.20020307400011,34.26412704312138],[133.20022964400013,34.26435028312147],[133.2001875760001,34.264613778121436],[133.20017872,34.26503097812156],[133.20116841800018,34.26485897512145],[133.20120162900002,34.264862635121595],[133.20138982700033,34.264871784121524],[133.2015470270002,34.26490106112158],[133.2016710170001,34.26493308212161],[133.2018304310002,34.2649449771214],[133.20196770500004,34.26501816912146]]]},"properties":{"classLabel":"土砂災害警戒区域","phenomenon":"土石流","name":"上明神川","areaCode":"350-1438","address":"弓削明神","noticeDate":"2015-03-10"}},{"type":"Feature","id":32,"geometry":{"type":"Polygon","coordinates":[[[133.20296125800004,34.263489248121495],[133.2030454080001,34.26316933412153],[133.2028142760001,34.26303673112145],[133.20267402600004,34.26294956612145],[133.20248553000008,34.262870746121536],[133.2022734720001,34.26283736312151],[133.20208722000018,34.2627075431216],[133.20182355000009,34.262465519121484],[133.20121318200015,34.26189801212154],[133.19988922200002,34.260653562121604],[133.19940676200005,34.26134904712154],[133.19929231800006,34.26153079912167],[133.1992586580001,34.26161240212154],[133.1992249980003,34.26175891612158],[133.19923621799998,34.2618794661216],[133.1992653900002,34.26198332312156],[133.19936637000012,34.26218362012153],[133.1996479920001,34.262795636121545],[133.19987088500022,34.26329733012152],[133.19967884700006,34.26345725612154],[133.19976804600014,34.263545348121525],[133.19990324700007,34.26345308312155],[133.20008557200018,34.26348600212143],[133.2000923700001,34.26349757612153],[133.20014672100012,34.26367980412155],[133.20053268900006,34.263611186121544],[133.20097419600006,34.263529121121586],[133.20171471600008,34.26340022812144],[133.20209507400008,34.26332882812161],[133.20229254600008,34.263425265121505],[133.20250797000017,34.263459575121495],[133.2027132960001,34.26350501112155],[133.20296125800004,34.263489248121495]]]},"properties":{"classLabel":"土砂災害警戒区域","phenomenon":"土石流","name":"明神川","areaCode":"350-1439","address":"弓削明神","noticeDate":"2015-03-10"}},{"type":"Feature","id":33,"geometry":{"type":"Polygon","coordinates":[[[133.20290155300012,34.2618987341216],[133.20304266000002,34.2616782461216],[133.20285635500014,34.261525181121534],[133.20272076,34.26148691412144],[133.20239665400004,34.26114524812161],[133.20177269600026,34.260463733121654],[133.20039910600033,34.25895126212164],[133.1996141960002,34.25959998812152],[133.2000672830003,34.259971728121485],[133.19990523000013,34.26011113012154],[133.2001753180001,34.2603261541215],[133.19987656700013,34.260612246121546],[133.19982696000022,34.260661446121546],[133.19945324600002,34.26119535912154],[133.19921733300006,34.26153884712157],[133.1991754410001,34.26171195712148],[133.199178748,34.261805801121476],[133.1991831580001,34.26189509012151],[133.1992316630001,34.26203084412157],[133.19978947800018,34.26198893312147],[133.20045863500002,34.261926978121615],[133.20140669900013,34.2618395131216],[133.202282005,34.26175569012161],[133.20250799600004,34.261794868121505],[133.2026270560001,34.26179669012146],[133.2027295790001,34.26182129012158],[133.20290155300012,34.2618987341216]]]},"properties":{"classLabel":"土砂災害警戒区域","phenomenon":"土石流","name":"南明神川","areaCode":"350-1440","address":"弓削明神","noticeDate":"2015-03-10"}},{"type":"Feature","id":34,"geometry":{"type":"Polygon","coordinates":[[[133.17203573,34.27844275012138],[133.17231239400007,34.27850806712133],[133.17250781500002,34.278306673121385],[133.1725319680003,34.27822502612134],[133.17271641099995,34.277972828121385],[133.1728415680003,34.27778050412126],[133.1728745050001,34.27753374812131],[133.17288548300027,34.277404927121395],[133.17282619800028,34.27735956712139],[133.17274495600032,34.277361381121345],[133.17267030000002,34.27731783612143],[133.172652735,34.27725977612141],[133.17262638500006,34.27713095412139],[133.17259564500011,34.27704386312134],[133.17246170500007,34.276867867121396],[133.17241120300017,34.27679166212144],[133.17237387500006,34.276710014121385],[133.17232117700016,34.27659389212136],[133.17228165400005,34.27642152312147],[133.17223115100032,34.27636709112134],[133.17206647100022,34.276321731121314],[133.17191716000005,34.2762164951213],[133.17179639500014,34.27614391912133],[133.17171625000012,34.276107630121295],[133.17167123700006,34.27606952812133],[133.1716328120001,34.27601509512141],[133.17161853900004,34.27597608412138],[133.1715801140002,34.27594796212143],[133.17151753599998,34.27591802312132],[133.17143629300014,34.275917116121335],[133.17134846300013,34.27586722012125],[133.17133968000007,34.275855426121424],[133.17129905900015,34.27548619012144],[133.17111681200004,34.27558689112135],[133.1709378590001,34.27568668412124],[133.17077208000012,34.27581369412126],[133.17058544200015,34.27596066212133],[133.1704405240002,34.27608222812129],[133.17022094900028,34.276303587121376],[133.1700716390002,34.27647232712136],[133.17084673600013,34.27671182812138],[133.17150985000012,34.27690778312135],[133.17164598600016,34.27696040112142],[133.17175796900003,34.27703206912131],[133.17185019000024,34.277145469121365],[133.1718930070001,34.27722439612134],[133.17201706700007,34.27731602212121],[133.17213014700016,34.27738769012131],[133.1721608880001,34.27743305012132],[133.17221358600023,34.27746570912134],[133.1721784540001,34.2775400991214],[133.1721784540001,34.27762174612129],[133.17215539900008,34.27779683412143],[133.1721005050002,34.277901161121164],[133.172063178,34.27800911612138],[133.17206427500003,34.278160616121326],[133.17204890500022,34.27826448912132],[133.17203573,34.27844275012138]]]},"properties":{"classLabel":"土砂災害警戒区域","phenomenon":"土石流","name":"大江谷川","areaCode":"351-1441","address":"生名","noticeDate":"2015-03-10"}},{"type":"Feature","id":35,"geometry":{"type":"Polygon","coordinates":[[[133.18067024299998,34.261465296121635],[133.1805788280001,34.26162539312167],[133.18073445000005,34.261801679121604],[133.18083130500034,34.26187093412163],[133.18090748300003,34.26192310012147],[133.18114254700018,34.26199055612155],[133.18142331800001,34.262057113121664],[133.18167905900003,34.26211197712159],[133.1817443540001,34.26213086512149],[133.181902152,34.26230535212147],[133.18208497999998,34.26250861812158],[133.1823918690003,34.262846796121494],[133.18241689900003,34.26271368312164],[133.18242669200004,34.2626705121215],[133.18242887000005,34.262620145121524],[133.18243866300008,34.26254549412146],[133.1824549880001,34.26244745812147],[133.18247893000012,34.262362014121535],[133.18250069400017,34.262265777121456],[133.1825834020001,34.26216054512146],[133.18264869700013,34.262057113121664],[133.18268896400014,34.261984260121615],[133.18270855200015,34.26187633112164],[133.18275208200018,34.2617261281215],[133.18280323000005,34.26165327512168],[133.18280649500014,34.2615336521216],[133.18286961400008,34.26136276212165],[133.1825757840002,34.26139604112147],[133.18167035300004,34.26148688212144],[133.1813471400001,34.26152016112166],[133.1811273110003,34.261462598121604],[133.1809292480002,34.26148058612157],[133.18087918900002,34.26148958012147],[133.18077362700004,34.26149407812147],[133.18067024299998,34.261465296121635]]]},"properties":{"classLabel":"土砂災害警戒区域","phenomenon":"土石流","name":"稲浦川","areaCode":"351-1442-1","address":"生名","noticeDate":"2015-03-10"}},{"type":"Feature","id":36,"geometry":{"type":"Polygon","coordinates":[[[133.18060700700005,34.261690134121565],[133.18068639500004,34.26186674912153],[133.1807924270001,34.26187169112153],[133.18106865500005,34.26199527612165],[133.18128343800015,34.26200561212157],[133.181501483,34.262051451121586],[133.18171463500005,34.26210582812151],[133.1819315940002,34.26216559812164],[133.1820207700002,34.262187169121546],[133.18215344600003,34.26222851312161],[133.18228829700013,34.262293227121475],[133.18247004800008,34.26239370912157],[133.1825009050001,34.26234221112162],[133.18250069400017,34.262265777121456],[133.18255528100016,34.262215032121645],[133.18261264700024,34.262106502121526],[133.18266443700008,34.26202863612147],[133.18268387900014,34.26196213312164],[133.18274369200003,34.26178282312147],[133.18276489800013,34.261502847121555],[133.18277305500013,34.26140847312162],[133.18279643600013,34.26124084612146],[133.18279480500007,34.261101980121595],[133.1827746860001,34.26096176612154],[133.1825740400002,34.26105524312157],[133.18198678500005,34.26132218712157],[133.181508825,34.2615396971215],[133.18128806,34.26154688812159],[133.1810736850001,34.261463861121605],[133.180942368,34.26151509312155],[133.18067756000016,34.26162025212147],[133.18060700700005,34.261690134121565]]]},"properties":{"classLabel":"土砂災害警戒区域","phenomenon":"土石流","name":"稲浦川","areaCode":"351-1442-2","address":"生名","noticeDate":"2015-03-10"}},{"type":"Feature","id":37,"geometry":{"type":"Polygon","coordinates":[[[133.17852224800015,34.26259775212155],[133.17814265900003,34.26231271712151],[133.17800166900028,34.2623414001216],[133.17787803200008,34.26257355112154],[133.1780797560001,34.26276984812149],[133.17819580200006,34.262932084121495],[133.17828581900002,34.263110453121556],[133.1784072870001,34.26325476212146],[133.1784810360001,34.263425961121534],[133.17859816600003,34.26357923212152],[133.17875434000018,34.26370920012146],[133.17884761000005,34.263881293121564],[133.17895823300023,34.26403546012143],[133.17902547399999,34.26420665712148],[133.179102476,34.2643644091216],[133.17918273300018,34.264526642121524],[133.17922177600008,34.264683496121535],[133.1792890170001,34.26487082612148],[133.17940506300008,34.26498734612152],[133.17949941800023,34.26508235512148],[133.17972174800016,34.265175570121464],[133.17988659900018,34.26529926112145],[133.18021629800012,34.26529477912147],[133.18044079800006,34.26530105412157],[133.1806522830001,34.26538709912141],[133.1808887120002,34.26534766212145],[133.18113273300006,34.26535841712154],[133.1813453040002,34.26533152812157],[133.18158064799997,34.26531270512151],[133.18180514800017,34.265232934121535],[133.1818870310001,34.265272820121396],[133.18201012600005,34.265270579121584],[133.182094719,34.26534049112147],[133.1822715000001,34.26548748512154],[133.18236585400018,34.26567301912144],[133.1824732240002,34.265868413121495],[133.18250359100006,34.26591502112158],[133.18265759500025,34.26610682912148],[133.1828040080001,34.2659087471216],[133.18308815700007,34.265490174121574],[133.183058875,34.265483003121524],[133.1826749480002,34.265149578121445],[133.1824428570001,34.265097592121535],[133.18239188300012,34.2650608431214],[133.18239622200008,34.2650357461216],[133.18233006500023,34.26496852412157],[133.18229644400012,34.26495418212157],[133.18223679400035,34.26495597512151],[133.18199168900003,34.26477492012149],[133.18159149400003,34.26479105412158],[133.1814342360002,34.264844833121536],[133.18124769500014,34.26493446412156],[133.18104814,34.265000791121416],[133.18092124900008,34.26502230212156],[133.18086810599996,34.265032162121464],[133.18065553600024,34.26493715312153],[133.18044079800006,34.26492191612154],[133.18023907400004,34.2649613531215],[133.18017400100004,34.26492818912152],[133.17995058600002,34.26489054412145],[133.17978573600007,34.264820632121456],[133.1797174100001,34.26472024512151],[133.17967619800007,34.26452395312137],[133.17960461800018,34.26436172012149],[133.17939096400002,34.26423175412152],[133.17925105900034,34.264094617121465],[133.17912633600022,34.26394224312165],[133.17909597000002,34.26374505212158],[133.179008122,34.26348153312158],[133.178885569,34.263234147121466],[133.17872180300006,34.263080875121624],[133.17851465700014,34.26298407112162],[133.17854827700012,34.262779707121545],[133.17852224800015,34.26259775212155]]]},"properties":{"classLabel":"土砂災害警戒区域","phenomenon":"土石流","name":"奥里川","areaCode":"351-1443","address":"生名","noticeDate":"2015-03-10"}},{"type":"Feature","id":38,"geometry":{"type":"Polygon","coordinates":[[[133.14142150800015,34.24926544512177],[133.14166929700008,34.24904459412169],[133.14158095500008,34.24892526312172],[133.1415421700002,34.2486946151218],[133.14145490600004,34.24865810312178],[133.14139780700023,34.24860556112171],[133.14122543200003,34.24849780712171],[133.14107029400023,34.2484078631216],[133.14100134400016,34.248227974121804],[133.1409905710001,34.24807034912165],[133.14102720100024,34.24778448512176],[133.1410239680001,34.247698102121724],[133.14098841600003,34.24755116212179],[133.14096687000014,34.2473303071217],[133.14099488100007,34.24706670412169],[133.140993803,34.24688414012163],[133.14104982500015,34.246706920121774],[133.1411683330002,34.246543948121754],[133.14121142700003,34.24636138412168],[133.141380569,34.24618327312168],[133.14206468100016,34.245473493121764],[133.14316033900005,34.2443299961217],[133.1429847320002,34.24429348212174],[133.14300196900018,34.24424271912171],[133.1425257840002,34.24412961512181],[133.1424018900001,34.24441816312168],[133.1416596000001,34.24448139512176],[133.14154540300004,34.244550859121794],[133.14144844100034,34.24456154612175],[133.14134286200022,34.24454195312175],[133.14105198000013,34.24449208112173],[133.140879605,34.244431522121815],[133.14064905400014,34.2444172731218],[133.1401664050003,34.2443798681218],[133.14007806200004,34.24435315012168],[133.14003712400023,34.24432465312173],[133.14000264800018,34.24426943612175],[133.13989922300001,34.24411447512176],[133.1398927600003,34.244075290121856],[133.13989922300001,34.24397732612174],[133.13937779000014,34.243751116121835],[133.13965143500016,34.244711163121764],[133.1397139210002,34.24486078012178],[133.1398065720001,34.24510479712183],[133.13973546799997,34.24527222412169],[133.14023535500027,34.24632843412172],[133.14037109900016,34.246631223121774],[133.1402741390001,34.2468022091217],[133.14028491200006,34.246989226121634],[133.14024828300012,34.24716021212179],[133.14006513500013,34.247324073121774],[133.14008883500023,34.24750930712179],[133.14002850400013,34.24772659912182],[133.1399358540001,34.24806856712171],[133.13996386400012,34.248360664121826],[133.14000264800018,34.24858329912154],[133.140153476,34.248793465121736],[133.14039695600013,34.24898403812167],[133.14069645700008,34.24908377812178],[133.14084728500018,34.24911494612169],[133.14119647500024,34.24921537112172],[133.14142150800015,34.24926544512177]]]},"properties":{"classLabel":"土砂災害警戒区域","phenomenon":"土石流","name":"由之左近川","areaCode":"352-1444","address":"岩城","noticeDate":"2015-03-10"}},{"type":"Feature","id":39,"geometry":{"type":"Polygon","coordinates":[[[133.14499693300016,34.25065375612176],[133.14538901200012,34.25090243212175],[133.14578217900007,34.25069774512174],[133.14589078800006,34.250556799121654],[133.145950523,34.25049754812163],[133.14606564900006,34.25039251112174],[133.1461232120001,34.250221041121804],[133.14625137100015,34.250059445121735],[133.14645447100006,34.24982962012162],[133.146512034,34.24977306112163],[133.14664019200006,34.249682388121705],[133.14674337200003,34.24962044312163],[133.14684220600006,34.24957286112158],[133.14696384900014,34.249417549121766],[133.1470235840001,34.24923530412167],[133.14720387600005,34.249119493121746],[133.1472799020003,34.248945326121685],[133.14737222000008,34.248774750121775],[133.14754708100008,34.248567366121655],[133.14762636600014,34.24848297612172],[133.14782837900003,34.24841384812179],[133.14812814100003,34.24830880812179],[133.14899918900016,34.247995485121635],[133.14907630100015,34.24781772612158],[133.14921966600002,34.24767318312164],[133.149259851,34.247481956121746],[133.1492012020001,34.24713271812163],[133.14924030100022,34.247017802121704],[133.1495530960001,34.246758341121854],[133.1499799310001,34.24660930812165],[133.14983765300008,34.24650247212165],[133.14958893700006,34.246333686121744],[133.14932175800027,34.24616490112178],[133.1489763800001,34.24595661212172],[133.14872440600004,34.24583092112169],[133.14851370400007,34.24589107312172],[133.14847677700004,34.24586054812176],[133.14832363800005,34.24588658412177],[133.14828671100022,34.2457941111218],[133.1483279820003,34.24565046312164],[133.14805863100014,34.245535545121754],[133.14755034000004,34.245356882121825],[133.1472538360002,34.24527248812177],[133.14707571600024,34.24522310912167],[133.14664236500008,34.24512794212171],[133.1466553980001,34.24531019612172],[133.14655221900017,34.24547449412173],[133.14640451100001,34.24554093112164],[133.14629155700007,34.245541829121755],[133.14620032500022,34.24552926012164],[133.1460091720003,34.24547988012168],[133.1459244570001,34.246042801121796],[133.1458549470001,34.24649618612178],[133.1457637150001,34.24708334012176],[133.1456703100001,34.24767138712173],[133.14564641700017,34.247970347121694],[133.14555735700014,34.24821454212175],[133.14552694700012,34.24843359912169],[133.14530864200003,34.248738840121625],[133.14525542300024,34.24976498212161],[133.14521958200032,34.249953510121784],[133.14515767400022,34.250087276121604],[133.14513812500022,34.25017346012164],[133.1450740460002,34.25025784812165],[133.14504472000007,34.25046433112165],[133.14499693300016,34.25065375612176]]]},"properties":{"classLabel":"土砂災害警戒区域","phenomenon":"土石流","name":"由之左近川","areaCode":"352-1446","address":"岩城","noticeDate":"2015-03-10"}},{"type":"Feature","id":40,"geometry":{"type":"Polygon","coordinates":[[[133.1459934840001,34.25074241512176],[133.14643040100012,34.2511538721218],[133.14668037900012,34.25103349012175],[133.14686297199998,34.25093107512175],[133.14694992100013,34.25075499312169],[133.14714881600028,34.25065437412169],[133.14748356900017,34.2505582481217],[133.14783897200016,34.25044145812162],[133.14803243300017,34.250297717121676],[133.1484726110001,34.24998328212173],[133.14859216500008,34.24990152912163],[133.14874867400007,34.24974970112171],[133.14892800600026,34.24958529612167],[133.14911277100012,34.24946311412169],[133.14918233000014,34.24929062212169],[133.1491073380001,34.249080397121645],[133.14913559500008,34.24887196912171],[133.14913342200026,34.248621316121714],[133.14911603200017,34.248152348121806],[133.1490823390001,34.24777052512178],[133.14922879399998,34.24761015812172],[133.1492369450001,34.24752548312168],[133.14910108700008,34.2473794911217],[133.14922825100007,34.24685032212175],[133.1496216940001,34.24644064112166],[133.14984776000006,34.24620165912184],[133.14998905200002,34.24602017712169],[133.1500488300001,34.24588900612179],[133.150043395,34.24572369512168],[133.1500760010001,34.24562936012179],[133.15003144,34.245416430121736],[133.1500118770001,34.24531221112173],[133.1500238320001,34.245174750121684],[133.15000752900005,34.2450381871218],[133.14999557400006,34.24493666412189],[133.14949235700007,34.245163969121776],[133.14967277600022,34.24546674212182],[133.14936845500017,34.24560869512177],[133.14885545700017,34.245776702121674],[133.14867354200013,34.24584544212172],[133.14850481300024,34.24588372412169],[133.14847677700004,34.24586054812176],[133.14832363800005,34.24588658412177],[133.14828671100022,34.2457941111218],[133.14836202300023,34.24576547212163],[133.148329417,34.24571426112181],[133.1484875550001,34.24546225012182],[133.1484734260001,34.24537869612165],[133.14872449100014,34.24511545412173],[133.1480386820003,34.24518193812173],[133.1480397690002,34.24520709512181],[133.14759741700016,34.245254711121795],[133.14762132800013,34.24507322712164],[133.14744960400012,34.24504268012173],[133.14702790300007,34.24494744512175],[133.14697247300012,34.244945648121714],[133.14696921200016,34.245018422121625],[133.1466540230001,34.24501752412179],[133.1466491320001,34.24530008312182],[133.1465627270002,34.245473930121705],[133.1463219870002,34.245470336121784],[133.1463089440002,34.24544967212183],[133.14622634300008,34.24541957512169],[133.1461828690002,34.24550672312165],[133.14581170600016,34.24540879412184],[133.1453753320001,34.24529109812172],[133.14558074900017,34.24572953412172],[133.1459502810003,34.24651835512171],[133.14624373300023,34.24714904612173],[133.1465002320001,34.24770246912174],[133.1467458630001,34.2482073761217],[133.14681324800003,34.24852181812178],[133.14690237000008,34.248928793121614],[133.14686867800006,34.2492710821218],[133.146859982,34.249351938121755],[133.14686759000008,34.24951903912178],[133.14673390700014,34.25012455312157],[133.1465741380001,34.2502278671216],[133.1465632700001,34.250247632121656],[133.14646871300022,34.25041832512173],[133.1459934840001,34.25074241512176]]]},"properties":{"classLabel":"土砂災害警戒区域","phenomenon":"土石流","name":"西高原川","areaCode":"352-1447","address":"岩城","noticeDate":"2015-03-10"}},{"type":"Feature","id":41,"geometry":{"type":"Polygon","coordinates":[[[133.14688245900015,34.25223501012168],[133.1471980690002,34.25225210212169],[133.14739396500016,34.252126164121734],[133.14755285800018,34.25197503712174],[133.14794247300023,34.25165838912169],[133.14822652200007,34.25142989912177],[133.14844853700004,34.25124368712165],[133.14859219400012,34.25097831312172],[133.1489143340001,34.250383691121726],[133.1492778290001,34.249705404121585],[133.14927238800007,34.24950479512166],[133.14919947100014,34.249312282121636],[133.14914505600007,34.24912516612162],[133.14913852600026,34.248940750121825],[133.14918532300007,34.24874643612175],[133.1491483210001,34.24835600912169],[133.14911527700022,34.248015095121644],[133.1490770360001,34.24782704012169],[133.14915675499998,34.24746854512177],[133.14914913700008,34.24734979612166],[133.14915675499998,34.2471163461217],[133.14928245500016,34.246930575121716],[133.1494685560002,34.24662425412165],[133.1495131760001,34.24653564112171],[133.14977981300007,34.24630083912181],[133.14995611900008,34.24613980612165],[133.1499838710001,34.246048944121675],[133.14975314900002,34.24597652412172],[133.14928129600008,34.24584760212166],[133.1489037230001,34.24576780912179],[133.14875761700023,34.2458204381218],[133.14867354200013,34.24584544212172],[133.14851302699995,34.245881860121706],[133.14847677700004,34.24586054812176],[133.1483321800001,34.245885132121835],[133.14826134800012,34.24571698012178],[133.14823250800018,34.24565827912176],[133.14773841500028,34.24561104812173],[133.14726173500017,34.24558226012185],[133.1464025140001,34.245546949121795],[133.14668874000003,34.246274750121714],[133.1468944300002,34.246819922121716],[133.1471458300002,34.24746044812176],[133.14729601700023,34.247853579121646],[133.14745980799998,34.24824085912173],[133.1475544900001,34.24846756012174],[133.14761108200014,34.248846291121716],[133.14754034200016,34.24902261212163],[133.14722908600015,34.24951289112163],[133.14702230600008,34.24984843812177],[133.14707236900003,34.25003915012174],[133.14713984400007,34.25017498812174],[133.14723996800004,34.250470051121574],[133.14733682800022,34.25078130612168],[133.1473237690001,34.250811891121614],[133.14711699000011,34.251140236121735],[133.1471441980001,34.25132824712171],[133.14701468800004,34.25148927012163],[133.14703972000007,34.25167818012162],[133.1469918340002,34.25185089612171],[133.14690585800005,34.252039805121605],[133.14688245900015,34.25223501012168]]]},"properties":{"classLabel":"土砂災害警戒区域","phenomenon":"土石流","name":"高原川","areaCode":"352-1448","address":"岩城","noticeDate":"2015-03-10"}},{"type":"Feature","id":42,"geometry":{"type":"Polygon","coordinates":[[[133.14789209000014,34.25214500212166],[133.14884985500007,34.25272255112167],[133.14914806800013,34.25227094712175],[133.14951158300005,34.25171678612178],[133.14961171299998,34.25157374612171],[133.1497074890001,34.25139382212166],[133.1498653030001,34.251005186121766],[133.1499077500001,34.25059045912176],[133.15016678100014,34.25024050212166],[133.150624985,34.24960895812159],[133.150705524,34.24949380512165],[133.15123882400005,34.24860495512168],[133.1522836590001,34.248416028121696],[133.15347868800012,34.24820011212167],[133.15375078000008,34.248149732121725],[133.15356358100018,34.24810474912168],[133.15332631600015,34.24797699712174],[133.15322509800012,34.24795540612163],[133.15313694000005,34.24790592512175],[133.152991099,34.2477997651216],[133.1526243180001,34.24750377712169],[133.1525263650001,34.24745879512166],[133.15250133200024,34.247307651121815],[133.15247412300002,34.247241975121604],[133.15250459800006,34.24719159412169],[133.152479565,34.247134016121755],[133.1524251470001,34.24706474112177],[133.15241535200005,34.24703415312179],[133.15239793700016,34.24695498212184],[133.15238814300005,34.24691089912167],[133.15236202200012,34.24683262712169],[133.15236746399998,34.24669587712167],[133.15235984500018,34.246564526121645],[133.15232284000015,34.24650064912163],[133.1523359000001,34.246371996121745],[133.15234624,34.24625188912174],[133.15242242600016,34.24619790912171],[133.15244092800003,34.24616192212182],[133.15243984000017,34.246129534121806],[133.15234406300013,34.24597029112162],[133.1522286960001,34.24587132612168],[133.15218298500028,34.24580654912176],[133.15209591500002,34.24567339712171],[133.15204582900003,34.24566966612167],[133.15200666900012,34.24571838112176],[133.15191307000012,34.24574717112167],[133.15178899500003,34.24571928012178],[133.1516137680001,34.24629147512172],[133.15126004799998,34.24742865612183],[133.15117515500003,34.24768236012168],[133.15111529400016,34.24790817412181],[133.1509270070002,34.24805391812167],[133.15073545399997,34.24813038912167],[133.15043833000016,34.2484812541216],[133.14994856300018,34.24906152712175],[133.14964273200016,34.24943847712168],[133.14933363500003,34.24966428612165],[133.14919947100014,34.249312282121636],[133.14914505600007,34.24912516612162],[133.14913852600026,34.248940750121825],[133.14918532300007,34.24874643612175],[133.14918779400026,34.24839668712166],[133.14906372000007,34.248232050121786],[133.14911324000022,34.24804942012182],[133.14910820600005,34.24786431612174],[133.1492154110001,34.24768573412177],[133.14925553500007,34.247502494121676],[133.14913922500023,34.24727323812173],[133.1491522860001,34.247073963121686],[133.14916208100013,34.24678112112178],[133.14933404300015,34.246508521121754],[133.149551717,34.24615315012176],[133.1497051770001,34.245907538121685],[133.15002216400012,34.2454073161217],[133.1500047500001,34.24530520212182],[133.15002318400005,34.24518219612171],[133.15000692700005,34.24492643312182],[133.1499742320001,34.24494630412176],[133.14949235700007,34.245163969121776],[133.14952133900024,34.245212606121775],[133.14949811500003,34.24522378012183],[133.14964987100018,34.24547742612159],[133.14914820400003,34.24569611312168],[133.14884835900006,34.24579507812182],[133.14862850800012,34.245864804121666],[133.14850307300011,34.2458935931217],[133.14848760100006,34.245869496121756],[133.14832363800005,34.24588658412177],[133.14828671100022,34.2457941111218],[133.14836202300023,34.24576547212163],[133.148329417,34.24571426112181],[133.14849382200018,34.24545544912166],[133.14847151100003,34.24536952912169],[133.14857925900006,34.245138310121845],[133.1480386820003,34.24518193812173],[133.1480397690002,34.24520709512181],[133.14758612300014,34.24525751812175],[133.14761115500008,34.24508118012173],[133.147426676,34.24503169712184],[133.14735593300006,34.24501190412182],[133.1473251720001,34.245014578121726],[133.14698153400013,34.24495252412172],[133.146979901,34.24502809812178],[133.1466491320001,34.24530008312182],[133.1465627270002,34.245473930121705],[133.14631381900017,34.24547119312178],[133.14622104400001,34.24543019612181],[133.1461866840001,34.24549907412182],[133.14607274500005,34.24545859712179],[133.14627572700022,34.245731201121764],[133.14689718500014,34.246516618121625],[133.14697010599997,34.24669385412175],[133.14696793000005,34.24705237112161],[133.1472019290003,34.24756787812178],[133.14744137000014,34.248101151121745],[133.14761115500008,34.248471807121646],[133.1476307460001,34.24901609412164],[133.14764271800001,34.24919062512154],[133.1476949600002,34.24945062212169],[133.14773740600015,34.24966833412166],[133.14785168400007,34.25021531312161],[133.14792678199996,34.25059180812163],[133.14796922800008,34.25085180012163],[133.14785930300002,34.251414064121576],[133.14788869000003,34.25196013212157],[133.14789209000014,34.25214500212166]]]},"properties":{"classLabel":"土砂災害警戒区域","phenomenon":"土石流","name":"東高原川","areaCode":"352-1449","address":"岩城","noticeDate":"2015-03-10"}},{"type":"Feature","id":43,"geometry":{"type":"Polygon","coordinates":[[[133.14973816300005,34.252496849121734],[133.15039523700023,34.25259901912166],[133.15055354300011,34.252317603121675],[133.15065438000022,34.25225576312175],[133.15082135999998,34.25221632912157],[133.15089726000008,34.25204066712165],[133.15106857600003,34.25183274012164],[133.15151530000003,34.25126810912174],[133.15154891300008,34.251095134121734],[133.15159011600022,34.25097234912174],[133.1516768580001,34.25073663512161],[133.15171589200008,34.25059323612177],[133.15185468100015,34.25042563612176],[133.15204009200008,34.2503145021216],[133.1521496060003,34.25015496812169],[133.152233095,34.25001246412162],[133.15227863500002,34.249829627121656],[133.1522905620001,34.249646790121524],[133.15243910800004,34.249492634121644],[133.152680904,34.24935550512174],[133.15284246100015,34.249262294121756],[133.15304847500033,34.24908304112179],[133.15313955500005,34.248991622121785],[133.153459418,34.24880699112168],[133.15377385899995,34.24862504812162],[133.15409806,34.24842786812163],[133.15392457500002,34.248392017121745],[133.1539440920001,34.24819662912179],[133.15335315800007,34.248044262121724],[133.15292703500006,34.24794208712166],[133.15251067100004,34.247437705121705],[133.1524938650001,34.247306399121655],[133.15246730000013,34.24724007412157],[133.15251229800015,34.247186296121804],[133.15248193700018,34.247123556121764],[133.15243314500006,34.247062609121784],[133.15240271400012,34.2469766991218],[133.152390716,34.24692248012181],[133.15237242500018,34.24678700012157],[133.152346402,34.24657413112168],[133.1523155010001,34.24643834212175],[133.15233447600022,34.24625549812176],[133.15242912500025,34.24618488112181],[133.15243984000017,34.246129534121806],[133.1524472410001,34.246106265121746],[133.1522477320001,34.245870538121814],[133.15216168300012,34.24577397312175],[133.1516616780001,34.24568814112178],[133.15119381100024,34.24560388812182],[133.15101707300013,34.24560478512179],[133.15097153300007,34.24570517112176],[133.15100731500002,34.24598660912177],[133.15108755100027,34.24673770412177],[133.1511547760001,34.24730684712173],[133.15121007500005,34.24779621812179],[133.15128597500018,34.24845587712178],[133.1513358510002,34.24888698312175],[133.15132284000015,34.249081473121635],[133.15120140100012,34.24923204512156],[133.151181884,34.249440874121746],[133.1512046540001,34.24962729712169],[133.1510734550002,34.24985046512165],[133.15093575200024,34.24992664712178],[133.1508706950001,34.25010500212171],[133.1508208180002,34.250468881121655],[133.15073082300012,34.25063737612166],[133.15060721400002,34.25080676612155],[133.15042939200012,34.25094299712153],[133.15028626700007,34.251089981121716],[133.15014097300013,34.25124323812172],[133.15005097700006,34.251320315121575],[133.1498937570001,34.25144220412157],[133.1497929190001,34.251510319121635],[133.14973816300005,34.252496849121734]]]},"properties":{"classLabel":"土砂災害警戒区域","phenomenon":"土石流","name":"小村川西川","areaCode":"352-1450","address":"岩城","noticeDate":"2015-03-10"}},{"type":"Feature","id":44,"geometry":{"type":"Polygon","coordinates":[[[133.15079547100027,34.25331221112172],[133.15110292300017,34.25350191112159],[133.15133242900012,34.25332294912172],[133.15142120200002,34.253177989121625],[133.15146233900018,34.253016922121674],[133.1516095700002,34.25288091012162],[133.15184990200015,34.252653626121635],[133.15199063700007,34.25251403412167],[133.1521421990003,34.25232433212163],[133.15235221800003,34.252060358121604],[133.15255357800012,34.25180533212165],[133.15286319500012,34.25141876512172],[133.15313817000003,34.251066200121755],[133.15338932900008,34.250767324121576],[133.1536166710001,34.250507820121605],[133.1540475370002,34.25023399812168],[133.15441994300008,34.24999238912171],[133.15489411300004,34.249688140121584],[133.15588142400023,34.24905816212178],[133.15565624799996,34.24892035412174],[133.155617275,34.248941831121755],[133.155525256,34.24893556712162],[133.1553996770002,34.24889082412173],[133.15522213400013,34.248735118121694],[133.15507923400003,34.248634894121736],[133.15490602100024,34.24857046412175],[133.1547598730002,34.24850871812177],[133.15458016500006,34.24848097712168],[133.15457800000004,34.24843086512164],[133.15432142900008,34.24841565212168],[133.1539331050002,34.2483937801217],[133.1539440920001,34.24819662912179],[133.15347704400003,34.24807620512181],[133.15296673400002,34.2479516051218],[133.15275656200006,34.24774651412178],[133.1525083800002,34.24744203312173],[133.15250053200018,34.247323462121756],[133.15248186800008,34.24726067012174],[133.15251595900017,34.24720220612169],[133.15249160100004,34.247122785121796],[133.1524250220002,34.247051195121735],[133.15241230200002,34.24696439112162],[133.15239227400016,34.24691002712173],[133.15237468200004,34.24671673312179],[133.15235519600026,34.24653865112179],[133.15232881500012,34.24644178812177],[133.15234582200003,34.24625675212185],[133.15246128800015,34.24614937512171],[133.15232434200004,34.24597397712172],[133.15218469,34.24577754812179],[133.15174516300033,34.24570953612168],[133.15127045200006,34.24562720612182],[133.15102037600013,34.245585146121726],[133.1509456790001,34.245915809121705],[133.15098356900026,34.246228125121675],[133.15103986300005,34.246666620121715],[133.15108749600017,34.2470979521218],[133.1511286340002,34.24745500812178],[133.1511805980001,34.2477744781218],[133.15119034100007,34.24792302712174],[133.1512488010003,34.24827829012166],[133.15131575700002,34.24871329212164],[133.1513358510002,34.24888698312175],[133.1513394670002,34.248941384121714],[133.15130726000007,34.24912281612177],[133.15117951600018,34.249279415121656],[133.15118628200005,34.24947688912165],[133.15121578200004,34.24968075812178],[133.15108479000014,34.24990626012179],[133.15094189,34.25005569912178],[133.15087585300037,34.25023914312171],[133.15079574199999,34.250408269121635],[133.15076434700018,34.250603344121714],[133.1505727310001,34.250814527121676],[133.15036487500004,34.251081189121656],[133.15017975400008,34.251290580121676],[133.15002494600003,34.25162435312161],[133.1500877350002,34.25179884512173],[133.1502999210002,34.25204134312174],[133.15073078700001,34.25249412412166],[133.15080981500023,34.25268830012174],[133.150894256,34.25281178512169],[133.1509256510002,34.253065913121574],[133.15092673400022,34.25323682312166],[133.15079547100027,34.25331221112172]]]},"properties":{"classLabel":"土砂災害警戒区域","phenomenon":"土石流","name":"小村川","areaCode":"352-1451","address":"岩城","noticeDate":"2015-03-10"}},{"type":"Feature","id":45,"geometry":{"type":"Polygon","coordinates":[[[133.15220243700014,34.25282483012154],[133.1525702010002,34.252928846121655],[133.15288480700005,34.2527459211216],[133.15296183100006,34.25270467212159],[133.15309960700017,34.25255582112159],[133.15309960700017,34.252399795121725],[133.15310828600005,34.252344200121655],[133.15317120800006,34.25223480312175],[133.15339902600007,34.2519514441216],[133.15372556500006,34.25152640612167],[133.15374617700002,34.25144749512155],[133.15376245000002,34.25136320512177],[133.15379282500007,34.25115427112171],[133.15383405000017,34.25102424812172],[133.15382537100015,34.25086283812171],[133.15382428600012,34.2506296921217],[133.154045595,34.25043241412174],[133.15435803200012,34.25015443112167],[133.155037147,34.249548243121694],[133.15534198900002,34.24928012012167],[133.15570821300014,34.248952157121764],[133.15565624799996,34.24892035412174],[133.155617275,34.248941831121755],[133.155525256,34.24893556712162],[133.1553996770002,34.24889082412173],[133.1552020440001,34.24873849212174],[133.15502277300024,34.24860667112177],[133.15480688800002,34.24851699812176],[133.15459751300008,34.248495475121636],[133.1545872060002,34.24842956512168],[133.15438379700015,34.24840983712162],[133.15412723000017,34.248417011121774],[133.1540171180001,34.24842014912173],[133.15392457500002,34.248392017121745],[133.15392924500017,34.24820000012168],[133.15366616900008,34.24813857212169],[133.15333312100003,34.24805831312167],[133.15293715100006,34.24796639712177],[133.15284005700016,34.24784937212174],[133.1529458300001,34.24814485012167],[133.153127,34.24862012212176],[133.1531150670001,34.24892322012179],[133.15309336900032,34.24916085512164],[133.1529566780001,34.24962805212168],[133.15294474500016,34.24966840512174],[133.15292955700008,34.249713241121626],[133.15290026600007,34.249925765121695],[133.15286880600013,34.25013201212157],[133.15285253300007,34.2502575531215],[133.15282649700012,34.25040640912164],[133.15282541200006,34.250574096121554],[133.15282324200007,34.250790205121625],[133.15288507800003,34.250907674121656],[133.15291111500017,34.25099824312176],[133.1529284720001,34.251076256121706],[133.1529458300001,34.25114799312167],[133.15281347800024,34.25134078712172],[133.1527375390002,34.25144211512173],[133.1526583450001,34.25161338612177],[133.15252924800006,34.25176941312178],[133.15244001900007,34.25193104412174],[133.15239662500005,34.25210186712173],[133.15222467700002,34.25223054312174],[133.15215144900006,34.252401588121614],[133.15220243700014,34.25282483012154]]]},"properties":{"classLabel":"土砂災害警戒区域","phenomenon":"土石流","name":"中川","areaCode":"352-1452","address":"岩城","noticeDate":"2015-03-10"}},{"type":"Feature","id":46,"geometry":{"type":"Polygon","coordinates":[[[133.15080303500017,34.2661241071215],[133.15061102300012,34.26630520412146],[133.1507086560001,34.266402028121476],[133.15075421800026,34.26645133712153],[133.15081388300018,34.266591193121585],[133.150847512,34.26665843212155],[133.15105579500016,34.26678215112156],[133.15102976,34.26705917312151],[133.15110678100004,34.2672510271214],[133.1512836060001,34.26736398712156],[133.15139317100036,34.26750384212148],[133.1514788710001,34.26760425112153],[133.151523349,34.26765714412152],[133.15153202800005,34.26786961612137],[133.1516632890001,34.26801036612143],[133.15196052800013,34.26806684712143],[133.15211999500022,34.26819235612142],[133.15222088200017,34.268355519121485],[133.1522740380001,34.26849178612152],[133.15229031,34.26854378312147],[133.15229681800008,34.26874728712143],[133.15231526100018,34.26921077312143],[133.1523347870001,34.26969039312147],[133.1525311380001,34.26963122512153],[133.1526819260001,34.26955950612137],[133.15292383900027,34.269449238121496],[133.15306161000012,34.26938827812142],[133.153196126,34.26931386912152],[133.1533425760001,34.26923049512134],[133.15352807800014,34.26911484912149],[133.15370924100012,34.26898754712138],[133.15384484300012,34.268889830121374],[133.15385677600037,34.268581436121465],[133.1538426740001,34.26843351412147],[133.15385135200003,34.26814394512142],[133.1534586510002,34.267966438121555],[133.15318310800004,34.267839135121385],[133.1528511570002,34.267581838121515],[133.15199090200022,34.267195443121494],[133.1518954390003,34.26702600312149],[133.15189218500007,34.26682787312144],[133.15173488700017,34.2666987751214],[133.15145066700026,34.26650961012142],[133.1513194050001,34.26642802712154],[133.1511968210001,34.26635989212155],[133.15113064800002,34.26631685812156],[133.15105145600026,34.26617162212132],[133.15080303500017,34.2661241071215]]]},"properties":{"classLabel":"土砂災害警戒区域","phenomenon":"土石流","name":"長江川北川","areaCode":"352-1456","address":"岩城","noticeDate":"2015-03-10"}},{"type":"Feature","id":47,"geometry":{"type":"Polygon","coordinates":[[[133.14863736800007,34.27583969112143],[133.14823338600013,34.275609064121404],[133.14809221000016,34.27569521312143],[133.14799338600014,34.27572931312132],[133.1478011690001,34.27567188112137],[133.14761872500014,34.27564944612141],[133.14733528600004,34.27567188112136],[133.14722777400004,34.27571136512145],[133.14712352100003,34.27575354312141],[133.14699754800014,34.27586212612142],[133.14677383800014,34.27602275712146],[133.14655664300005,34.27607300912133],[133.1462558280001,34.275995834121424],[133.14600931300004,34.27593840312143],[133.14505582700022,34.275697008121476],[133.14521003600007,34.27594737612137],[133.14523827099998,34.276003014121336],[133.14527845200007,34.27612954412134],[133.14531211700015,34.27618697612147],[133.1453620710001,34.276365554121305],[133.14550107700006,34.27677026812133],[133.14555971900012,34.276956920121414],[133.14557383700006,34.277229720121404],[133.14601582800012,34.276877952121424],[133.14628297700023,34.27666617312138],[133.14650560300004,34.27657194912144],[133.14669130400023,34.27651541512141],[133.14681184700018,34.27651272212145],[133.1469161000002,34.27650464712136],[133.1472473220002,34.2763682451214],[133.14736352200006,34.27632696712143],[133.14747103300022,34.27630273712136],[133.14769908700012,34.276299148121346],[133.1479640650001,34.27632427412122],[133.14823881600023,34.27626056112147],[133.14852985700009,34.27607929112134],[133.14863736800007,34.27583969112143]]]},"properties":{"classLabel":"土砂災害警戒区域","phenomenon":"土石流","name":"長谷川上川","areaCode":"352-1457","address":"岩城","noticeDate":"2015-03-10"}},{"type":"Feature","id":48,"geometry":{"type":"Polygon","coordinates":[[[133.14757122,34.273844254121414],[133.1472877150003,34.27363421312142],[133.14704222700007,34.27395376312136],[133.14688038000006,34.2740884041214],[133.14670223800007,34.27420509312141],[133.14649259700002,34.27452374212138],[133.14632097300023,34.27465209912145],[133.14595274200008,34.274807384121395],[133.1455997180002,34.27494920412136],[133.14482741000006,34.27527233912138],[133.1448762910001,34.27538992412144],[133.145007724,34.27559906312141],[133.14511390100006,34.275791294121426],[133.1452162800002,34.27598592412137],[133.14527439300002,34.2761362701214],[133.1453352210002,34.276304118121324],[133.145372153,34.276430676121386],[133.14545307700018,34.27667167812143],[133.145549209,34.276953068121465],[133.14557745000013,34.2771137341214],[133.145578536,34.277297288121325],[133.14559917500003,34.277713761121404],[133.145629589,34.27794623112126],[133.14565565900008,34.27821101212141],[133.14587942199998,34.277667087121436],[133.14609014900032,34.27716085712132],[133.1461086150001,34.27691581812138],[133.14615858200023,34.276730020121434],[133.14630956700023,34.27658461212135],[133.14636822300008,34.27575165312136],[133.146469243,34.27558470112147],[133.14666367700022,34.27546442412139],[133.14687983700017,34.27538543612142],[133.14705146000006,34.275256183121435],[133.1471416170001,34.27508923012143],[133.14719267000032,34.27489175812144],[133.14722851500002,34.27428049212129],[133.14732030700029,34.274138649121426],[133.14757122,34.273844254121414]]]},"properties":{"classLabel":"土砂災害警戒区域","phenomenon":"土石流","name":"小漕川右支川","areaCode":"352-1458","address":"岩城","noticeDate":"2015-03-10"}},{"type":"Feature","id":49,"geometry":{"type":"Polygon","coordinates":[[[133.13804901199998,34.25198153712171],[133.13818127099998,34.2516761601216],[133.13809710600003,34.25161562712157],[133.13805010500016,34.25156683812167],[133.137923311,34.2514150531216],[133.13781182,34.25130211712166],[133.1377079810001,34.25121447812166],[133.1376303740002,34.25113768112173],[133.13754293000025,34.251097927121634],[133.13743253200013,34.25104281512171],[133.1371953410001,34.25066154012169],[133.13687070600017,34.25012395912171],[133.13623345800022,34.249411996121715],[133.13595363800016,34.2492611111218],[133.13574377300029,34.249260207121694],[133.13559511700012,34.24906956612159],[133.1355109530002,34.24895933812175],[133.13535901900022,34.2487036421217],[133.13519287600013,34.248438008121795],[133.1348332630001,34.248690090121684],[133.1346594680002,34.248814775121765],[133.13444085800003,34.248967469121645],[133.1342648780001,34.24887079312165],[133.1340910830002,34.248879828121765],[133.1338713810001,34.24890060912181],[133.13370523700013,34.2489222931218],[133.13354674500022,34.24879941512178],[133.13344618400004,34.24863407212165],[133.13324287700016,34.24829796312158],[133.13283407700013,34.247630258121745],[133.13259907200006,34.24724625812181],[133.1326919810002,34.24759050212168],[133.13269853900024,34.247765787121615],[133.13272258600009,34.2482211631217],[133.13273898200006,34.24887802112173],[133.13274007500013,34.24908221512171],[133.13275319100012,34.24918160212169],[133.1327794250002,34.24933248812169],[133.13259755400009,34.24970875112168],[133.13236078700015,34.24970744312171],[133.13226787800025,34.25021882712179],[133.13243948600018,34.250229669121765],[133.13236078700015,34.250667865121784],[133.1322777150002,34.25120905712165],[133.13215310800013,34.251714106121746],[133.13300896500013,34.25174121112176],[133.13387465900013,34.2517683151217],[133.13519287600013,34.25181891012175],[133.13638648500037,34.25185866412159],[133.13779870399998,34.251910163121686],[133.13786100800007,34.251939074121694],[133.13804901199998,34.25198153712171]]]},"properties":{"classLabel":"土砂災害警戒区域","phenomenon":"土石流","name":"伊勢免川","areaCode":"352-1463","address":"岩城","noticeDate":"2015-03-10"}},{"type":"Feature","id":50,"geometry":{"type":"Polygon","coordinates":[[[133.13838263999997,34.251148079121705],[133.13850053600004,34.2506915061217],[133.13817413800004,34.25038110712173],[133.13785756600012,34.25008785012173],[133.1374776790001,34.249947989121665],[133.13696679699999,34.24975398812176],[133.13667314900007,34.24964300112176],[133.13645700600023,34.24960781012175],[133.13626487900024,34.24951757712168],[133.1360836690002,34.24940749112153],[133.13586425100016,34.24939215212169],[133.13567540000005,34.249283872121566],[133.1353522780001,34.248987002121744],[133.1349439180001,34.24861252312175],[133.1346552730001,34.248875563121686],[133.13457067100026,34.24889767012179],[133.13446642100007,34.24892835012171],[133.1342648780001,34.24887079312165],[133.13404505200012,34.24884578612181],[133.1337836070003,34.24893150812178],[133.13368153899998,34.24886924612176],[133.1334288280003,34.24866757312169],[133.13318539400004,34.24844198712169],[133.1327034400003,34.24799803212163],[133.13271872300015,34.24867749912161],[133.13272527300012,34.24880382712179],[133.13277330400012,34.24918100512169],[133.1327989580001,34.24935425312164],[133.132612835,34.249725565121665],[133.1323879150001,34.24970759312176],[133.13229298800013,34.25018394812159],[133.13213797600002,34.25017582712176],[133.132129243,34.25020740912169],[133.13241852500016,34.250247111121794],[133.13236078700015,34.250667865121784],[133.13224059000004,34.25143005212169],[133.13207029500006,34.251965123121614],[133.13195676500015,34.252320632121624],[133.13385597800013,34.25199943312162],[133.1344325800001,34.25189384112178],[133.13564428900006,34.25165924012167],[133.13665513700008,34.25147336412171],[133.13838263999997,34.251148079121705]]]},"properties":{"classLabel":"土砂災害警戒区域","phenomenon":"土石流","name":"伊勢免川下川","areaCode":"352-1464","address":"岩城","noticeDate":"2015-03-10"}},{"type":"Feature","id":51,"geometry":{"type":"Polygon","coordinates":[[[133.27152707700012,34.19213108912239],[133.27164921800016,34.192525103122264],[133.27224215400008,34.19255541112228],[133.27265854200004,34.192727160122374],[133.27312933800005,34.192904420122346],[133.2734091510002,34.19252877712244],[133.273688964,34.19216323512239],[133.27425858300035,34.19245070912231],[133.27445733900015,34.192197217122356],[133.27445733900015,34.19211363812245],[133.2743052180002,34.19182248912244],[133.27433297700006,34.191775648122366],[133.2743141010002,34.19174350212236],[133.2743474120001,34.19172237712248],[133.27439071600014,34.19176370812239],[133.274411814,34.191744421122365],[133.27443069000017,34.19166543312235],[133.27437406100015,34.191648901122456],[133.27435629500008,34.191627777122484],[133.2743951580001,34.19156440312241],[133.2742286030002,34.191643391122355],[133.2740409500002,34.19174166512232],[133.27392214100004,34.19181146812252],[133.27370895000013,34.1918335101224],[133.2733247630002,34.19180687512243],[133.27323926500003,34.19166267812249],[133.27310491000003,34.19161583612227],[133.27306826800015,34.19158920112232],[133.2730205220001,34.191590120122456],[133.2728906090001,34.19163328812235],[133.27284952600007,34.19161675612229],[133.27281288300017,34.19162318512245],[133.2726418870002,34.19154603412241],[133.2725797060001,34.19164155312233],[133.27245312400012,34.19168288412232],[133.2723920530001,34.19169849812242],[133.27230433400007,34.191774730122496],[133.271773579,34.19209067712243],[133.27152707700012,34.19213108912239]]]},"properties":{"classLabel":"土砂災害警戒区域","phenomenon":"土石流","name":"浦谷川","areaCode":"349-1418","address":"魚島","noticeDate":"2015-03-10"}},{"type":"Feature","id":52,"geometry":{"type":"Polygon","coordinates":[[[133.21620721700003,34.27122714812145],[133.2157938050002,34.27108229412139],[133.2156019820002,34.2711916171215],[133.21540575000031,34.27123261412143],[133.21525361400015,34.2713437581214],[133.21512352800005,34.271434862121424],[133.21499785000015,34.27149316712141],[133.21475311100008,34.271602490121474],[133.21458774700017,34.271675372121464],[133.2144334060001,34.27179927012142],[133.2142878860002,34.27193592412131],[133.21410047200015,34.27202884812141],[133.2139417220003,34.27216185612137],[133.213725646,34.27222562812148],[133.2135492570001,34.27233677212146],[133.21330892700004,34.27237503412134],[133.2131303330001,34.27246067012136],[133.21305757300024,34.272546305121445],[133.21298922200006,34.27262647412139],[133.21280621900004,34.272715753121425],[133.2126673130001,34.2728596931214],[133.21244021200005,34.27288338012134],[133.21218224400002,34.27293075212136],[133.2120190840001,34.27305464912146],[133.2117963930002,34.273080158121516],[133.21164425700022,34.27313664012138],[133.21138628900016,34.273233206121354],[133.21111950000022,34.27343362712151],[133.2107490840001,34.27371603812148],[133.210347799,34.273907348121384],[133.210238107,34.27406540612146],[133.2100545530001,34.274172448121355],[133.20986729300012,34.274258461121356],[133.20951766900012,34.27429634312143],[133.2091968620001,34.274330962121425],[133.20946475200006,34.27469626912131],[133.20970177500013,34.27497321012143],[133.21003470900004,34.27533760412138],[133.21023976100003,34.27553619812144],[133.21045583700027,34.27572568212131],[133.21069175800017,34.27591516512146],[133.210996028,34.27613744312135],[133.21121651500013,34.27628684312125],[133.21156929200015,34.276503655121275],[133.21191766000015,34.27668448112131],[133.21206703900017,34.27635061112145],[133.21239225600004,34.27565371412144],[133.2129776470002,34.274418416121364],[133.2133568830002,34.2736094511215],[133.21351673500018,34.27346186912138],[133.213608237,34.273279668121475],[133.21378242100005,34.27316123712136],[133.213957708,34.2730610261213],[133.2141914220002,34.27299725612134],[133.2144141140003,34.27295352712138],[133.21459711700004,34.272873359121334],[133.21475807200036,34.272733063121485],[133.2149190260002,34.27262556312145],[133.2150645470002,34.272476157121474],[133.2151792000002,34.27223382712138],[133.215254166,34.272089886121435],[133.21543055400005,34.271984208121395],[133.2156973430002,34.27185484312148],[133.21598397500006,34.271723656121324],[133.21614272500008,34.27174187712134],[133.21620005100021,34.27155056212134],[133.21622650900008,34.271461281121454],[133.21621548400012,34.2713064071214],[133.21620721700003,34.27122714812145]]]},"properties":{"classLabel":"土砂災害警戒区域","phenomenon":"土石流","name":"柳川","areaCode":"350-1432","address":"弓削上弓削","noticeDate":"2015-03-10"}},{"type":"Feature","id":53,"geometry":{"type":"Polygon","coordinates":[[[133.14339803200005,34.24796272612173],[133.1438055520002,34.24811462512175],[133.14391256700014,34.24795111012174],[133.1439590480002,34.24781082512168],[133.14406714400005,34.2476508831218],[133.1442325300002,34.247452519121744],[133.14430495400015,34.24735244312181],[133.14457303100005,34.247139782121614],[133.14469085499996,34.24705668312167],[133.14483462300018,34.24697983812174],[133.1449610940001,34.24673143412183],[133.145003252,34.246642080121646],[133.1451664760002,34.24652591912177],[133.14533726700006,34.24644728712167],[133.14555886300002,34.24634989112177],[133.14542698600007,34.24624981312174],[133.14521187700015,34.24611667512169],[133.14499136100005,34.24600051312168],[133.144710313,34.24588167212172],[133.14460870300016,34.245847716121716],[133.14459573100007,34.24617833012172],[133.14458600200007,34.24643299012183],[133.1444919590001,34.24659650912177],[133.14433305900022,34.246743050121715],[133.14407038700006,34.247020048121705],[133.1439720190002,34.247188033121624],[133.14384987100001,34.24732027612173],[133.14376015200006,34.247482899121685],[133.14358071300035,34.24761871712171],[133.14337208800006,34.247718792121795],[133.14339803200005,34.24796272612173]]]},"properties":{"classLabel":"土砂災害警戒区域","phenomenon":"土石流","name":"巌川","areaCode":"352-1445","address":"岩城","noticeDate":"2015-03-10"}},{"type":"Feature","id":54,"geometry":{"type":"Polygon","coordinates":[[[133.2192912010651,34.264995446286065],[133.21909471446318,34.26491177332198],[133.21905026682236,34.2648808481838],[133.21895394662434,34.264818980834306],[133.21862530609042,34.26652031639885],[133.2185477787748,34.26666461741377],[133.2184323556962,34.26671378892084],[133.21833910156877,34.26687523551466],[133.2182156523642,34.267049010899996],[133.2181457612405,34.26704008288941],[133.21799423944685,34.2671544476515],[133.21780731297935,34.26729325666754],[133.21761966478678,34.26741027345832],[133.2175882711523,34.26741829863851],[133.21740698895428,34.26744708485859],[133.2171828269605,34.2674860151247],[133.21698703786677,34.26752677204726],[133.21701972877224,34.26772366480487],[133.21728535246945,34.26778601916602],[133.21747589255105,34.26777695317545],[133.21765779877776,34.26775113672557],[133.21769102617705,34.26775191227853],[133.2179153991884,34.267722415435145],[133.2181025400775,34.26758446632617],[133.21831446739697,34.26750274866504],[133.21852106844645,34.267375392745784],[133.21870330695052,34.26727881615955],[133.21890224827283,34.26718978505894],[133.21915734638364,34.26710889922664],[133.21940820566385,34.267025471811735],[133.21964048565047,34.26694698191922],[133.21986689770722,34.26688157767858],[133.22010144280816,34.26680784894299],[133.22033597348667,34.26673411514663],[133.22057050642982,34.26666038078778],[133.22080503570737,34.26658664928756],[133.22102768267087,34.266504848699874],[133.22113187050996,34.26645693925702],[133.22122115300084,34.26637133384337],[133.22129601770249,34.26630476413955],[133.22135649614486,34.2662476959646],[133.2214553575827,34.26586893303131],[133.22129165185686,34.26588762945423],[133.2211683514457,34.26584206118916],[133.22096463878881,34.265791796958176],[133.2209361147628,34.26573451883765],[133.220918950963,34.26572946578107],[133.2208932185431,34.265681975748684],[133.22085304795937,34.26567354067962],[133.22080053678727,34.26562617687102],[133.2207649359253,34.26562116726817],[133.2206419879852,34.265679019524825],[133.22057448492686,34.26568720924376],[133.2205500828482,34.26568596167004],[133.22045609905965,34.26566728407477],[133.22037309836273,34.265635059477894],[133.22018944365956,34.26552374903727],[133.2200679886586,34.265452008416695],[133.21992576542374,34.26537775597003],[133.21986653441354,34.265338192586675],[133.21975700132901,34.26525169339432],[133.21961785309654,34.26514541234865],[133.21955273531677,34.26509104983674],[133.21951421576438,34.26507124768281],[133.21939873092327,34.26503576274678],[133.2192912010651,34.264995446286065]]]},"properties":{"classLabel":"土砂災害警戒区域","phenomenon":"土石流","name":"下狩尾川","areaCode":"350-1425","address":"弓削狩尾","noticeDate":"2017-03-07"}},{"type":"Feature","id":55,"geometry":{"type":"Polygon","coordinates":[[[133.3239541727452,34.17966900324249],[133.32396011384174,34.1797033762461],[133.3239607211488,34.17970708051052],[133.32396220183844,34.17971563409608],[133.32396326775583,34.179721879022225],[133.32396538037054,34.17973400354182],[133.3239672949166,34.17974529753826],[133.3239691506631,34.17975604349259],[133.32397106579643,34.179767055208565],[133.32397309904763,34.179778913937625],[133.32397515207182,34.17979087232367],[133.3239773237313,34.17980342865188],[133.32397941623262,34.17981561956135],[133.32398245653724,34.179833208383485],[133.32398482561328,34.17984691072438],[133.32398693775136,34.17985926770963],[133.32398943206607,34.17987359567677],[133.32399219580122,34.179889673066924],[133.32399559129195,34.17990940441445],[133.32399859444988,34.17992658889764],[133.32400958553814,34.1799907443335],[133.32401669583942,34.180031803768905],[133.32402318250072,34.180069358994636],[133.3240279592958,34.18009689290865],[133.32403354245164,34.18012948080677],[133.3240372571281,34.1801511915951],[133.32404015273147,34.180160161804714],[133.3240408322615,34.1801622613897],[133.32410383459725,34.18017348744422],[133.32419116629382,34.18018904854142],[133.32429364044665,34.18020730772664],[133.32448506999185,34.180224499206076],[133.32451672756739,34.180225473609624],[133.32453200002664,34.18022594369339],[133.32458517031444,34.18022530048228],[133.32462275497372,34.1802239080432],[133.32462505952068,34.180223344573506],[133.3247276480506,34.1801292626256],[133.32474533196424,34.180122217529245],[133.3247570340628,34.1801023132314],[133.32485588744208,34.17990324092289],[133.32498100271462,34.17977842129243],[133.3249812334615,34.17977824281197],[133.3249814278059,34.17977799717877],[133.32498146605312,34.179774856080776],[133.32514966238833,34.17947995021275],[133.32513897987624,34.17944051417918],[133.32497408979378,34.17934523728692],[133.32497451825995,34.17934379896107],[133.32498234464538,34.17931380671583],[133.3249869119497,34.17930468328154],[133.32498804871753,34.179303055875344],[133.3250053421063,34.17928736631231],[133.32519224103464,34.17826466242343],[133.3251787650491,34.178245914996495],[133.325346305166,34.17817605724927],[133.32534313070667,34.178171357630106],[133.32534093077243,34.1781671209185],[133.32533661396423,34.178159367632325],[133.32533215760472,34.178147312331006],[133.3252243576074,34.17815739446627],[133.32513039566248,34.17816618230811],[133.32506838691975,34.17816997622085],[133.3249214422201,34.178178948789316],[133.3247620666637,34.17818967536229],[133.32465189874867,34.17818403271316],[133.32458051718507,34.17817562738429],[133.3244828462476,34.178156124705744],[133.32434367785996,34.178133865590475],[133.3243054898563,34.1781316273754],[133.32418514785482,34.17812447130339],[133.3240848857787,34.17812336791447],[133.32400480286856,34.17813578743714],[133.3234716036751,34.178218476439085],[133.32350659069476,34.178369524643166],[133.32360626618203,34.178549398696475],[133.32355609477347,34.17864077511838],[133.3236470635502,34.179007913073114],[133.3236044315155,34.179001502393156],[133.32358625196198,34.17911007696219],[133.32372502218755,34.17913410643952],[133.32374190006988,34.17913707128539],[133.32374369545448,34.179137365905405],[133.32380044395913,34.17914667823652],[133.32380230792162,34.17915326981171],[133.32381473110448,34.17919518733918],[133.3238169143703,34.17920308548343],[133.3238219231,34.17921988933272],[133.3238269664914,34.17923710650605],[133.323831809901,34.17925370348017],[133.3238367832407,34.17927044823872],[133.32384108614542,34.17928506662261],[133.3238437665436,34.179294221549405],[133.32384933953347,34.17931297450155],[133.32385505294403,34.17933252468443],[133.32386126073533,34.17935346299825],[133.32386718585255,34.17937369243531],[133.32387148882907,34.17938828129845],[133.32387706127903,34.179407299924776],[133.32388256355287,34.17942590517552],[133.32388771291136,34.179443417694],[133.32389222759647,34.17945868581107],[133.32389257635347,34.17945966232806],[133.32389823532063,34.179478935708694],[133.3239541727452,34.17966900324249]]]},"properties":{"classLabel":"土砂災害警戒区域","phenomenon":"急傾斜の崩壊","name":"篠塚","areaCode":"349-Ⅰ-483(1)","address":"魚島","noticeDate":"2021-01-29"}},{"type":"Feature","id":56,"geometry":{"type":"Polygon","coordinates":[[[133.32360890322136,34.1781970826559],[133.32400476645813,34.17813569497077],[133.32408483630653,34.17812327814644],[133.3241844158299,34.178124340386404],[133.3243437283902,34.17813376440959],[133.32448309605368,34.17815603316475],[133.3245804254466,34.17817548472829],[133.32465122242178,34.17818386225766],[133.32476185639567,34.178189538040044],[133.32492231731996,34.17817873157305],[133.3251292515904,34.178166153713676],[133.3252243330707,34.17815728268823],[133.3253321363081,34.178147224667114],[133.32533027136387,34.17813297623111],[133.32538075023055,34.17799944932313],[133.325154983571,34.177870755692005],[133.32513054463,34.17780652678642],[133.32513797630557,34.177680011042334],[133.3251299108772,34.177672292165234],[133.32504076838322,34.17764227945306],[133.32504011184128,34.17764205840141],[133.3249830148717,34.17762923944141],[133.32485627814367,34.177607057516795],[133.32472814295966,34.17758718963103],[133.32469332069746,34.17758366646607],[133.32458604530635,34.177582355914836],[133.3244432372862,34.177583887863534],[133.32431504890033,34.177590073460934],[133.32423632212584,34.17759459306347],[133.32418070701027,34.177596505992845],[133.3241805311714,34.177596519670125],[133.32405412665656,34.177606367648885],[133.32404882387033,34.177550540721384],[133.32404881396857,34.17755043659935],[133.3240351545163,34.177498205578466],[133.32398184010967,34.17739918227834],[133.32398144688634,34.177398451927736],[133.32392123430876,34.177324420406364],[133.323325549139,34.17679189984608],[133.32330676847454,34.17687240096099],[133.32322926557367,34.17701052144406],[133.32320691053457,34.177019397150225],[133.32313472823535,34.17735908873004],[133.32313278364845,34.1773790017521],[133.32314185890766,34.17743369981667],[133.3231485410338,34.177447596234195],[133.32314860498064,34.17744772925561],[133.32316992123285,34.17749198726256],[133.32320827402418,34.177556015835684],[133.32321777474255,34.17756960570589],[133.3232676709331,34.17763992583517],[133.32333978608224,34.1777311457205],[133.32334765074341,34.177741093887946],[133.32335782138276,34.177759852476576],[133.3233866979607,34.17781356428762],[133.32339523717982,34.177844398270686],[133.3234836175459,34.178163911267475],[133.32349236844203,34.17816190970378],[133.3234715662812,34.17821837956879],[133.32360890322136,34.1781970826559]]]},"properties":{"classLabel":"土砂災害警戒区域","phenomenon":"急傾斜の崩壊","name":"春日","areaCode":"349-Ⅰ-484(1)","address":"魚島","noticeDate":"2021-01-29"}},{"type":"Feature","id":57,"geometry":{"type":"Polygon","coordinates":[[[133.32232603520995,34.17788311688071],[133.3223275169225,34.17787941898517],[133.3223301275313,34.17788701544761],[133.3223639607439,34.17787970964058],[133.3225882109965,34.177774241028246],[133.32249701848238,34.1776768271897],[133.32259152489667,34.17762153687166],[133.32263580862434,34.17759562778589],[133.3226651428341,34.177578460986794],[133.32266682628762,34.17757733257531],[133.32268674720063,34.1775640085943],[133.32268806727956,34.17756313774306],[133.32271656453676,34.17754503368047],[133.32272269517665,34.177541147590276],[133.32272636852605,34.177539012856656],[133.3227297803973,34.17753703010644],[133.3227638126806,34.17751711092023],[133.32277087594193,34.17751304402886],[133.32279870826545,34.177498175787456],[133.32282667497634,34.177483312686284],[133.32287385458577,34.17746470672995],[133.3228957452714,34.17745610648841],[133.32290754813087,34.177451922063774],[133.32294402082243,34.17743899722224],[133.32295245172298,34.17743600535741],[133.32300170942935,34.1774155940996],[133.3230287210714,34.17740243547097],[133.32303711853112,34.177398332518266],[133.323057433877,34.177386634049206],[133.3230770949944,34.177370841032456],[133.3230936534559,34.17735378722975],[133.32310381284907,34.177339167622236],[133.32317376814385,34.1771265793361],[133.32318361291587,34.177106294419154],[133.32318399535234,34.1771055064402],[133.32320699532346,34.177030053106776],[133.32320925553472,34.17701873550401],[133.32242407577152,34.17645841690488],[133.32203256826506,34.17716200987368],[133.32205488033705,34.17734648577687],[133.32185808088437,34.17733701493129],[133.3218555800832,34.17738097775325],[133.32184782583215,34.177383019934894],[133.3218094054836,34.17724100038558],[133.32180847611622,34.177240783219645],[133.32180746585556,34.17723694998609],[133.32179809246472,34.17728920510937],[133.3217727746316,34.177320035333466],[133.3217713105665,34.177321818173176],[133.3217102432347,34.177429455721985],[133.32165448646313,34.17752830623519],[133.3216194138575,34.17756874099376],[133.32130222569597,34.177934420849965],[133.3214703993354,34.17810540932225],[133.32166771602508,34.178237403646214],[133.32186661902537,34.17826883407702],[133.32217591837912,34.17793527448363],[133.32232603520995,34.17788311688071]]]},"properties":{"classLabel":"土砂災害警戒区域","phenomenon":"急傾斜の崩壊","name":"中上","areaCode":"349-Ⅰ-486(1)","address":"魚島","noticeDate":"2021-01-29"}},{"type":"Feature","id":58,"geometry":{"type":"Polygon","coordinates":[[[133.32127869852724,34.178806386466285],[133.32136161750486,34.17880009758992],[133.32137487061604,34.17891548986055],[133.32144429681333,34.17890757888536],[133.3214405825126,34.17884027257659],[133.32151577250204,34.17884198436224],[133.32151198054132,34.17881153319949],[133.32160875103085,34.178801622782736],[133.3216703515002,34.17876054364385],[133.32169986607633,34.17859761609558],[133.32170221981008,34.17858370999697],[133.32174809691,34.178447894492734],[133.32163997704572,34.178177314757534],[133.3216157183799,34.178058555281574],[133.32156938004186,34.17790562327991],[133.3215339302633,34.177911250783005],[133.32154563150544,34.17776942552107],[133.3212932801389,34.17762723782017],[133.3212269231696,34.177583808653814],[133.3211302486574,34.1775329067061],[133.3211217442887,34.17752842892023],[133.3210497579417,34.177487966865314],[133.32095785627047,34.17743897924961],[133.32090498566043,34.17741267855452],[133.3209047528228,34.1774125627228],[133.32086407566652,34.17739436857335],[133.32082213541122,34.177377340830056],[133.32080966328655,34.177369921711836],[133.3207973352372,34.17738799752645],[133.3207919800164,34.17738971905863],[133.32078649584835,34.1773916567347],[133.32078096185535,34.177392919717654],[133.32079333589616,34.17744022654092],[133.32080360104368,34.17748070704186],[133.32080370781875,34.177481074137454],[133.32081806362604,34.177530431374045],[133.3208309927884,34.17758015291507],[133.32085687270717,34.17766908605164],[133.32089008834728,34.17773413083266],[133.320940162498,34.17780302416283],[133.32097420085714,34.17784067012564],[133.32099367689435,34.17787638368383],[133.3210265403151,34.17794464105029],[133.3210377888847,34.177979469292815],[133.3210385720718,34.177982471986766],[133.32104042886394,34.177989590910045],[133.32103661049973,34.17799019704212],[133.32103436024252,34.17799055426861],[133.32098366083412,34.17800068598169],[133.32089351636313,34.17802668107367],[133.32079146402754,34.17806444755308],[133.3207316178273,34.17808411442012],[133.32061080423114,34.17811038146413],[133.32055710726283,34.178122728484816],[133.32055659174756,34.17812282557924],[133.320481555255,34.17813695686799],[133.32045001853905,34.17813741740872],[133.3204635156558,34.178164344365086],[133.3205290340937,34.17820115999342],[133.3206207546756,34.17825592504214],[133.32061922021964,34.178260367724576],[133.32061855466316,34.178261642700036],[133.3206168010828,34.17826491490696],[133.32061612198615,34.17826616437736],[133.32061524431245,34.17826779752163],[133.32061432635584,34.178269488112356],[133.3206135587272,34.17827092094031],[133.32059460525716,34.17828674424024],[133.32044007609977,34.17817296780276],[133.32046301650138,34.17819210007751],[133.32050435104406,34.17824508703564],[133.32050491384393,34.17824580849672],[133.32051912273806,34.17827241704487],[133.32054005093516,34.17832834656393],[133.32055868929265,34.178385031579225],[133.32057414537135,34.178468076286215],[133.32060019347747,34.178554813506494],[133.32061841193982,34.17859438610944],[133.3206300373708,34.178627076272505],[133.3206304392223,34.178628206293716],[133.32073441626773,34.17894079561339],[133.3207331186911,34.179039203033156],[133.32072813292385,34.17907568771664],[133.32096958624513,34.17916467429503],[133.32123510397847,34.179036280902366],[133.32122446685912,34.17892328285319],[133.3212958244914,34.17891377237319],[133.32127869852724,34.178806386466285]]]},"properties":{"classLabel":"土砂災害警戒区域","phenomenon":"急傾斜の崩壊","name":"恵比須","areaCode":"349-Ⅰ-487(1)","address":"魚島","noticeDate":"2021-01-29"}},{"type":"Feature","id":59,"geometry":{"type":"MultiPolygon","coordinates":[[[[133.32060021222725,34.17692017394346],[133.32042654712848,34.17673441206153],[133.32037880354548,34.17674668263127],[133.32032315710495,34.17676169446792],[133.3202954634855,34.176769165399605],[133.32017990945766,34.17679713403584],[133.319943275902,34.17685440833111],[133.3197250954376,34.17686677245812],[133.31981756443395,34.177017719821045],[133.31984679631404,34.17730253496264],[133.31993100984698,34.17749304047299],[133.32026485574244,34.17760165925242],[133.32045129173613,34.17749036548644],[133.32054437655665,34.177434797869765],[133.32056876910016,34.177416352524176],[133.32061399331673,34.17738215443991],[133.32064233561022,34.17735064232186],[133.3206777571256,34.177159170901824],[133.3206169222474,34.17705241407907],[133.32060094739478,34.17698794440228],[133.32060021222725,34.17692017394346]]],[[[133.31964738165175,34.17740290857835],[133.31961568953545,34.177245078868864],[133.31951211564154,34.177271884180215],[133.3194302940916,34.17729305983162],[133.3193142912021,34.17732308159581],[133.31932023759074,34.17748256864276],[133.3193051971816,34.17763759072767],[133.31936532398382,34.177808643507475],[133.31934882201537,34.17823938806773],[133.3193982341029,34.17835001387983],[133.31960748774864,34.17804114216026],[133.31964046589897,34.17799246408404],[133.3196949793556,34.177937445947556],[133.31976252032914,34.17788567667045],[133.31984226496317,34.177824553298535],[133.31974475695117,34.1776856749748],[133.31968612926357,34.177533844561175],[133.31964738165175,34.17740290857835]]],[[[133.31790582138444,34.18024437321809],[133.3181564504012,34.180133759239006],[133.31822944518936,34.18009632260043],[133.31819254358294,34.18009514157135],[133.3181765503941,34.17998707457183],[133.3184376477204,34.179869286318755],[133.31863603368646,34.17988409952723],[133.31870946557845,34.17987664868012],[133.3188313723068,34.17989272336461],[133.31919295626022,34.17972379315877],[133.31924024823613,34.179656375328534],[133.31924944044542,34.17956810763366],[133.3193233982206,34.179527707336476],[133.31952103475402,34.17942404483483],[133.31965035400566,34.17931922448863],[133.31978787494123,34.17925668030422],[133.319987278903,34.17927004969749],[133.32011801844635,34.179050674116276],[133.32012355189482,34.17905473435075],[133.3203728561152,34.179029597657035],[133.32046578055366,34.17908159218737],[133.32054119546365,34.17908443481939],[133.32077438308465,34.179061700445736],[133.32062974540952,34.178627227347185],[133.3206186072447,34.17859376952096],[133.32060055432143,34.17855606924328],[133.32057439323347,34.1784679671411],[133.32055757657653,34.17838176288611],[133.3205394587411,34.178327220356756],[133.32051845877237,34.17827047740544],[133.32050447845904,34.17824504818589],[133.32050335256793,34.17824300028921],[133.3204617640377,34.1781907296762],[133.32044023288054,34.17817292641652],[133.3204340850932,34.178173427951556],[133.3204206580396,34.17816977722132],[133.320409339512,34.17816005902718],[133.32039947606495,34.17815542746054],[133.32032127692278,34.178122193050335],[133.320186312727,34.17806814332112],[133.31999673124815,34.17794067968788],[133.31995471249257,34.17798503659018],[133.31993062063444,34.17801196980822],[133.31993053598944,34.17801209556262],[133.31988330178248,34.17808226087604],[133.31985229020466,34.17812505150669],[133.31980967714688,34.17818430680214],[133.3197909809706,34.17821674034931],[133.31976894209686,34.17828296278464],[133.31975743119617,34.178326893061815],[133.31974574201604,34.17836445657549],[133.31974567314072,34.17836467789685],[133.31971413824314,34.178485360028894],[133.31949235644097,34.17852218979752],[133.3194441558736,34.178530194104525],[133.31935871016356,34.17854278443499],[133.31927871940297,34.178537765786864],[133.31916274056815,34.178518522466156],[133.31908421401104,34.17850781145817],[133.31907883252003,34.17850693052525],[133.31903195957977,34.17849925775861],[133.31898224270856,34.178497063618046],[133.31897135442472,34.17849636750232],[133.3189695248211,34.17851708738067],[133.3189667306859,34.17853659323985],[133.31896594746692,34.17853996387712],[133.3189649865689,34.17854436346478],[133.31896461719882,34.1785461327525],[133.31896382156827,34.17855100349372],[133.31892063841866,34.17860467082483],[133.31887447608224,34.178615606209476],[133.31882839691036,34.178622747663255],[133.3186677407904,34.17880204852091],[133.31865272109238,34.178823940174716],[133.31865090623683,34.178824167719874],[133.3186488387679,34.17882447017819],[133.31864652791145,34.17882440375506],[133.31864373162597,34.17882401497057],[133.31864267790732,34.17882434348355],[133.3186415452227,34.17882490798817],[133.31863919647844,34.178823527418835],[133.31860801520764,34.17887046321702],[133.31859862025624,34.17890616370324],[133.318574530349,34.17899770436087],[133.31855368918,34.179072080318875],[133.31851043547599,34.17916055069574],[133.31843769316774,34.17926028036476],[133.31840635425152,34.17934587473852],[133.318364539035,34.17946008223048],[133.31825255016312,34.17946283784543],[133.31818479399672,34.17946706749331],[133.3181739668365,34.17946774337077],[133.31807908977837,34.17944863058179],[133.31807091950972,34.17946935906506],[133.31799081763128,34.17950013622191],[133.31767691584582,34.17953990833326],[133.31748405061893,34.17973078779964],[133.31728630489573,34.18010396715535],[133.31721684479675,34.18022091310913],[133.31721769394653,34.180220840875975],[133.31732476400035,34.18021173306792],[133.31732650828445,34.18021158471341],[133.31756496904515,34.18019510282061],[133.3177196385354,34.18021746050278],[133.31790582138444,34.18024437321809]]]]},"properties":{"classLabel":"土砂災害警戒区域","phenomenon":"急傾斜の崩壊","name":"井の浦","areaCode":"349-Ⅰ-488(1)","address":"魚島","noticeDate":"2021-01-29"}},{"type":"Feature","id":60,"geometry":{"type":"Polygon","coordinates":[[[133.31301653873385,34.18075460159715],[133.31302964821995,34.18078528645033],[133.31305141671325,34.18079029729364],[133.31308417423955,34.1807921623739],[133.31310710731063,34.1807921973034],[133.3131387827925,34.18078952277198],[133.3131617318682,34.18078229699703],[133.3132710029398,34.18075251285653],[133.3134458019671,34.18069486219467],[133.3134906756073,34.18058190215558],[133.31354710723537,34.180460557374026],[133.3134341064213,34.180442848335744],[133.31336482856153,34.18043199131052],[133.31325822409127,34.18041528449057],[133.31327464910453,34.18046557038519],[133.3132257943296,34.180523402751376],[133.31308956039427,34.18056779285621],[133.31267201827583,34.180503445143806],[133.31276475836998,34.18055022231258],[133.3129016852305,34.18061928662438],[133.31298753678726,34.18068671780528],[133.31299804520768,34.180711314461306],[133.31301653873385,34.18075460159715]]]},"properties":{"classLabel":"土砂災害警戒区域","phenomenon":"急傾斜の崩壊","name":"大木B","areaCode":"349-Ⅰ-490(1)","address":"魚島","noticeDate":"2021-01-29"}},{"type":"Feature","id":61,"geometry":{"type":"Polygon","coordinates":[[[133.2735224098001,34.192318185557724],[133.27363745624183,34.192159105555056],[133.27388014862083,34.1922770956668],[133.27389773866236,34.19227297852287],[133.27427591204346,34.192143835458],[133.27409919762312,34.1918446130883],[133.27413204380179,34.191820459483786],[133.2742160852267,34.191720731104006],[133.2742838004729,34.19156965563756],[133.2740442818116,34.19148962916863],[133.27394428864125,34.19145621990572],[133.27375042121042,34.191448680766555],[133.2736559534418,34.191421856014856],[133.2736544303422,34.19142142353386],[133.2735545748631,34.19138973897974],[133.27353505960835,34.19141427868761],[133.27353097202882,34.191417395467624],[133.2735266269744,34.19141932659107],[133.27351149435702,34.191419921135996],[133.27349675475378,34.19141694349243],[133.2734875539557,34.191415045040145],[133.27337681720604,34.19122762360168],[133.27325975604796,34.19105524196729],[133.2731831983057,34.1909918634077],[133.27302202334627,34.19085230754445],[133.2728858759445,34.19078898855143],[133.27281919619253,34.1907604461711],[133.27277611979497,34.190843194448334],[133.27277602777016,34.190843371229754],[133.27274706264018,34.19089621065147],[133.2727061369821,34.190972111361525],[133.27266645248443,34.19105779186124],[133.2726394513306,34.19114543585378],[133.27263199272542,34.19116964598839],[133.27257217185397,34.191592537675255],[133.27260259365855,34.19166221107346],[133.27272607750106,34.19174856969648],[133.27274700122695,34.19182607964406],[133.27290092703964,34.19200580155011],[133.27298061793013,34.1920214215222],[133.27308869469377,34.19202302137929],[133.27340698830375,34.1923039890741],[133.2735224098001,34.192318185557724]]]},"properties":{"classLabel":"土砂災害警戒区域","phenomenon":"急傾斜の崩壊","name":"浦A","areaCode":"349-Ⅰ-491(1)","address":"魚島","noticeDate":"2021-01-29"}},{"type":"Feature","id":62,"geometry":{"type":"MultiPolygon","coordinates":[[[[133.27256003480494,34.192155312769366],[133.2726064285626,34.191936265831096],[133.2724894379218,34.19187676207247],[133.27241074421832,34.19193883011998],[133.2724065018036,34.19194217625102],[133.27236914794665,34.19196609452495],[133.27236496583004,34.191964604601644],[133.27228520336703,34.191936188570864],[133.272282232647,34.19194201505286],[133.2722810704003,34.1919423789241],[133.2722814448716,34.19194269366682],[133.27223506573318,34.192070313728586],[133.272166717301,34.19216870244186],[133.27224381820187,34.1921941970103],[133.27225720371086,34.192212249437524],[133.27227994258516,34.19224291632906],[133.27233799569495,34.19232120982889],[133.27256003480494,34.192155312769366]]],[[[133.27197810111699,34.192078041150396],[133.2719840313376,34.19189457128383],[133.27181993465197,34.191858600380286],[133.27181508643932,34.1918576872762],[133.27170807639592,34.19183753311349],[133.27167105316036,34.19183394874466],[133.27162297764798,34.19182929432641],[133.27156294145783,34.191827048961834],[133.27151031258347,34.191923942111025],[133.27148652023612,34.191970168218724],[133.27134937846878,34.191913874738056],[133.27138301349248,34.19193796883578],[133.27142647337763,34.19197711118787],[133.27143560105145,34.19198533207998],[133.27147917192698,34.192032676306674],[133.27150614732517,34.19206096948625],[133.2715310607056,34.19208234226041],[133.27160389097145,34.192135936606604],[133.27160448437016,34.19213634083097],[133.271774795159,34.192252355579555],[133.27162294939873,34.192400997265345],[133.271472811356,34.192547966574466],[133.2714383836007,34.1925878273591],[133.27143661168486,34.192589878899206],[133.2713738633891,34.19266031241235],[133.2714649371015,34.19271525900891],[133.2715560141171,34.19266626046559],[133.27167817178344,34.1925644349007],[133.27172911015106,34.19251845523988],[133.27172999941436,34.19251761051834],[133.27195702463547,34.1923019551069],[133.2718632292656,34.19220124962142],[133.27197810111699,34.192078041150396]]],[[[133.27258935933295,34.19377342351882],[133.27269136745673,34.19375112176915],[133.27286456701202,34.1937589401945],[133.27294308930433,34.19377036308525],[133.27300512925666,34.193779388215326],[133.27300516957834,34.19377920623787],[133.27306837385854,34.19376136939209],[133.27312826150072,34.19374076426289],[133.27315665609638,34.19368833652469],[133.2731817821163,34.19361518685208],[133.27300578385632,34.193549951586185],[133.27304593455153,34.19345197067442],[133.27289480745804,34.19340887819704],[133.27295675291992,34.193240503641505],[133.27303211246064,34.193027959973726],[133.27307723774186,34.192934131422525],[133.27314950600046,34.192828175324614],[133.27303472900184,34.19268318990506],[133.27281395091856,34.192711432339905],[133.27278000306924,34.19266012247029],[133.27276587770308,34.19261429047573],[133.27263149921865,34.19257312715856],[133.272608813849,34.19256617808449],[133.2725673607118,34.192548859103006],[133.27255666099936,34.192550079512806],[133.27244917026667,34.192562339805114],[133.27242021318253,34.19258396837378],[133.27238789576003,34.19260445989596],[133.27206656412773,34.192940744226576],[133.2720839659772,34.19297304477167],[133.2720928285072,34.192994185243826],[133.27209570031206,34.193003166002015],[133.27197811151467,34.19322476082374],[133.27208931012783,34.19348134732373],[133.27208942807195,34.193483345600804],[133.27211599876236,34.19365335152874],[133.27229743448294,34.19379630370714],[133.27232828072454,34.193844319292616],[133.27233466404124,34.19385724259144],[133.27238255780196,34.1938480094884],[133.27243672886712,34.19383311630436],[133.2724388339072,34.19383239850728],[133.27249145438734,34.19381445575874],[133.27258935933295,34.19377342351882]]]]},"properties":{"classLabel":"土砂災害警戒区域","phenomenon":"急傾斜の崩壊","name":"浦B","areaCode":"349-Ⅰ-492(1)","address":"魚島","noticeDate":"2021-01-29"}},{"type":"Feature","id":63,"geometry":{"type":"Polygon","coordinates":[[[133.31486728179848,34.180196575178734],[133.31487081077867,34.180106463726574],[133.31465407109243,34.180127706227125],[133.31463961838767,34.18020185731069],[133.31464096078412,34.18021685742558],[133.3146463520259,34.180277100182025],[133.3146550420357,34.180374203890764],[133.31486029387284,34.18037500905792],[133.3148644581038,34.18026867753184],[133.31486728179848,34.180196575178734]]]},"properties":{"classLabel":"土砂災害警戒区域","phenomenon":"急傾斜の崩壊","name":"大木A","areaCode":"349-Ⅱ-1(1)","address":"魚島","noticeDate":"2021-01-29"}},{"type":"Feature","id":64,"geometry":{"type":"Polygon","coordinates":[[[133.22361526933503,34.28952560519175],[133.22340283764368,34.28958876060176],[133.22332820843806,34.28973630775843],[133.2232573834486,34.2897903299086],[133.22322480433863,34.28985654992279],[133.2234005206955,34.28989675177002],[133.2235024637235,34.28992007501388],[133.2235080797896,34.2899210267701],[133.22361450724713,34.289939063204805],[133.2236547435443,34.28993545334066],[133.22366587851974,34.28992708341728],[133.2236848991045,34.289912318477626],[133.22373558450693,34.28993457459929],[133.22393971236986,34.28999015350963],[133.224147549788,34.28984519517445],[133.22423893125446,34.28979465061549],[133.22428570435113,34.289670815659036],[133.22431633374657,34.28953913193065],[133.22452309424034,34.28930614964229],[133.22463761493165,34.28920487930198],[133.22463905556896,34.28916640368034],[133.224650569122,34.28915644985434],[133.224673496691,34.289154689550855],[133.2247590705319,34.28903261039779],[133.22492945577628,34.28896309625212],[133.22496108610522,34.28895734390626],[133.2250336145244,34.28896518347321],[133.22514883644067,34.28906560137646],[133.22523566297792,34.28911176579651],[133.22529756872203,34.28903768347787],[133.2253060789485,34.28902749930629],[133.22535813637435,34.28896723969397],[133.22544801616206,34.28886319818021],[133.22537274035673,34.28881023686943],[133.22512360218082,34.288702657415826],[133.22500795799752,34.288666046514976],[133.2248704022665,34.288670247700985],[133.22461352555274,34.28865302367649],[133.22438192500175,34.28860486102478],[133.22405539183248,34.288779051149604],[133.22400303933995,34.28897731466585],[133.22400755574702,34.28904546363474],[133.22406583391938,34.28930404084095],[133.22412961552098,34.289406794676275],[133.22396956621807,34.289405933510714],[133.2238732274465,34.289397414233434],[133.2238065900553,34.2894329468722],[133.22378610413477,34.28942581772833],[133.22373430930307,34.28945034208687],[133.22363349470567,34.28950232421131],[133.22361526933503,34.28952560519175]]]},"properties":{"classLabel":"土砂災害警戒区域","phenomenon":"急傾斜の崩壊","name":"久司浦A","areaCode":"350-Ⅰ-493(1)","address":"弓削久司浦","noticeDate":"2021-01-29"}},{"type":"Feature","id":65,"geometry":{"type":"Polygon","coordinates":[[[133.22467374518203,34.28788242835607],[133.22466185908925,34.287804910762155],[133.22449946882625,34.28780651169109],[133.22449862810612,34.287806210690434],[133.2244981499454,34.28780471691779],[133.2244981607641,34.287807464445116],[133.22448730896963,34.28783985526376],[133.22444359922605,34.287878683631334],[133.22444306661194,34.287879159696445],[133.22442314101727,34.287896969424224],[133.22434784547795,34.28796442110965],[133.2244283871837,34.28800884399167],[133.22449870050022,34.28801746296968],[133.22469303314008,34.28799610548164],[133.22467762623057,34.28790685981817],[133.22467761827988,34.28790681381771],[133.224675637028,34.28789433962251],[133.22467374518203,34.28788242835607]]]},"properties":{"classLabel":"土砂災害警戒区域","phenomenon":"急傾斜の崩壊","name":"久司浦B","areaCode":"350-Ⅰ-494(1)","address":"弓削久司浦","noticeDate":"2021-01-29"}},{"type":"Feature","id":66,"geometry":{"type":"MultiPolygon","coordinates":[[[[133.2120369638344,34.27823615406244],[133.21193551092972,34.27819922006491],[133.21191098159326,34.27824491156129],[133.21200905959,34.27829497788588],[133.21204623448787,34.27831364525784],[133.21205427305634,34.278317681832384],[133.2121377461028,34.27836219602525],[133.21216951664292,34.27831219214126],[133.21215800230712,34.278287709722754],[133.21215343929458,34.27828079851263],[133.21212269385612,34.27826943512812],[133.21209207895734,34.27825754824622],[133.21203718955977,34.27823623624041],[133.2120369638344,34.27823615406244]]],[[[133.2120816004118,34.27979888032603],[133.21211963433066,34.27979828083434],[133.21216711001009,34.27979839235307],[133.21218977646748,34.279794722543436],[133.21226701776908,34.279725231737324],[133.21229673964703,34.27952058970449],[133.21211397365758,34.279367651344316],[133.21216432891305,34.279364152854505],[133.21218704290436,34.27917388243769],[133.21216344457332,34.27900858606829],[133.2121554639374,34.27887921663598],[133.21208457170854,34.278694828153334],[133.21189809512012,34.27854898768852],[133.21178333932139,34.27856069645169],[133.2117749981243,34.278557499216625],[133.21177374519004,34.278557467896036],[133.21170366465708,34.27853388474639],[133.21166924754516,34.278531628833555],[133.21168228764395,34.27850353478053],[133.21172571286928,34.278385151388264],[133.21172546292703,34.278239919889444],[133.21164323122028,34.27813476915837],[133.21169221772496,34.27812892475969],[133.2117620631271,34.27798586136076],[133.21167137227263,34.27793625649884],[133.21166979056204,34.27793539135079],[133.21166144544117,34.27793266489629],[133.2116452145048,34.277931894835994],[133.21152146980816,34.27792848380168],[133.21152028929689,34.277986118296035],[133.21140182217914,34.27814459076388],[133.2114026814287,34.27827340758457],[133.21132528058013,34.278318677496465],[133.2113237092238,34.278423879062075],[133.21135562120355,34.278492120939376],[133.21143213792953,34.278674535036366],[133.2114701712551,34.278772139261875],[133.21157520417984,34.27892525437722],[133.2116871796236,34.278885214615656],[133.2117572366885,34.27903192853811],[133.21178151777107,34.27908140642807],[133.21178731440116,34.27911745514695],[133.2116926445908,34.279258872818914],[133.21168160429974,34.2795270530521],[133.21182623115422,34.279655928256176],[133.21181665646753,34.279782934888765],[133.2119023972887,34.27980116412475],[133.21202395980373,34.27979978886884],[133.21202402943345,34.279799787759934],[133.2120816004118,34.27979888032603]]]]},"properties":{"classLabel":"土砂災害警戒区域","phenomenon":"急傾斜の崩壊","name":"上弓削A","areaCode":"350-Ⅰ-495(1)","address":"弓削上弓削","noticeDate":"2021-01-29"}},{"type":"Feature","id":67,"geometry":{"type":"MultiPolygon","coordinates":[[[[133.20661898943857,34.27158429517096],[133.20622053867282,34.27142840811775],[133.20590628550045,34.27173899153286],[133.20587270451438,34.27193409187218],[133.20579273858516,34.272013265295946],[133.20577188045834,34.27213192036661],[133.2059781069666,34.27226928956883],[133.20598327399156,34.27233459823461],[133.2062546514415,34.272386374487525],[133.20625791606207,34.272386997351894],[133.20633489446348,34.272397726820984],[133.20637290904003,34.27240148000898],[133.20640712276995,34.27240449220926],[133.20644365481024,34.27240391797275],[133.20650375241385,34.27239221691123],[133.20654551202375,34.27237453137665],[133.20654857797766,34.27231196061855],[133.20671488717477,34.272164552720184],[133.20690085235032,34.27195369621545],[133.20706952255887,34.2717794997664],[133.2070616465301,34.27169343071861],[133.2070636891141,34.27165291948598],[133.20695622995257,34.27164655016458],[133.2069553720351,34.27164644631168],[133.20679820835977,34.27162742312213],[133.2067319212007,34.27161203170076],[133.20662332603237,34.27158599177858],[133.20661898943857,34.27158429517096]]],[[[133.20613804833124,34.27253880633718],[133.20604162540926,34.272520474434536],[133.20603202440702,34.272521509867445],[133.20599003537404,34.27252603829795],[133.20588233949897,34.27253765291859],[133.20587672705742,34.27257393629342],[133.20584915458286,34.272596440015704],[133.20579798449216,34.27268239370895],[133.20587347660287,34.27282762284921],[133.20587159537214,34.27289959758526],[133.20598203128665,34.272949101210685],[133.20608209934096,34.27302580861993],[133.20614388023165,34.27295395701288],[133.20617809913193,34.27291416013803],[133.20620204794383,34.272882810074286],[133.2062602105628,34.272806672546714],[133.20623348041778,34.27277464955285],[133.20614854265833,34.272700332133475],[133.20608032169125,34.27268511538978],[133.20614524899466,34.27262936006271],[133.20615810377973,34.272595497314164],[133.20613804833124,34.27253880633718]]],[[[133.2079970889349,34.27317229027011],[133.20802121085217,34.2731320310069],[133.2080550011913,34.27306989367009],[133.20811776127164,34.272952576767906],[133.20811924353123,34.27294897538648],[133.20813106373032,34.272920256450334],[133.2081479541905,34.27289043248642],[133.2081643615923,34.27286729105751],[133.2081362796835,34.27285143675183],[133.20812244881074,34.272840001380985],[133.20810857450815,34.2728171702132],[133.20810561961866,34.27280869452053],[133.20792309715105,34.272838937929116],[133.20782042602022,34.272868322523514],[133.20781956918094,34.27286856776241],[133.20774323507152,34.272898008095446],[133.20699908983914,34.27314239592309],[133.20699760591418,34.27314077799477],[133.20689164526928,34.27306712756815],[133.20676894501176,34.272969806717214],[133.2065807547021,34.272918711631974],[133.20646547116445,34.27290621019943],[133.2063084076481,34.27287962778223],[133.20629320744254,34.272918457106684],[133.20626817241452,34.272963194245655],[133.2062642130513,34.27297026956237],[133.20623319449115,34.2730150322823],[133.20623262066636,34.273015860383474],[133.20617842124233,34.27309087868271],[133.20621332461928,34.273117008121325],[133.20631625109047,34.273184803206725],[133.20640612331266,34.27323605433857],[133.20646603515848,34.273270219995545],[133.20646706315378,34.273270806225256],[133.20651225762487,34.27329597541763],[133.20663225343733,34.27334808490068],[133.2067357817001,34.27339257650516],[133.20673191480452,34.27339983643563],[133.20673055243486,34.27341650767471],[133.20697074649095,34.2735558756505],[133.20709061444882,34.27362692717968],[133.20756939583345,34.273887372699406],[133.2076426851365,34.27375500013113],[133.20764443637205,34.27375227643896],[133.2077226999919,34.273630553373444],[133.2077859988467,34.27353115556904],[133.20786378445766,34.2734039195375],[133.20788971342517,34.27336117624843],[133.20793498109103,34.27327417939016],[133.2079970889349,34.27317229027011]]]]},"properties":{"classLabel":"土砂災害警戒区域","phenomenon":"急傾斜の崩壊","name":"上弓削B","areaCode":"350-Ⅰ-496(1)","address":"弓削上弓削","noticeDate":"2021-01-29"}},{"type":"Feature","id":68,"geometry":{"type":"Polygon","coordinates":[[[133.20012001648277,34.26949674024052],[133.20013579173133,34.269537531631485],[133.20032159454752,34.26959095267273],[133.2004105710832,34.26961797633285],[133.20064068688527,34.26971929270334],[133.20081241882735,34.269837109138365],[133.20086220441462,34.269568177477936],[133.20086087122826,34.269586174059185],[133.20099995599872,34.269677579128896],[133.20100196611995,34.269654201849264],[133.20108899484276,34.26965451775343],[133.20108580568802,34.26968505758365],[133.20134789754417,34.2695295407861],[133.20147273534755,34.26933393781688],[133.2014647480604,34.269130837782214],[133.20134333272586,34.26911072003572],[133.20129025535664,34.26910135322127],[133.20127223271516,34.26909811337757],[133.20119112168626,34.26908353235781],[133.20116659817205,34.26907741774294],[133.20112590151737,34.26925651962413],[133.20112891955927,34.26938800799169],[133.20108458903624,34.26932341515136],[133.20109070427085,34.26933686822513],[133.20104028518404,34.269293439696284],[133.20104035303888,34.26929073035623],[133.20088008622324,34.2693347522487],[133.20087880791195,34.26933913729529],[133.20043883558006,34.268915608884036],[133.20043020613747,34.26890634165841],[133.20041009111125,34.26888793851596],[133.20030559026125,34.26886609850761],[133.20017290553096,34.2689220391761],[133.20017223685227,34.26892224805652],[133.20013842026643,34.26893139433299],[133.2000633527589,34.2690925410715],[133.20006109596648,34.26915043694826],[133.20006292001779,34.26918263249897],[133.20006549142056,34.26922801944934],[133.20007334540057,34.26931869770038],[133.20008420172996,34.26938611364485],[133.200097454754,34.26943656759675],[133.200119648515,34.26949575884607],[133.20012001648277,34.26949674024052]]]},"properties":{"classLabel":"土砂災害警戒区域","phenomenon":"急傾斜の崩壊","name":"引野A","areaCode":"350-Ⅰ-497(1)","address":"弓削引野","noticeDate":"2021-01-29"}},{"type":"Feature","id":69,"geometry":{"type":"MultiPolygon","coordinates":[[[[133.2013505423142,34.26659741370324],[133.2013165963213,34.266595316412975],[133.201287210146,34.2665959194414],[133.2012868853699,34.26659594361883],[133.2011657473279,34.266604964526074],[133.20116050267018,34.26671568225136],[133.20119160467564,34.266741011704994],[133.2012345421568,34.26683456102917],[133.2013630424215,34.26676476980401],[133.20136358509941,34.26676447486962],[133.2013963274349,34.266746680124335],[133.20141264443916,34.26673618721901],[133.20141712378296,34.26673330672263],[133.20149826634943,34.2666807331933],[133.2014665014041,34.266658546739386],[133.20143514052748,34.26665081610276],[133.20145822263578,34.266641373060416],[133.20138554388527,34.266605775184665],[133.2013622785772,34.26660021735808],[133.2013505423142,34.26659741370324]]],[[[133.20160657125913,34.266825077481855],[133.2015877117444,34.266766891183224],[133.20151734347152,34.266804105990076],[133.2014931038266,34.2668097074066],[133.20148950681067,34.26681053864764],[133.20145313804915,34.2668180433717],[133.2014530639882,34.266818058839874],[133.20132668779942,34.26684444806272],[133.20135126528447,34.26690275515586],[133.20147264800144,34.26687648268339],[133.20147315968322,34.266876372394925],[133.20151209695203,34.266867979441095],[133.2015219087406,34.26686586450267],[133.20156346108948,34.26685091829585],[133.20160657125913,34.266825077481855]]],[[[133.20197326794136,34.26713671708218],[133.2018445521193,34.26705057476991],[133.20178789861117,34.26705732736806],[133.20173728591698,34.26706457186997],[133.20171583690717,34.26706764199206],[133.20171558366988,34.26706767824445],[133.20160821759472,34.26707969178167],[133.20151945242873,34.26711529322701],[133.20121349475954,34.26724165389227],[133.2011275923347,34.26727938827531],[133.20129000188297,34.26729804339165],[133.2012934640622,34.267308616999095],[133.20129435886443,34.26730956368867],[133.2014342441398,34.267670483028525],[133.20154580719424,34.267630119780364],[133.2015621574082,34.26762541422504],[133.20158285490197,34.267619457530536],[133.20163403600205,34.26761199894019],[133.2016484625472,34.26760989656714],[133.201687520805,34.26760253755365],[133.20173894572923,34.26758914423497],[133.20189477954682,34.26750147553692],[133.20190712604824,34.26746984534956],[133.20200587273789,34.267414877462045],[133.20203382983001,34.26741302787907],[133.20205853431742,34.2673855629983],[133.20206549459527,34.26737728325325],[133.20197326794136,34.26713671708218]]],[[[133.20103594531335,34.26837529848996],[133.20103627513927,34.26837426636594],[133.20103645748648,34.26837430875521],[133.20107224042226,34.26838262703992],[133.20110974389584,34.268416159141125],[133.20114947895297,34.268451686497414],[133.2011768421699,34.26841836911008],[133.20117071731468,34.26836080332166],[133.20116829342248,34.26834134325379],[133.20109802284574,34.268303338007584],[133.20109690789664,34.26830305959866],[133.20106277095428,34.26829453561053],[133.20106262028582,34.26829450105701],[133.20106182331267,34.26829431841163],[133.20110672297287,34.26815381342084],[133.20105653190922,34.268012520726614],[133.2010590520249,34.268011908775975],[133.20116328020646,34.267986599347026],[133.20112617141103,34.267871917408726],[133.2010483121696,34.267934766483826],[133.2010332348476,34.26794693708022],[133.20101956195512,34.26790844641953],[133.20080524763958,34.267852948005086],[133.2006011237319,34.26780504564203],[133.2004285928248,34.26776456804044],[133.20021458173974,34.267714100022275],[133.19997150625557,34.26777469722037],[133.19995743321337,34.26770263964511],[133.1997364826721,34.26789099902836],[133.19955560798473,34.26793108622244],[133.199364999627,34.26794632535387],[133.19945445970984,34.268065761227916],[133.19950550150938,34.26813390570077],[133.1995628479439,34.268210467096715],[133.19960194903604,34.26817786885564],[133.199657924522,34.26817010670782],[133.19982052120835,34.268381403316205],[133.19983057585006,34.26838200989564],[133.19997060433144,34.26860228963709],[133.20012893119366,34.26873944214612],[133.20028388060678,34.26877878239593],[133.20045497000112,34.2687640613402],[133.20045603851025,34.26876383297194],[133.20045634550138,34.2687636162932],[133.20071414098098,34.26868020698629],[133.20099758144252,34.26855727829031],[133.2010055830719,34.26855299927019],[133.20101987457514,34.26854275106623],[133.2010202252546,34.26850996298644],[133.201018949172,34.268476191647615],[133.20101894224038,34.26847600818139],[133.20101814845174,34.26843248356361],[133.2010358810978,34.26837550479117],[133.20103594531335,34.26837529848996]]]]},"properties":{"classLabel":"土砂災害警戒区域","phenomenon":"急傾斜の崩壊","name":"引野B","areaCode":"350-Ⅰ-498(1)","address":"弓削引野","noticeDate":"2021-01-29"}},{"type":"Feature","id":70,"geometry":{"type":"Polygon","coordinates":[[[133.2005579763001,34.26075497225803],[133.20063176087135,34.26068638906216],[133.20061092761492,34.26066125246807],[133.20060330347252,34.26063925549599],[133.200568395079,34.26058643749092],[133.20041808741507,34.26035146981638],[133.2001416432296,34.26046681536866],[133.2000883989649,34.26053909788199],[133.2001019658132,34.26068033767116],[133.2001698190395,34.26083081711096],[133.20027669695403,34.26079073929867],[133.20030456787177,34.26078009294543],[133.20030775306168,34.26077674117126],[133.20032124676612,34.260762541826296],[133.2003584910422,34.26071746982497],[133.20037372519093,34.26074172216382],[133.2004071008382,34.26077950327793],[133.2004761340727,34.26083680110964],[133.2005027787479,34.26080981211749],[133.20054497077308,34.2607670748454],[133.20054513718398,34.26076690628163],[133.2005579763001,34.26075497225803]]]},"properties":{"classLabel":"土砂災害警戒区域","phenomenon":"急傾斜の崩壊","name":"下弓削E","areaCode":"350-Ⅰ-500(1)","address":"弓削下弓削","noticeDate":"2021-01-29"}},{"type":"Feature","id":71,"geometry":{"type":"MultiPolygon","coordinates":[[[[133.2017833954652,34.260602951572636],[133.20176499795963,34.26053035997306],[133.20175879982034,34.260505903728905],[133.20177541081762,34.26046340000848],[133.20151946982205,34.26036586013901],[133.20126837726528,34.26044385946095],[133.20119641175864,34.26052004973354],[133.20126977069563,34.260586521030156],[133.2013056943731,34.260619071785236],[133.2013790534612,34.26068554301624],[133.20143816247352,34.260673605503555],[133.2015187648061,34.26059121723682],[133.2015796351105,34.26065544474594],[133.2018187261345,34.26074235663075],[133.20181544047102,34.260729392366756],[133.20179636637866,34.26065413130156],[133.2017833954652,34.260602951572636]]],[[[133.20158662926903,34.26072922827179],[133.20151736095474,34.26065065845788],[133.201442256376,34.260689897913025],[133.20132425609904,34.26078178408267],[133.2013934329214,34.260853601778145],[133.20139345557905,34.26085362532339],[133.20140639774297,34.260867741264015],[133.20140661415005,34.26086796517039],[133.2014745688911,34.26093828538552],[133.20160796672027,34.260855198801174],[133.20164684746058,34.26083820941921],[133.20160919151832,34.26075482020785],[133.20160840918115,34.2607539327999],[133.20158662926903,34.26072922827179]]]]},"properties":{"classLabel":"土砂災害警戒区域","phenomenon":"急傾斜の崩壊","name":"下弓削D","areaCode":"350-Ⅰ-501(1)","address":"弓削下弓削","noticeDate":"2021-01-29"}},{"type":"Feature","id":72,"geometry":{"type":"MultiPolygon","coordinates":[[[[133.20298480036874,34.260239593826256],[133.20279952586623,34.26020340713311],[133.20273140428603,34.2602848699613],[133.20273125761472,34.26028504535127],[133.20270845463423,34.260313383944144],[133.20271071592003,34.26032125169075],[133.20272040297772,34.26035495630655],[133.20273728606094,34.26039656869913],[133.20274177551593,34.26040754969208],[133.20287057870127,34.26051466154645],[133.203038927179,34.260563890996465],[133.20307980313586,34.260541904015824],[133.2030991354401,34.26049484746487],[133.20310257397617,34.26048647774696],[133.20310644434366,34.26047519427643],[133.20311117571944,34.260437663987574],[133.20311123379983,34.26043734379654],[133.20312837350184,34.26034284236374],[133.20298480036874,34.260239593826256]]],[[[133.20446655576777,34.26068499183564],[133.2045419876402,34.260644961935704],[133.20512561696057,34.2606993677623],[133.20487918484923,34.2603933586524],[133.2049280299434,34.26038044231083],[133.20508603065468,34.26028472244342],[133.20510219747916,34.26027027466724],[133.20508048320227,34.260244878386],[133.20502955917388,34.26020371177605],[133.2050291321782,34.2602033666172],[133.20486228104323,34.26009431589029],[133.20452065290445,34.25987103271157],[133.20449120488593,34.25991391675328],[133.20446798045148,34.26011465841864],[133.20444479390525,34.26021833930421],[133.2042414499541,34.26018812516062],[133.20442464741967,34.26039037338763],[133.20431445308284,34.26045625031379],[133.20431441534544,34.26045626728585],[133.20429637677609,34.26043716814921],[133.20429616659936,34.2604371618886],[133.20420927091826,34.26039308940057],[133.20412545279356,34.26046118985653],[133.20411528842905,34.26046944817011],[133.20409785378308,34.26049341634665],[133.2040960962621,34.26049940135106],[133.20407883031916,34.26055819807872],[133.20407816001523,34.260587831168145],[133.20415359754506,34.26068187282748],[133.20443108703367,34.26070314255894],[133.20446655576777,34.26068499183564]]],[[[133.20384593245623,34.26058054149303],[133.20392751481626,34.260407774164555],[133.20391816414823,34.2603906349143],[133.2038874631016,34.260324002569035],[133.2038668857274,34.26027934224613],[133.20382998341486,34.26019925077303],[133.203828292227,34.260195075255076],[133.2036775172615,34.26025682815231],[133.20353777805232,34.260304711471505],[133.20350758960217,34.260406046763364],[133.20348739500417,34.26041688193663],[133.20335512332102,34.260380705009794],[133.20332980907332,34.26022609930411],[133.20325069654518,34.26048091025484],[133.20322488727126,34.26056848401222],[133.20321068017572,34.26061669017983],[133.2031848708386,34.260704263926456],[133.20324805125367,34.26103635020915],[133.20347453824675,34.26086070480684],[133.20357755461862,34.26072869804169],[133.20360721078205,34.26071888878985],[133.20377055468487,34.26062041646633],[133.20384593245623,34.26058054149303]]]]},"properties":{"classLabel":"土砂災害警戒区域","phenomenon":"急傾斜の崩壊","name":"下弓削C","areaCode":"350-Ⅰ-502(1)","address":"弓削下弓削","noticeDate":"2021-01-29"}},{"type":"Feature","id":73,"geometry":{"type":"MultiPolygon","coordinates":[[[[133.2069772757682,34.259861636164025],[133.20702261239717,34.259858232094],[133.20702269690923,34.25985824075655],[133.2070871863251,34.259864870915735],[133.20712691253075,34.25987262738753],[133.20712887314633,34.25987427878502],[133.2071167118864,34.25981712040801],[133.20707939852113,34.25980784329063],[133.20703493963663,34.25980066539268],[133.20701063596397,34.25979952335588],[133.20695859719103,34.2597970780157],[133.2069832107294,34.25951246156143],[133.20671049416728,34.25953643270143],[133.20644980299343,34.259532792633365],[133.20653036385332,34.259882877572664],[133.20653045555707,34.25988329628018],[133.20655110386525,34.2599775698912],[133.20657387669777,34.26008692598101],[133.2065813337175,34.26011518616309],[133.20660380775192,34.260200356963345],[133.20660464890295,34.26020324010535],[133.20678036939333,34.26017916736579],[133.20698384807514,34.26015400232282],[133.20696974022428,34.26006539841127],[133.2069696751447,34.260064617614674],[133.20695984225617,34.25994664632515],[133.2069549321877,34.259912745589425],[133.20695272976235,34.259865331323645],[133.20695271511494,34.25986501615006],[133.20695273235023,34.25986481689671],[133.2069772757682,34.259861636164025]]],[[[133.20599162236272,34.260084503441014],[133.2056699355376,34.259721562849855],[133.20546690399593,34.25980245645561],[133.20546267087744,34.259792391456855],[133.2055017694338,34.2597796600769],[133.205502358035,34.25978068318905],[133.20553148994244,34.25977171922761],[133.2055399270222,34.259767235040506],[133.20563483498657,34.25971598305432],[133.20581207171247,34.2595840417721],[133.2058454876805,34.2593893045544],[133.20587014455415,34.25927278526653],[133.20596525687074,34.259180482475024],[133.2059968910911,34.259052539432204],[133.20591023453377,34.258965232809864],[133.20591076146255,34.258960993581006],[133.20591055862567,34.2589591475236],[133.20591109827652,34.258949014790666],[133.20590916566888,34.25894646975144],[133.20590910363697,34.25894590532472],[133.20590736145763,34.25893004922528],[133.20590657572018,34.25889778551658],[133.2059053973152,34.25887098903373],[133.2059052344329,34.258867285223204],[133.20590416822557,34.25885296052409],[133.20591051104563,34.25876295696092],[133.20572471454793,34.25879806380817],[133.20558820338468,34.258979311433635],[133.20550072242793,34.25904117883961],[133.20545961583437,34.259114824728286],[133.20540430991798,34.25925538575538],[133.2052558442122,34.259396846698856],[133.20525268295594,34.25943820385719],[133.20520333884588,34.259452427216125],[133.20511900765976,34.25944543701561],[133.20490957387076,34.2594667877696],[133.20476926442953,34.259504265095146],[133.20462443391213,34.259532326494565],[133.20432294829735,34.259781464786805],[133.2043999689104,34.25989749467064],[133.2044970494278,34.25985710789638],[133.2044972334637,34.259857031335216],[133.20452364588724,34.259844566779705],[133.20452978534217,34.25983518193604],[133.20453316547653,34.25983001500952],[133.20459460197029,34.25981459070689],[133.20459936450754,34.25981346014667],[133.20473994168168,34.25982782172819],[133.2047661188334,34.25984155456533],[133.20474758543702,34.259854351083746],[133.20474688939203,34.25985484070406],[133.20465906830128,34.25991661495223],[133.20453631938844,34.25993648188227],[133.20458749050198,34.259960487916885],[133.20453837107507,34.26002673415956],[133.20461785931133,34.260088155180235],[133.2046338156669,34.26010039092987],[133.2046472465026,34.26011069007242],[133.2047181773204,34.26006428759815],[133.20482035538893,34.26000243163634],[133.204996225506,34.25988758978825],[133.20499501044975,34.259886395070545],[133.2049943572842,34.25988599494544],[133.20499006296404,34.25988426483645],[133.20518044090954,34.25984468973541],[133.20535352268013,34.25981845628253],[133.2053587632458,34.25981777698946],[133.20537490444855,34.2598732776014],[133.2052839009964,34.25995402617806],[133.20522298694547,34.260141790669486],[133.20561515146792,34.26045353803807],[133.2056152982758,34.26045365474049],[133.20571172178214,34.260540445315534],[133.20584753694507,34.26067829617986],[133.2059531837694,34.26078149713416],[133.20607490203165,34.26089023658279],[133.20618435210474,34.26098873110655],[133.2063008612601,34.26108023573116],[133.2064837378082,34.26123576687251],[133.20659229422807,34.26131932924441],[133.20669047029116,34.26139422013285],[133.20669160468705,34.261395295480426],[133.20676028134832,34.261460399291025],[133.20676316317247,34.26146310678702],[133.20681591667434,34.26141459235845],[133.2068619152484,34.261376542796874],[133.20692672303124,34.261336138316764],[133.2069042623445,34.26129385035253],[133.20687569957167,34.26125685954102],[133.20687561130313,34.26125674525003],[133.20678456477827,34.26116154257088],[133.20670070427983,34.261069342836926],[133.20663713361623,34.26098918495749],[133.20655904536028,34.260884212634124],[133.20649798863604,34.26078635874255],[133.20642165651668,34.26066723072957],[133.20632004505995,34.2605155112018],[133.20625385096577,34.26042401711818],[133.20615460682487,34.260295540896585],[133.20605003428133,34.26015968356568],[133.205991726219,34.2600846370986],[133.20599162236272,34.260084503441014]]]]},"properties":{"classLabel":"土砂災害警戒区域","phenomenon":"急傾斜の崩壊","name":"下弓削B","areaCode":"350-Ⅰ-503(1)","address":"弓削下弓削・弓削藤谷","noticeDate":"2021-01-29"}},{"type":"Feature","id":74,"geometry":{"type":"MultiPolygon","coordinates":[[[[133.20718027394867,34.258111754703],[133.2070572842479,34.258063827147396],[133.20688275111522,34.258104262046345],[133.20686012262175,34.25811824520543],[133.2068279630468,34.25817940671113],[133.20682703190909,34.25818117755581],[133.20682069838796,34.258211287498355],[133.20682210552698,34.258238181406824],[133.2068221120061,34.25823830176173],[133.2068272483512,34.25833377356078],[133.20693752940446,34.25833993791927],[133.2070277759961,34.25837698279632],[133.20718032450947,34.258459994187085],[133.2073286651917,34.25854927933477],[133.20743349307676,34.258677821414516],[133.2074981618443,34.25860225502305],[133.20749896961766,34.25860143032652],[133.2075290945545,34.25857067372156],[133.20755300252236,34.25854626444477],[133.20759866583214,34.25850145820013],[133.20759246993615,34.25842253289551],[133.20740769623202,34.25824094191666],[133.20718027394867,34.258111754703]]],[[[133.20881042332078,34.25847582620499],[133.20863250056524,34.25838986009418],[133.20855436763142,34.25839741837816],[133.20860628026261,34.25833244900662],[133.2086517968412,34.25823129486854],[133.20847883964888,34.257996276842896],[133.20836728354917,34.25800826864231],[133.20839070469597,34.25786285416155],[133.20824641793257,34.25770792984977],[133.20809040782385,34.25753357724868],[133.20775364691175,34.257532240357385],[133.2074476690358,34.257420893470375],[133.20721544836906,34.25743910064261],[133.20707622391038,34.257518950610596],[133.2069925117092,34.25777523593501],[133.20690484460195,34.257729087961565],[133.2068335270841,34.25767226782247],[133.20672806565736,34.257743720480214],[133.2065383160205,34.257705122042736],[133.20631535429305,34.257637660512664],[133.20601926188422,34.257674986181485],[133.20597948466624,34.257886737459046],[133.20605265281208,34.25808889648698],[133.20617889248075,34.25818944461333],[133.20626537515454,34.25824897328533],[133.20649130497466,34.25831375010889],[133.20659891145735,34.258211026900454],[133.20657489144799,34.25811756418955],[133.20656129410642,34.25806465631529],[133.20654464686555,34.25799988118894],[133.20653863378058,34.25797648394251],[133.2065123993765,34.25798981884183],[133.20649148262612,34.258046048945985],[133.20641243373166,34.2579999835078],[133.20629235693744,34.25791108059227],[133.20629714885686,34.257912518606325],[133.20625122491916,34.25786160652305],[133.20629236146596,34.25790147632156],[133.20648281922067,34.25793397725378],[133.20669459840323,34.257969179711395],[133.2067762970589,34.2580005919445],[133.20686497516175,34.2579974535508],[133.2071178013099,34.257975043269575],[133.20717594617992,34.25794523359706],[133.20719158872242,34.25805675037175],[133.20735337078324,34.258072379264576],[133.20739633943305,34.25807653018105],[133.20740370722623,34.25807872887224],[133.20749818693426,34.25810692365277],[133.20750044062044,34.25810807882867],[133.2075051172684,34.25811065201567],[133.2075635260921,34.258057674908194],[133.2075635496004,34.25805765358598],[133.20755111975004,34.25802915337803],[133.20755293103747,34.257969768222445],[133.20755364123343,34.25794648308846],[133.20755503428552,34.25794424186125],[133.20762396364015,34.258018899056715],[133.207620777236,34.25803165328089],[133.20768380624224,34.258083714285775],[133.20776821295297,34.25815373805157],[133.207798076499,34.25817738596381],[133.20805347938582,34.25840356771673],[133.20808644469543,34.25842361279769],[133.208106859428,34.25844905175306],[133.20815053975207,34.25848473113241],[133.208300538939,34.2585264104969],[133.20854748381527,34.25865617021598],[133.2087059302676,34.25870252918223],[133.2088479273185,34.258738878760404],[133.20888986057838,34.25869377128578],[133.20890929297823,34.25866478365181],[133.2089379642989,34.25862201420745],[133.20893802154728,34.25862192880923],[133.20898757257524,34.25853698028704],[133.20881042332078,34.25847582620499]]],[[[133.20810498308245,34.25857532685966],[133.20806209062187,34.258535877445205],[133.20800059684078,34.25853303962568],[133.2079992817971,34.25855197524613],[133.2079342804778,34.25848696904219],[133.20786561118493,34.25855680782704],[133.20779828889656,34.258625276524704],[133.20769803139225,34.258727241069515],[133.20776943509532,34.25880193610355],[133.2080879876963,34.25884762356235],[133.20829773822348,34.2586599603801],[133.2081997880475,34.25861621553116],[133.2081983922705,34.258615400957986],[133.2081820424801,34.25860585938545],[133.2081539943287,34.25859328419144],[133.20814576336053,34.25859026842208],[133.20810498308245,34.25857532685966]]]]},"properties":{"classLabel":"土砂災害警戒区域","phenomenon":"急傾斜の崩壊","name":"下弓削A","areaCode":"350-Ⅰ-504(1)","address":"弓削下弓削・弓削藤谷","noticeDate":"2021-01-29"}},{"type":"Feature","id":75,"geometry":{"type":"MultiPolygon","coordinates":[[[[133.2044805728054,34.25599372113809],[133.20438662585087,34.25575038993502],[133.20430880875293,34.25577855823907],[133.20428623280813,34.25578451724538],[133.20422931184095,34.25579954179737],[133.20422927471506,34.255799551612874],[133.20412383323867,34.25582093353367],[133.2041331799446,34.255988780083825],[133.20419643327926,34.25608126176329],[133.20391484568603,34.25618521697538],[133.20391052492997,34.25624050764963],[133.2041221351799,34.25637022519807],[133.2043388824847,34.25635989522071],[133.20433893850765,34.25635989459921],[133.20445542219494,34.2563586219443],[133.20445581311267,34.25635861769348],[133.20451785665642,34.25635309056846],[133.20456305319203,34.25634699182481],[133.20456853704798,34.25624848972715],[133.20455170665474,34.25618465193086],[133.2045512831462,34.25616637771609],[133.2044805728054,34.25599372113809]]],[[[133.20366186204512,34.255912890238285],[133.2035880062275,34.255837258506915],[133.20349300168073,34.25598788721558],[133.20345096551648,34.25605383296549],[133.2034726633289,34.2560734902909],[133.20335471739537,34.25639615784966],[133.20363149820662,34.25642940945447],[133.20363960739834,34.256393669643394],[133.2036944515663,34.25638657232948],[133.20380958702785,34.256364652162766],[133.20377162314625,34.25626020110595],[133.20377129771205,34.256259355088986],[133.20376304336045,34.25623789639218],[133.2037627860835,34.256237227558145],[133.20373059956088,34.256151857034325],[133.2037677115532,34.256032642645984],[133.2037681968566,34.2560310837098],[133.20376167914276,34.25602901288673],[133.2037504967507,34.256026004666396],[133.20370217843856,34.25601673892625],[133.20368558631316,34.25596973531606],[133.2036729262481,34.25593387083498],[133.2036643146816,34.25591540186889],[133.20366186204512,34.255912890238285]]]]},"properties":{"classLabel":"土砂災害警戒区域","phenomenon":"急傾斜の崩壊","name":"下弓削G","areaCode":"350-Ⅰ-506(1)","address":"弓削下弓削","noticeDate":"2021-01-29"}},{"type":"Feature","id":76,"geometry":{"type":"MultiPolygon","coordinates":[[[[133.2025658532861,34.25355437696636],[133.20254017676078,34.253532297301106],[133.20260913876933,34.25355872488411],[133.20272914065444,34.253594546005715],[133.20294187861677,34.25349134701574],[133.2029579709795,34.253396718767014],[133.2029685969652,34.25333423453206],[133.2029837783914,34.253244962599354],[133.20280256487197,34.25321524773123],[133.20266272768234,34.25321055324042],[133.20251452054302,34.253288864544224],[133.20250471652608,34.253297658827],[133.20248518151456,34.253333425879674],[133.20247565306678,34.25336397194078],[133.2024752489178,34.25337131036134],[133.202473165722,34.25340913516828],[133.2024679079102,34.253504602412505],[133.2024703263214,34.25350552919767],[133.20238015782283,34.25357732032379],[133.20234911763012,34.25360500441373],[133.20235117864894,34.25365999819571],[133.20236589082091,34.253686966365215],[133.20238031085273,34.25372595095307],[133.2023859064799,34.253745166645814],[133.2023950871001,34.25377669338803],[133.20242060568944,34.25386432549953],[133.2025086811836,34.25381986790643],[133.20257294895956,34.253761856171515],[133.20267901379955,34.25365168539726],[133.20260359256793,34.253586829596244],[133.2025658532861,34.25355437696636]]],[[[133.2048037501411,34.2540114293009],[133.20482369141965,34.253787502192665],[133.20482356916003,34.253787185315],[133.20479393058105,34.25375280340233],[133.20475249268887,34.25371999558539],[133.20470065391453,34.25367895299599],[133.20462207292672,34.253616737498916],[133.2044575452244,34.25358714941704],[133.20453341184967,34.25354436410182],[133.20445008856234,34.25347843972855],[133.20442361404145,34.25345749336933],[133.20440851977824,34.253441701787814],[133.2043771300476,34.25340886194247],[133.20434374681165,34.2533693925906],[133.20425757562626,34.25336359901094],[133.20411476336247,34.25332435705989],[133.20396802438435,34.253188081737974],[133.20382287835372,34.25317524449479],[133.20374120502817,34.25315623353331],[133.20353886931346,34.25327838615054],[133.20327981329694,34.253473541560574],[133.20327388299708,34.25348192558866],[133.2032426021119,34.253558050624996],[133.2032261299762,34.253598137035794],[133.20318686014522,34.253693703593775],[133.20337218487913,34.25387820848421],[133.20357875194327,34.253873066558626],[133.20370692685992,34.25387729190566],[133.20383221351835,34.25391391635612],[133.20381104945992,34.25394808401835],[133.20400797643654,34.254165919676765],[133.2037273053908,34.254189397336134],[133.20402686514421,34.25439343687034],[133.20410569458573,34.25445543587763],[133.20410977096458,34.2544586419523],[133.2041616916063,34.25449419927263],[133.20416891152774,34.25449792510504],[133.20422978582425,34.2545293394116],[133.2042631202075,34.25454248920145],[133.20467745277523,34.25449408968306],[133.2047448761651,34.25421783524977],[133.204799932713,34.254063309122344],[133.20478209525422,34.25403457983631],[133.2048037501411,34.2540114293009]]],[[[133.2035458069366,34.25487654918506],[133.2036221512616,34.25485853951853],[133.20362222586655,34.25485861976471],[133.20363111102785,34.25485667399324],[133.20364614708024,34.25485287884396],[133.20371266090166,34.25483727842042],[133.20376523720032,34.25459473771162],[133.2037510893869,34.25456818836072],[133.20372012196626,34.2545127348057],[133.20370040746897,34.25447743192398],[133.20369910339227,34.25447506652104],[133.20365300478684,34.25439145095407],[133.20318707071752,34.25419298666135],[133.20297531051463,34.254353461313784],[133.20286068247768,34.25453329596377],[133.20274971672708,34.254744864733404],[133.20276336465776,34.254750006560954],[133.2031452229094,34.25489386984595],[133.20318389493508,34.254908439267425],[133.2032242768236,34.254907994459224],[133.20329078455632,34.25490742467922],[133.20337286562466,34.25490677423683],[133.2034060423439,34.25490543368644],[133.20342149578548,34.25490336573563],[133.2034430370166,34.254900483168846],[133.20351905428586,34.25488528065029],[133.20352727291024,34.2548832698201],[133.2035458069366,34.25487654918506]]]]},"properties":{"classLabel":"土砂災害警戒区域","phenomenon":"急傾斜の崩壊","name":"太田","areaCode":"350-Ⅰ-507(1)","address":"弓削太田・弓削下弓削・弓削土生","noticeDate":"2021-01-29"}},{"type":"Feature","id":77,"geometry":{"type":"MultiPolygon","coordinates":[[[[133.20252200461144,34.2515962671276],[133.2026972947697,34.25156861475938],[133.2026974239491,34.25162808583703],[133.20273412371003,34.251698697881736],[133.20301548678353,34.25174280810609],[133.20299060546432,34.25165504979499],[133.2029905635716,34.25165490204632],[133.20298728206987,34.251612096390545],[133.2029750319825,34.251452299920516],[133.202951422143,34.25146125029515],[133.2029255793415,34.2513599367041],[133.20267035409933,34.251336469344714],[133.20245635805458,34.2513853457889],[133.20231688169326,34.25125714732593],[133.2019542830185,34.25137965542248],[133.20192885729327,34.251593250605175],[133.20189732799275,34.25159130344074],[133.20187208800834,34.251722177095935],[133.20178084672855,34.25184572971514],[133.20178990427937,34.25195357747033],[133.20201595181538,34.25216317304892],[133.20220406697746,34.25216448903992],[133.20236643732952,34.2522290845672],[133.2024435496062,34.25212663829172],[133.20248268349695,34.25207464748541],[133.2025402297644,34.25199819497132],[133.20249400588085,34.251974804142755],[133.2024044563123,34.25183594649419],[133.20241561625448,34.251799716104884],[133.20243294261175,34.25179461761163],[133.20242901356036,34.25178734687998],[133.20242792298964,34.25177948612112],[133.20243396278963,34.25175147460664],[133.20252200461144,34.2515962671276]]],[[[133.20160612309567,34.2525597458763],[133.20152957462696,34.252495807937194],[133.20150377219676,34.252501462839255],[133.2014571938094,34.25245065361093],[133.20129568876996,34.252545525845065],[133.20131183504282,34.252555942687174],[133.20141915236255,34.252625178727904],[133.2014551940481,34.252648431048854],[133.20154093282468,34.25270374543348],[133.20159769866547,34.2527280640178],[133.2016409537866,34.25266771055245],[133.20165411465194,34.252655789214785],[133.2016379443201,34.25258632484142],[133.20162146645606,34.25257256152894],[133.20160612309567,34.2525597458763]]]]},"properties":{"classLabel":"土砂災害警戒区域","phenomenon":"急傾斜の崩壊","name":"土生","areaCode":"350-Ⅰ-509(1)","address":"弓削土生","noticeDate":"2021-01-29"}},{"type":"Feature","id":78,"geometry":{"type":"MultiPolygon","coordinates":[[[[133.1896631207434,34.25530336941139],[133.18977325203545,34.2551579474966],[133.18994574602112,34.25507988602018],[133.1901282303558,34.255054556833365],[133.19003122313913,34.254919114929535],[133.19003111175599,34.25491894722516],[133.18998069143507,34.25484304517843],[133.18998046196904,34.254842277989006],[133.1899603975949,34.25477520208497],[133.18993515288358,34.25477705276336],[133.18987156557174,34.25479063760345],[133.18972298393618,34.25480372044606],[133.1896693106241,34.254809332363635],[133.18959445473635,34.25481726401572],[133.18959250626583,34.25481741027146],[133.1895172287166,34.25486678980415],[133.1894595973494,34.25494319901063],[133.1894523645678,34.25506977033801],[133.18943973581824,34.2552907681727],[133.18961347530265,34.25529856854038],[133.18961694312898,34.25529844759221],[133.1896631207434,34.25530336941139]]],[[[133.18988513904495,34.25566331262067],[133.18977250663568,34.25563031647378],[133.18966102175665,34.25574070838094],[133.18947188658578,34.25586536594477],[133.18948489758313,34.25604845420586],[133.18957212553164,34.25612809867084],[133.18977192447696,34.25611731189394],[133.18982363340413,34.25611452017131],[133.18989217389515,34.256110819710656],[133.1899285642044,34.2560972441124],[133.1900621172732,34.25599658781245],[133.19000501467434,34.255864520545394],[133.19003556266148,34.25572640690908],[133.18997854788648,34.25569067701016],[133.1899435156409,34.25568041421036],[133.18988513904495,34.25566331262067]]]]},"properties":{"classLabel":"土砂災害警戒区域","phenomenon":"急傾斜の崩壊","name":"佐島B","areaCode":"350-Ⅰ-511(1)","address":"弓削佐島","noticeDate":"2021-01-29"}},{"type":"Feature","id":79,"geometry":{"type":"MultiPolygon","coordinates":[[[[133.1892914967553,34.25235196615268],[133.18919013356754,34.25231965636958],[133.18911021492727,34.25247774463285],[133.18907678220015,34.25255058668087],[133.1891729604825,34.25272255399505],[133.18923810343586,34.25271889239331],[133.18927916438454,34.25271102126021],[133.18928028603298,34.252710841582044],[133.18931579450188,34.25270515363273],[133.18942240415402,34.252688076248226],[133.18945661860803,34.25261831435561],[133.18950783615347,34.25259349444298],[133.18951978027235,34.25242473164969],[133.18934989533324,34.252370580769366],[133.1892914967553,34.25235196615268]]],[[[133.18855627792766,34.2523616972155],[133.18855660948486,34.25227154011739],[133.18835266789776,34.25229515620592],[133.18821465836723,34.25231204154753],[133.18814604103497,34.25230977491796],[133.18810297282621,34.25239139980447],[133.1881025723964,34.25239238722684],[133.18804032174137,34.25254589338953],[133.18803027047497,34.25261872149253],[133.1879905139694,34.25290678252803],[133.1883348097159,34.252699594776296],[133.18841586994594,34.25258905982972],[133.1886007099015,34.252523558850356],[133.1885632076303,34.252427504245816],[133.1885561028439,34.25240930675508],[133.18855627792766,34.2523616972155]]],[[[133.189167445434,34.253044714476275],[133.18928954020967,34.252999045109945],[133.18936063216057,34.25289757005812],[133.18931864142675,34.25281053042517],[133.18930957165955,34.252791730359945],[133.18929203344766,34.25277886922716],[133.18928267382856,34.2527720056229],[133.18921908317702,34.252760245070654],[133.1891891979829,34.252753595380554],[133.18909372767615,34.25272896933813],[133.18901258328378,34.25278161237678],[133.18896057053547,34.25283291739575],[133.1888482344199,34.25293247233623],[133.1887748718545,34.252989189637766],[133.18875420003934,34.253001351487754],[133.18874089669376,34.25300488665744],[133.18866843067082,34.2529581683933],[133.1886569401601,34.252941084372786],[133.18864234585146,34.2528896001184],[133.1886196333494,34.25289774944945],[133.18854267706033,34.252925361582776],[133.18851379706473,34.25293572379131],[133.1884141281656,34.25297148511587],[133.18844219267868,34.25302785352669],[133.18848715421134,34.25309678171687],[133.1886727414216,34.253260376239],[133.18871074962502,34.25325532533257],[133.18885420005586,34.25323603497333],[133.1889631426573,34.25317745496119],[133.18911373552095,34.25309376474563],[133.189167445434,34.253044714476275]]]]},"properties":{"classLabel":"土砂災害警戒区域","phenomenon":"急傾斜の崩壊","name":"佐島C","areaCode":"350-Ⅰ-512(1)","address":"弓削佐島","noticeDate":"2021-01-29"}},{"type":"Feature","id":80,"geometry":{"type":"Polygon","coordinates":[[[133.18799189406292,34.2528726591528],[133.18799520416394,34.252875688116774],[133.18803012174817,34.25261877586695],[133.18803952615485,34.25254958099487],[133.1881020216199,34.252391106836384],[133.18810273039153,34.25238978717571],[133.1881469537607,34.25230744711185],[133.18814510066574,34.25230511333614],[133.18811871910202,34.25226309504666],[133.18805312326026,34.25219926466258],[133.18802242239636,34.25217289290184],[133.18800838803025,34.2521490102687],[133.1879893199914,34.25211659335233],[133.1879577456014,34.25206062544361],[133.1879725568452,34.25205400340847],[133.18800145550975,34.252040898121784],[133.18806215960856,34.25203140030247],[133.18827219455648,34.25197894155768],[133.18839463464522,34.25191687411393],[133.1884907482552,34.251889344451676],[133.1887884374118,34.25176357447053],[133.1890306747921,34.25138643892458],[133.18902170454976,34.251290357522],[133.18903699795604,34.25120050018789],[133.18905911635906,34.2511253895542],[133.1888894730262,34.250976708637744],[133.18884299963685,34.250920296443944],[133.18883996520552,34.2509047911916],[133.1888515354924,34.25087582620799],[133.18883705851437,34.250730575141525],[133.18885050898217,34.2506903013331],[133.18896409088666,34.25071279647116],[133.18895949712655,34.250702663677984],[133.18893863848672,34.25062524715562],[133.188917617959,34.2505472297244],[133.18891379119447,34.25051644574527],[133.18889283246443,34.250347845438355],[133.18863994002763,34.250461073663786],[133.18844643069446,34.250553998189794],[133.188207491524,34.250625504621226],[133.18817896218104,34.25066812805182],[133.1880985407773,34.25093318362018],[133.18805073097872,34.250935118819534],[133.1879887575789,34.25104175941132],[133.18827973833825,34.25130173000107],[133.1882947176703,34.25147395050541],[133.18811368107424,34.25153204548122],[133.18798166057104,34.25158636511425],[133.18791249011915,34.25162285258066],[133.18784541230931,34.25159761215868],[133.18736740505022,34.25188912955671],[133.18736007071544,34.251929332533166],[133.18732971193265,34.252100194899064],[133.18736988221312,34.25216430719971],[133.18738931844777,34.252479327207915],[133.18750398710063,34.25250606318112],[133.18750522067288,34.25250790324856],[133.1875162718612,34.25250394687844],[133.1875677220592,34.25253147464924],[133.18770146489607,34.25261058075637],[133.18788647820986,34.25276601415288],[133.1879922826904,34.252872445442875],[133.18799189406292,34.2528726591528]]]},"properties":{"classLabel":"土砂災害警戒区域","phenomenon":"急傾斜の崩壊","name":"佐島D","areaCode":"350-Ⅰ-513(1)","address":"弓削佐島","noticeDate":"2021-01-29"}},{"type":"Feature","id":81,"geometry":{"type":"MultiPolygon","coordinates":[[[[133.18537977966392,34.24984456013546],[133.18527200612056,34.24983364926628],[133.18527319806998,34.24993788007146],[133.18531436132236,34.2500840460493],[133.18539228497062,34.250266331875906],[133.18537804545713,34.250338267003514],[133.1853907969037,34.25035731291661],[133.1854191122354,34.25036785136258],[133.1854701190624,34.25037240336192],[133.18552736856492,34.25037751245118],[133.18564395523728,34.250387916910746],[133.18568705913398,34.250298884908645],[133.1855957359812,34.25011131430024],[133.18573711219645,34.24994643648078],[133.1857254159577,34.24987955126208],[133.18550986873691,34.249857730070374],[133.18537977966392,34.24984456013546]]],[[[133.18756212866825,34.25120240432349],[133.18765713582422,34.25113506915497],[133.18777393707646,34.25105804563712],[133.18787329994913,34.25095667708449],[133.1880125273555,34.25082532830532],[133.18824084230366,34.25062618790154],[133.18827269648037,34.25047201154173],[133.18818144850022,34.25020390847855],[133.18827398322327,34.25003632174011],[133.18801403524918,34.25002806586147],[133.18781168229708,34.25002163883395],[133.1877031898751,34.25001819279196],[133.1877258353222,34.25012079006974],[133.18747283422456,34.250175214178704],[133.18739901747034,34.25022753134266],[133.18737456510954,34.250247783112926],[133.1873227817305,34.250270903603294],[133.18725891444254,34.25029465261978],[133.18703909197043,34.25040923170194],[133.187009034348,34.250427778489595],[133.1869880098565,34.250435312835926],[133.18696896415585,34.250608444160996],[133.18693840922836,34.25061789947359],[133.1869034248213,34.2506233548954],[133.18688012755933,34.25060822345126],[133.18687154987887,34.250598737921436],[133.18688103039977,34.25047891100323],[133.18687933759412,34.250371236554585],[133.18680448000876,34.25033427112087],[133.18678359760133,34.25029746742199],[133.18643163426762,34.25021986910799],[133.18632323761037,34.25022499143612],[133.18629976453448,34.25022610065217],[133.18623352192415,34.25023177376887],[133.18611256282102,34.250242132797375],[133.1858286724842,34.250529016152846],[133.18588723404906,34.250716105853506],[133.18619390939975,34.25099353615153],[133.18623769325575,34.25094394351513],[133.18635543838275,34.25100466299306],[133.18643218991343,34.251088199032445],[133.18675437255376,34.25119351506056],[133.1869872275653,34.25118024766997],[133.18712262095178,34.251166424529664],[133.1874175414107,34.25131926805002],[133.18756212866825,34.25120240432349]]]]},"properties":{"classLabel":"土砂災害警戒区域","phenomenon":"急傾斜の崩壊","name":"佐島E","areaCode":"350-Ⅰ-514(1)","address":"弓削佐島","noticeDate":"2021-01-29"}},{"type":"Feature","id":82,"geometry":{"type":"Polygon","coordinates":[[[133.2063687188048,34.25599656361879],[133.20627603584003,34.2559457280258],[133.20615093741733,34.25597208187443],[133.20614428265972,34.255950047242976],[133.20610416763756,34.25588223112663],[133.20606734032722,34.255893591309466],[133.206002384939,34.255913628186946],[133.2059636894411,34.25592556461026],[133.2058598709813,34.255957589491175],[133.20593436451816,34.256146824331815],[133.20595652727386,34.25617660116504],[133.2061471340766,34.25630610653624],[133.20615888199336,34.25630715993807],[133.20615821313964,34.256307386632365],[133.20632117613556,34.256479000465404],[133.20639219480614,34.256536750511785],[133.20646483602545,34.256444770984665],[133.2064898325139,34.25641311996822],[133.20654937433872,34.25633772687178],[133.2065119390779,34.25629667314235],[133.20646338258038,34.25618319035229],[133.2063687188048,34.25599656361879]]]},"properties":{"classLabel":"土砂災害警戒区域","phenomenon":"急傾斜の崩壊","name":"下弓削H","areaCode":"350-Ⅰ-2656(1)","address":"弓削下弓削","noticeDate":"2021-01-29"}},{"type":"Feature","id":83,"geometry":{"type":"MultiPolygon","coordinates":[[[[133.22583807679175,34.290000842370205],[133.22593890232022,34.28990115287147],[133.2260095217427,34.28993384136599],[133.2261573326269,34.289885244373586],[133.2263399107228,34.28986886042188],[133.22653286685653,34.28985214597904],[133.22658362491603,34.289748592948456],[133.22662088839144,34.28967257041342],[133.22662252244385,34.2896692367279],[133.22666732608045,34.28959107384273],[133.22641744878635,34.28958948560898],[133.22616311546759,34.289580564602154],[133.22590586040658,34.289657533475015],[133.22580585234695,34.28967111106385],[133.22554034666157,34.28962131049076],[133.22553797415287,34.28979735954926],[133.2253370803668,34.28989881222087],[133.22534160700062,34.29001287271505],[133.22539235513062,34.29006345885782],[133.2254071497618,34.29008446357793],[133.2254179091139,34.290099739185735],[133.2254433286118,34.29013891879178],[133.22544381797144,34.29013967304654],[133.22548339085174,34.29020000507182],[133.22549185723588,34.29020002403982],[133.2255819147577,34.29020306458544],[133.2256593855112,34.29020608357552],[133.22573877323376,34.29013162078935],[133.22583807679175,34.290000842370205]]],[[[133.2268361449122,34.29032900366659],[133.226839244753,34.290166967624124],[133.22673170242234,34.290179657185746],[133.22663380297945,34.29019120883493],[133.22645098089342,34.29021278072972],[133.22646432980665,34.290283579679816],[133.22662552863548,34.290303273202824],[133.22672867895784,34.29031587488218],[133.2268361449122,34.29032900366659]]]]},"properties":{"classLabel":"土砂災害警戒区域","phenomenon":"急傾斜の崩壊","name":"久司浦A","areaCode":"350-Ⅱ-1(1)","address":"弓削久司浦","noticeDate":"2021-01-29"}},{"type":"Feature","id":84,"geometry":{"type":"Polygon","coordinates":[[[133.22629751097628,34.287347936121826],[133.22618051558365,34.28732780866888],[133.22631621136028,34.28755721901042],[133.22640089202488,34.28749515971756],[133.2264375327525,34.28746830710608],[133.22651895630582,34.287408634614685],[133.22646554231125,34.287376843420105],[133.22644880023924,34.28737396317188],[133.22635918278172,34.28735854585769],[133.22629751097628,34.287347936121826]]]},"properties":{"classLabel":"土砂災害警戒区域","phenomenon":"急傾斜の崩壊","name":"久司浦B","areaCode":"350-Ⅱ-2(1)","address":"弓削久司浦","noticeDate":"2021-01-29"}},{"type":"Feature","id":85,"geometry":{"type":"Polygon","coordinates":[[[133.2149241219439,34.28157613613385],[133.21486701211492,34.281499448346004],[133.21493317447772,34.281654654798714],[133.2151288620162,34.28204210049731],[133.2151845527187,34.28211950424524],[133.2151976473883,34.28213770431585],[133.21530311969644,34.28226444570456],[133.2154113244223,34.28238641363005],[133.21541142803238,34.28238653448479],[133.21548291859276,34.28246992384253],[133.21545253382936,34.28249954417151],[133.21546561565037,34.28251010797247],[133.21553569062135,34.28255532028655],[133.21553695226163,34.282556149079625],[133.21555912112524,34.28257071257896],[133.21555926654412,34.28257080811464],[133.21557999969409,34.28258316266749],[133.21568159012716,34.282701660928424],[133.21587825616447,34.282639631162105],[133.2160373481347,34.28250285010296],[133.21563090541534,34.28220445498199],[133.21563055918404,34.28220420208232],[133.2155209718423,34.282124156353206],[133.215395813699,34.28201968321224],[133.21527523570978,34.28191903236177],[133.21515470086757,34.28180567666808],[133.21504182269166,34.28169106531548],[133.2149243534552,34.28157644702938],[133.2149241219439,34.28157613613385]]]},"properties":{"classLabel":"土砂災害警戒区域","phenomenon":"急傾斜の崩壊","name":"沢津","areaCode":"350-Ⅱ-3(1)","address":"弓削沢津","noticeDate":"2021-01-29"}},{"type":"Feature","id":86,"geometry":{"type":"Polygon","coordinates":[[[133.21231344549003,34.28086921496227],[133.21227753663615,34.2808272778324],[133.21229161353762,34.280826235982964],[133.21231869592933,34.28077893009578],[133.21234097860244,34.28071365587599],[133.21238749906288,34.2806204695447],[133.21230092063945,34.28046210068072],[133.21233261836593,34.280294181449975],[133.21219611379433,34.28018214250245],[133.21218052217517,34.28012797242418],[133.21216188180352,34.28012623481709],[133.21207327176128,34.28011406635583],[133.21207323355773,34.28011406127915],[133.21197563879156,34.28010107586573],[133.21197511756725,34.28010100650935],[133.21184683313743,34.28008456313306],[133.2118281667688,34.280236826067515],[133.2118010061413,34.28041334169187],[133.21188102025644,34.28051993626306],[133.2118906993986,34.280673454438066],[133.21192944972648,34.280751544353265],[133.21195742588344,34.28079208882581],[133.21196610198518,34.28083641611233],[133.21199215756923,34.280835619915074],[133.21200104629162,34.28088296308594],[133.21204009444116,34.28103041372811],[133.21216155197286,34.28103763192726],[133.21216357217386,34.28103791628258],[133.21221037886838,34.28104450457227],[133.21223125367268,34.28104584915547],[133.2123071540589,34.28105073809381],[133.21233962754533,34.281050076197],[133.21231344549003,34.28086921496227]]]},"properties":{"classLabel":"土砂災害警戒区域","phenomenon":"急傾斜の崩壊","name":"上弓削A","areaCode":"350-Ⅱ-4(1)","address":"弓削上弓削","noticeDate":"2021-01-29"}},{"type":"Feature","id":87,"geometry":{"type":"Polygon","coordinates":[[[133.21163025147635,34.275959818167685],[133.21163990290412,34.275949860644495],[133.21167192252685,34.27596984399831],[133.21172084808924,34.275919220165456],[133.21175619703305,34.275882644156134],[133.21177980435402,34.27585821736547],[133.2117811554705,34.27583009253042],[133.21178169245113,34.27581891484666],[133.21177304572436,34.27578322819571],[133.21175516786877,34.275743329666454],[133.21172140951307,34.275735379109506],[133.21165042949443,34.275679844729254],[133.21155026616006,34.27569666215603],[133.21154686639622,34.27568626275949],[133.21164833708858,34.27564498920951],[133.2116274345681,34.2755847905025],[133.21155570038547,34.27553726280808],[133.21154345155628,34.27552768825858],[133.21150312332736,34.275496164813404],[133.2114240546697,34.27543435895796],[133.21133559146128,34.27549269546564],[133.21118887914622,34.27569967609054],[133.21124958207986,34.27588424290814],[133.2113719882162,34.27578441223641],[133.2114102489257,34.2757637876474],[133.21145347312495,34.275742998093286],[133.21145538659638,34.27574215530683],[133.21146122591736,34.275739583458126],[133.21141876539633,34.275776155921875],[133.21144592020468,34.275803565996945],[133.21148775039484,34.27584578934763],[133.21149915115896,34.275857297270534],[133.21152613057487,34.27588141727976],[133.21158401460292,34.275933166393656],[133.2116325461765,34.275976554206515],[133.21163025147635,34.275959818167685]]]},"properties":{"classLabel":"土砂災害警戒区域","phenomenon":"急傾斜の崩壊","name":"上弓削B","areaCode":"350-Ⅱ-5(1)","address":"弓削上弓削","noticeDate":"2021-01-29"}},{"type":"Feature","id":88,"geometry":{"type":"Polygon","coordinates":[[[133.2057567538499,34.27223336749039],[133.20596305008354,34.27211488606751],[133.20597833015134,34.272000058459845],[133.20598422554778,34.271803118680516],[133.2058523136195,34.271747967717104],[133.20585226497133,34.271747947377634],[133.2057584431922,34.27171023960343],[133.2057507401808,34.27170714370892],[133.2056764889506,34.271675053090114],[133.20566220904854,34.27166847498197],[133.20554801724,34.271782199334304],[133.205544067243,34.271790930269084],[133.20554554338264,34.27179166503315],[133.20551503660982,34.27190839160978],[133.20550017057136,34.27207637665367],[133.20543422286565,34.272199082867594],[133.20542250221885,34.272228762227144],[133.20532445460162,34.272211163160605],[133.20529861207564,34.27226486956792],[133.20527962737825,34.27231078259271],[133.2052714894774,34.27235165865149],[133.20527150254938,34.27235184226974],[133.20527628057454,34.272419035042304],[133.20527688732284,34.272427567750434],[133.20528641417908,34.27254642008728],[133.2053892760964,34.272528917288746],[133.20561423548216,34.2724538902481],[133.2056674024767,34.272401211459645],[133.2057567538499,34.27223336749039]]]},"properties":{"classLabel":"土砂災害警戒区域","phenomenon":"急傾斜の崩壊","name":"上弓削C","areaCode":"350-Ⅱ-6(1)","address":"弓削上弓削・弓削引野","noticeDate":"2021-01-29"}},{"type":"Feature","id":89,"geometry":{"type":"MultiPolygon","coordinates":[[[[133.20429524783572,34.27085927781512],[133.2042353771069,34.27078405905607],[133.20420899381904,34.27079547454965],[133.20420628848336,34.270795046197264],[133.20420961311166,34.270807323895795],[133.2042228185302,34.2708841185207],[133.20422300673405,34.27088521299835],[133.20424097028692,34.270969829832325],[133.2042631153119,34.27102199964538],[133.20430502856152,34.271094133397575],[133.20430521145528,34.271094508510046],[133.20444227534554,34.27137564298512],[133.2045022226311,34.27138098127475],[133.20489615919095,34.27120392711678],[133.20451581897012,34.27102970434902],[133.20451488203807,34.271029275176836],[133.2044545391661,34.27100391974686],[133.20440478148288,34.27096976499254],[133.20435099039756,34.27091631595996],[133.20429584321988,34.27086002584269],[133.20429524783572,34.27085927781512]]],[[[133.205483317127,34.27187682282213],[133.20551700610426,34.27183847404511],[133.2055192170409,34.27183927640223],[133.20552627503494,34.27182900094292],[133.2055274075743,34.2718266338533],[133.20556864826213,34.27173775843141],[133.2055687398984,34.27173779462602],[133.2055736697152,34.27172693698043],[133.20564529213286,34.27159513316849],[133.20565065991252,34.27158661515389],[133.205604249531,34.27156764231954],[133.2055640161684,34.27155038233071],[133.2055313114296,34.271536352121],[133.20548166868213,34.27151464374094],[133.20540284305292,34.27147385467455],[133.20540278970765,34.27147382706677],[133.205176603078,34.271366417651],[133.20510199809323,34.27153374085277],[133.20476006293043,34.27161777102302],[133.20477763851866,34.271763650492915],[133.20477506582063,34.2717837917143],[133.20479751803538,34.27180032779271],[133.20480296994117,34.271805230457645],[133.20483484122525,34.27183429516615],[133.20485441168682,34.27185203775079],[133.20485902099463,34.27185728763643],[133.20488514489074,34.271885756403755],[133.20490232738445,34.271904657405074],[133.20490985917579,34.271916317285736],[133.20492715547763,34.27194278569234],[133.20493719760452,34.2719584098085],[133.20495391063426,34.271991279767086],[133.20496407633075,34.27201167729422],[133.2049791179944,34.272041283536886],[133.2049863229936,34.27206621421582],[133.20499449579043,34.27209510541727],[133.20500211295388,34.27212248185376],[133.20501125721546,34.27215428582848],[133.2050134744877,34.272161858299775],[133.20501733809655,34.272173162166816],[133.20515087226033,34.272149254385695],[133.20517919438748,34.27214488166499],[133.205217766328,34.2721389264329],[133.2052860670957,34.27212886840192],[133.2052547984288,34.27201066981391],[133.20537017685598,34.27200120623241],[133.20547373254968,34.27191267739296],[133.205483317127,34.27187682282213]]]]},"properties":{"classLabel":"土砂災害警戒区域","phenomenon":"急傾斜の崩壊","name":"上弓削D","areaCode":"350-Ⅱ-7(1)","address":"弓削上弓削・弓削引野","noticeDate":"2021-01-29"}},{"type":"Feature","id":90,"geometry":{"type":"Polygon","coordinates":[[[133.220032368126,34.26881685819542],[133.2199760306949,34.268753785257765],[133.22016664286164,34.268819395740486],[133.2202474640881,34.26877462866529],[133.22035379750625,34.268479962327056],[133.22027953972804,34.268415794026104],[133.22027857474708,34.268414937411634],[133.22024520878304,34.26838531905447],[133.22024518546652,34.26838529836576],[133.2201601697415,34.268326393003775],[133.21982827619541,34.268265199743624],[133.21970727338706,34.268362559353754],[133.21971001189976,34.2685823317455],[133.21973744246657,34.2686306958411],[133.2197214970852,34.26879022416553],[133.2198211164459,34.268830431835916],[133.21987288702047,34.268851327108074],[133.2199705532156,34.26889074628541],[133.220032368126,34.26881685819542]]]},"properties":{"classLabel":"土砂災害警戒区域","phenomenon":"急傾斜の崩壊","name":"狩尾","areaCode":"350-Ⅱ-8(1)","address":"弓削狩尾","noticeDate":"2021-01-29"}},{"type":"Feature","id":91,"geometry":{"type":"MultiPolygon","coordinates":[[[[133.20088311176988,34.26471386597604],[133.20084556469993,34.2647129988952],[133.20082038091985,34.264716503789145],[133.20081944530196,34.26471669365616],[133.20070763135575,34.264739386700384],[133.20060028783925,34.26480131630826],[133.2006482859471,34.26497487479619],[133.200624054464,34.26523613095733],[133.20061493953958,34.2652907998694],[133.20089236113287,34.26554352700445],[133.20110303742112,34.26559151887634],[133.2011392331378,34.26548946571044],[133.20113927173705,34.265489356883606],[133.20115875294726,34.26543500726373],[133.20115956927998,34.26543272979014],[133.2011732281733,34.26539917568393],[133.20118324451371,34.26536632310651],[133.20119017765182,34.26534876889757],[133.20120931983624,34.26530151869776],[133.20129511983063,34.26521078430323],[133.20123621271333,34.265007301454695],[133.20112084108396,34.264921062055066],[133.20104335389186,34.26483472211559],[133.2009791930995,34.264748338355254],[133.20094451112868,34.26472551433438],[133.2009166243645,34.26471463990246],[133.20088311176988,34.26471386597604]]],[[[133.2018241375671,34.265837326425356],[133.20203889674198,34.26573684076529],[133.20206585068948,34.26575299511593],[133.20211152377647,34.26563473193654],[133.2021116113272,34.26563452056685],[133.20212768172573,34.265595726125916],[133.20212505294757,34.26554844880531],[133.20212425683127,34.265534131075064],[133.20210686815602,34.26545969371297],[133.2019939965921,34.2654327328478],[133.20189948134637,34.26549867219562],[133.20184467600794,34.26544152715327],[133.20193157139565,34.26529204758765],[133.2019181665028,34.26527781492332],[133.201828501616,34.2653267033262],[133.20182738820006,34.2653272920649],[133.20176894587706,34.26535819455045],[133.20171805814994,34.26538085009177],[133.20165705093063,34.265403674128855],[133.2015784272629,34.265435369979606],[133.20156233872694,34.265441855815304],[133.20125372937343,34.26557897670336],[133.20132231446868,34.26570978779127],[133.20164231186385,34.2657516356336],[133.2018241375671,34.265837326425356]]]]},"properties":{"classLabel":"土砂災害警戒区域","phenomenon":"急傾斜の崩壊","name":"明神A","areaCode":"350-Ⅱ-9(1)","address":"弓削明神・弓削引野","noticeDate":"2021-01-29"}},{"type":"Feature","id":92,"geometry":{"type":"Polygon","coordinates":[[[133.2003557689695,34.26315488327105],[133.2003601757184,34.26308043075136],[133.20035626726101,34.26308386746077],[133.20030209938542,34.263162006601455],[133.20028589100608,34.26318538776617],[133.20027398651544,34.263203428189755],[133.20027383221725,34.26320365466521],[133.20020967049982,34.26329781953745],[133.2003882040842,34.26328029001928],[133.2003636152845,34.26318877577549],[133.200363602917,34.26318872976251],[133.20035931822662,34.263170217751636],[133.2003557689695,34.26315488327105]]]},"properties":{"classLabel":"土砂災害警戒区域","phenomenon":"急傾斜の崩壊","name":"明神B","areaCode":"350-Ⅱ-10(1)","address":"弓削明神","noticeDate":"2021-01-29"}},{"type":"Feature","id":93,"geometry":{"type":"Polygon","coordinates":[[[133.20992112794485,34.25883373013344],[133.20992314816422,34.25874554913908],[133.20984323408896,34.25875186875277],[133.20975491590823,34.258880616905415],[133.2098741911939,34.25893248442323],[133.20989745136993,34.25894275047286],[133.2099170761527,34.25895212471542],[133.20994066764052,34.25896489731058],[133.20998243705174,34.258987511612155],[133.21003107986604,34.25901482060675],[133.2099974563312,34.25898521199736],[133.20999499913276,34.258971727758414],[133.21000971189534,34.25895899131856],[133.20999239231224,34.258912698949246],[133.2099854298725,34.258897362435285],[133.20996913137589,34.258852077083354],[133.20995357118883,34.25884116397812],[133.2099424352673,34.258838613699254],[133.20992157130962,34.258833835563905],[133.20992149525995,34.25883381746545],[133.20992112794485,34.25883373013344]]]},"properties":{"classLabel":"土砂災害警戒区域","phenomenon":"急傾斜の崩壊","name":"藤谷","areaCode":"350-Ⅱ-11(1)","address":"弓削下弓削・弓削藤谷","noticeDate":"2021-01-29"}},{"type":"Feature","id":94,"geometry":{"type":"Polygon","coordinates":[[[133.2016630708941,34.2496915956142],[133.20150596140178,34.249674110046605],[133.20150656131239,34.249827651873794],[133.2016873040614,34.250070348209626],[133.20196977300841,34.250125554189545],[133.20195872857676,34.250027397234504],[133.20195866027566,34.25002681108814],[133.2019520700426,34.24997025694116],[133.20195087536888,34.249959478608844],[133.2019409243555,34.24986970047702],[133.20185958436602,34.24981572869682],[133.20182604884124,34.24978005063702],[133.20183489255325,34.24973296390698],[133.20179678905816,34.24972516502765],[133.20173108427338,34.24970679835574],[133.20169890643587,34.24969780355424],[133.20166412182857,34.24969171259564],[133.2016630708941,34.2496915956142]]]},"properties":{"classLabel":"土砂災害警戒区域","phenomenon":"急傾斜の崩壊","name":"土生","areaCode":"350-Ⅱ-12(1)","address":"弓削土生","noticeDate":"2021-01-29"}},{"type":"Feature","id":95,"geometry":{"type":"MultiPolygon","coordinates":[[[[133.19038040847877,34.25261072306397],[133.19033547831572,34.252602150565465],[133.1902735182621,34.25260879196271],[133.19024117554122,34.25261225872786],[133.1901291865718,34.25262426260908],[133.19007074086664,34.252710306519994],[133.19010029150354,34.252738718532775],[133.1900213926628,34.2528569994114],[133.1901469834751,34.25291049040082],[133.1902307983252,34.25294618828554],[133.19023207589922,34.252946572445374],[133.19033416336362,34.25297727135654],[133.19044431584013,34.2527772318109],[133.19042987261457,34.2527184262185],[133.19038040847877,34.25261072306397]]],[[[133.1901201891107,34.25300238092107],[133.18999588581764,34.25298669456716],[133.18990750996343,34.25310296172477],[133.19007044353907,34.25314072382945],[133.1901090454256,34.25314967030193],[133.19011853119594,34.25315197374781],[133.19014168601845,34.25315759650449],[133.19017288519393,34.2531630070256],[133.19022291817507,34.2531677101472],[133.1902251444863,34.253167715772925],[133.19027901108447,34.25302646315059],[133.19024492686606,34.25302163385722],[133.19018116218683,34.25301007531673],[133.19017252884709,34.25300898585065],[133.1901201891107,34.25300238092107]]]]},"properties":{"classLabel":"土砂災害警戒区域","phenomenon":"急傾斜の崩壊","name":"本浦","areaCode":"350-Ⅱ-13(1)","address":"弓削佐島","noticeDate":"2021-01-29"}},{"type":"Feature","id":96,"geometry":{"type":"MultiPolygon","coordinates":[[[[133.19267951611022,34.24812635607809],[133.1928481679429,34.247985385658296],[133.19293709586762,34.2479506777647],[133.1929820811046,34.24793375967331],[133.19286349114563,34.247530027289116],[133.1928190093203,34.247538885252204],[133.19285514360672,34.24740724386907],[133.19293363983843,34.247397697217494],[133.19291188172824,34.24708145628044],[133.19269869115195,34.246942729870824],[133.1924515899339,34.24694690685062],[133.1922437356494,34.246959602153346],[133.1921935321063,34.247043210927444],[133.19219334096604,34.24704350869981],[133.19216628463127,34.24708565966289],[133.19216426584825,34.2470888047116],[133.19215752215237,34.247113348467735],[133.19215592596947,34.24714588587303],[133.19215657630238,34.24716983353091],[133.1921577834954,34.24717463088469],[133.19223644159118,34.247285992781485],[133.19235856189385,34.24739246931025],[133.19241322247933,34.24741311235973],[133.19236097714426,34.247458055063845],[133.19216319299193,34.24761808073682],[133.1919707027394,34.24775226467936],[133.19193036904778,34.2477795528086],[133.19191197375352,34.247817866593806],[133.1918557047417,34.247982100502284],[133.19175121215827,34.24809834916405],[133.19176387760572,34.24809627924474],[133.19181866774244,34.248092931506115],[133.19185935831135,34.24809427411773],[133.1922602350491,34.24810750083946],[133.19230560896364,34.24810899785664],[133.19267582909785,34.248123552001864],[133.19267951611022,34.24812635607809]]],[[[133.19355538306567,34.24824641966571],[133.19359923900043,34.24823970314818],[133.19363601968018,34.248247072529985],[133.19363717644455,34.248247349666855],[133.1937769580245,34.24828083989734],[133.19375181867508,34.248005047556504],[133.19362312387673,34.24803466380437],[133.19357801201147,34.247978993327415],[133.1935732402773,34.247909371694206],[133.19341020013573,34.247680008329354],[133.19331042631666,34.24777228338925],[133.19330758034835,34.247775522652056],[133.19327214834996,34.24781585131715],[133.19324415232452,34.247856147435655],[133.19321026442938,34.24790492397142],[133.193181799759,34.2479291473989],[133.19316104569768,34.248004803169486],[133.1932227836887,34.2481327326477],[133.19332512794824,34.248187563216696],[133.19332596512788,34.24818775486085],[133.19345579033765,34.24828118226411],[133.19345583956644,34.24828121769099],[133.19345658036795,34.24828175080036],[133.19348421996094,34.24827051347256],[133.1935431217287,34.24824829749412],[133.19355538306567,34.24824641966571]]]]},"properties":{"classLabel":"土砂災害警戒区域","phenomenon":"急傾斜の崩壊","name":"江尻B","areaCode":"350-Ⅱ-15(1)","address":"弓削佐島","noticeDate":"2021-01-29"}},{"type":"Feature","id":97,"geometry":{"type":"Polygon","coordinates":[[[133.19178614144272,34.24716327476141],[133.19159218047943,34.246951501199625],[133.19173987928465,34.24738359575649],[133.1918579219994,34.247728927835084],[133.19188756890844,34.247815658926676],[133.19194827523734,34.247645694139116],[133.1921017691804,34.2475367002173],[133.19210814311327,34.24746753989708],[133.1921055253051,34.24744685882225],[133.19210292315853,34.24742630139342],[133.19208531904172,34.24737228872531],[133.19205525306597,34.24728004074419],[133.19178614144272,34.24716327476141]]]},"properties":{"classLabel":"土砂災害警戒区域","phenomenon":"急傾斜の崩壊","name":"江尻C","areaCode":"350-Ⅱ-16(1)","address":"弓削佐島","noticeDate":"2021-01-29"}},{"type":"Feature","id":98,"geometry":{"type":"MultiPolygon","coordinates":[[[[133.25887535786075,34.23277978917226],[133.25873540040004,34.23275279291722],[133.25873655219067,34.23277493108797],[133.25873872946514,34.232842906371175],[133.2587412421234,34.23292135317365],[133.2587415915258,34.2329322616701],[133.2587422975289,34.232934545687435],[133.25875719192425,34.23297757296157],[133.25879036587887,34.23307114656378],[133.2588604142663,34.233003915196775],[133.25886677649143,34.23290849375353],[133.25886935575917,34.232869809400896],[133.25887535786075,34.23277978917226]]],[[[133.25964647590416,34.23328058389004],[133.25963065997342,34.233279911739665],[133.25955695979238,34.233287122680366],[133.2593707979275,34.23330533693236],[133.25936722242926,34.233305686740344],[133.25936225654746,34.233314044781665],[133.25937788669822,34.23336995205852],[133.259379924648,34.233394463805645],[133.25937988149226,34.233409635184046],[133.25936786834797,34.23343411935852],[133.25930161069,34.23351043015154],[133.25936027010823,34.23363541808818],[133.25936182924082,34.23363835037736],[133.25937021848813,34.23364039009012],[133.2594446244132,34.23365848067804],[133.25958262964454,34.23369203425215],[133.25959022592525,34.23369394208539],[133.2596395511542,34.23370633038805],[133.25964570629026,34.233648620789],[133.25966703000964,34.23356171843213],[133.25966923560716,34.23355895092751],[133.2597631142106,34.23335115469071],[133.25975163411886,34.23330019560201],[133.25974001180083,34.23329771970205],[133.25968186306213,34.233282087766604],[133.25964647590416,34.23328058389004]]]]},"properties":{"classLabel":"土砂災害警戒区域","phenomenon":"急傾斜の崩壊","name":"豊島","areaCode":"350-Ⅱ-17(1)","address":"弓削豊島","noticeDate":"2021-01-29"}},{"type":"Feature","id":99,"geometry":{"type":"Polygon","coordinates":[[[133.21455341026888,34.28357692320319],[133.21453551524,34.28356410189328],[133.21450873431434,34.283579490107044],[133.21442183692253,34.2836277725904],[133.21435171805484,34.28364634729622],[133.21433730025097,34.28365495012875],[133.214340294162,34.2837003392964],[133.214342653946,34.28374499642254],[133.21434389038006,34.283768395064165],[133.21434825234644,34.283800689013916],[133.21434825909662,34.28380073903619],[133.2143635469728,34.28389904597453],[133.21441304335946,34.283886083190815],[133.21452793575926,34.283856132795954],[133.21461343279503,34.28380678139916],[133.21465710759958,34.28378770756783],[133.2146323088347,34.283679668308345],[133.21462872688826,34.283665458424764],[133.2146111154056,34.28362771555497],[133.2146073712667,34.28361969158776],[133.21455341026888,34.28357692320319]]]},"properties":{"classLabel":"土砂災害警戒区域","phenomenon":"急傾斜の崩壊","name":"沢津A","areaCode":"350-Ⅱ-18(1)","address":"弓削沢津","noticeDate":"2021-01-29"}},{"type":"Feature","id":100,"geometry":{"type":"Polygon","coordinates":[[[133.20269896379358,34.261137028700226],[133.20251953284873,34.26096645189105],[133.20266390760398,34.26115958641351],[133.20273892143075,34.2612247724315],[133.2027391431299,34.261224965119986],[133.20277948818185,34.261257397158076],[133.20282555746545,34.261294430675136],[133.20285641525084,34.26132100916184],[133.20293381148346,34.26132883041097],[133.20291954126154,34.26131961973748],[133.20285304329354,34.26126942435678],[133.20285258769417,34.26126905115994],[133.2027819357178,34.26121117927445],[133.20273622169,34.26117145707496],[133.20270292537342,34.26114091007785],[133.20269896379358,34.261137028700226]]]},"properties":{"classLabel":"土砂災害警戒区域","phenomenon":"急傾斜の崩壊","name":"下弓削A","areaCode":"350-Ⅱ-19(1)","address":"弓削下弓削","noticeDate":"2021-01-29"}},{"type":"Feature","id":101,"geometry":{"type":"Polygon","coordinates":[[[133.20206525764465,34.24918603455618],[133.20196766936084,34.24912314240613],[133.20193424256178,34.24917394850847],[133.2020216517587,34.24923041280668],[133.20202180556137,34.2492305121623],[133.2020667612106,34.249260020798644],[133.2020904918,34.249275597419945],[133.20214571647,34.249307953852764],[133.20215511242108,34.2493122650883],[133.20220446447757,34.24925906155182],[133.20211605872612,34.24921939386991],[133.20210955148235,34.24921540981084],[133.20209201868172,34.24920467542122],[133.20206544242708,34.249186163255125],[133.20206525764465,34.24918603455618]]]},"properties":{"classLabel":"土砂災害警戒区域","phenomenon":"急傾斜の崩壊","name":"土生A","areaCode":"350-Ⅱ-21(1)","address":"弓削土生","noticeDate":"2021-01-29"}},{"type":"Feature","id":102,"geometry":{"type":"Polygon","coordinates":[[[133.19096642550846,34.25255447034131],[133.19095687660928,34.25247851859993],[133.1910110156827,34.25247607324919],[133.19099189262724,34.25243835628935],[133.19096888601467,34.25239297960685],[133.19093517209186,34.2523264845022],[133.19086186678595,34.25218190154173],[133.19076268508329,34.25225464406938],[133.19073126930704,34.25225520620046],[133.19069654686788,34.25222783748848],[133.1906810385666,34.2522561049762],[133.1906325669222,34.25225697225695],[133.19054573340497,34.25216341714168],[133.1903915912969,34.25216897730708],[133.19022400816783,34.25221588547079],[133.1902744180045,34.25230777705557],[133.19028419848198,34.25232560581359],[133.19030254020663,34.25236252231517],[133.19030620388273,34.25236989624858],[133.19034042002457,34.25242541187825],[133.19035453393323,34.25244139183486],[133.19042019200052,34.2524388182248],[133.1905285094695,34.25244513182904],[133.19061646337897,34.2524846103188],[133.1906265497083,34.25248450447545],[133.1906402876723,34.25256020901701],[133.19064330861255,34.25256799691755],[133.1906553543218,34.25259905061053],[133.19067817911903,34.252633550255055],[133.19069057334914,34.25264852418568],[133.190881653703,34.25278047529358],[133.1909744808204,34.25273524429891],[133.1909760948851,34.25269136292032],[133.19097569092804,34.252661012836725],[133.1909745611116,34.252645136806244],[133.19097030553536,34.25258533845534],[133.19096642550846,34.25255447034131]]]},"properties":{"classLabel":"土砂災害警戒区域","phenomenon":"急傾斜の崩壊","name":"本浦A","areaCode":"350-Ⅱ-22(1)","address":"弓削佐島","noticeDate":"2021-01-29"}},{"type":"Feature","id":103,"geometry":{"type":"Polygon","coordinates":[[[133.1948317070851,34.245853607910405],[133.19482408572887,34.245958229326384],[133.1946439191843,34.24595943697545],[133.1945235042449,34.245993947652195],[133.19439663590512,34.246088739826135],[133.19431328355765,34.24620407898154],[133.19430005282197,34.24622238703177],[133.1942854096527,34.24624348516359],[133.19426540370378,34.2462808923569],[133.19426516020408,34.24628150479713],[133.19423112236623,34.246367116863794],[133.19437286051948,34.24641577669795],[133.19460726441287,34.24646054287128],[133.19486075626912,34.246454000233335],[133.19521937640505,34.24633273939892],[133.19535564820808,34.24616310658105],[133.1954399364677,34.246068122524335],[133.19547577736122,34.2460594514903],[133.1954272613068,34.2459811439072],[133.19542673059348,34.24597909743468],[133.1953957282506,34.24585955194449],[133.19540364335828,34.245793687105284],[133.195406407743,34.24577068348778],[133.1952057660669,34.24574187616007],[133.19493905026536,34.24571487208491],[133.1948317070851,34.245853607910405]]]},"properties":{"classLabel":"土砂災害警戒区域","phenomenon":"急傾斜の崩壊","name":"江尻D","areaCode":"350-Ⅱ-23(1)","address":"弓削佐島","noticeDate":"2021-01-29"}},{"type":"Feature","id":104,"geometry":{"type":"Polygon","coordinates":[[[133.2069417092101,34.256148410495285],[133.2069420989527,34.25614830952086],[133.20694189389766,34.25614888583729],[133.2069723794939,34.256176732763315],[133.20697198428175,34.256177057828914],[133.20698851787208,34.2562331574056],[133.2070351774427,34.256294128251305],[133.20709085401612,34.2563702200089],[133.20709148745465,34.25637121206149],[133.20710430585356,34.256391287718536],[133.20713336117916,34.256415321297936],[133.207235760931,34.25649334799405],[133.20729777557048,34.25624080636919],[133.20727918385657,34.25620725619318],[133.20723613174894,34.25596710019091],[133.20702647302332,34.255874367621274],[133.20699506833634,34.2559904836189],[133.20697988595595,34.25603391287814],[133.20697516206886,34.256051312458546],[133.2069715729408,34.256061730042035],[133.2069417092101,34.256148410495285]]]},"properties":{"classLabel":"土砂災害警戒区域","phenomenon":"急傾斜の崩壊","name":"下弓削C","areaCode":"350-Ⅱ-24(1)","address":"弓削下弓削","noticeDate":"2021-01-29"}},{"type":"Feature","id":105,"geometry":{"type":"Polygon","coordinates":[[[133.2065190351794,34.25559990416681],[133.20639215894926,34.25553370780981],[133.20635002426835,34.255641784625276],[133.20633430936456,34.25568209385072],[133.20632854133544,34.25569688897335],[133.20629649305528,34.255766588301405],[133.20633153800873,34.255843851187024],[133.20650498209346,34.25590856858939],[133.20656284748185,34.2560014575677],[133.20676452294165,34.25610808525859],[133.20694170972737,34.256148410634054],[133.2069715730648,34.2560617301111],[133.2069751627373,34.25605131080927],[133.20697988595595,34.25603391287814],[133.20698983941298,34.25600541233436],[133.20699506833634,34.25599048361889],[133.20702647302332,34.25587436762125],[133.20691918785718,34.25583768931137],[133.20671401773345,34.25578870752617],[133.20664480701942,34.25564447840048],[133.2065190351794,34.25559990416681]]]},"properties":{"classLabel":"土砂災害警戒区域","phenomenon":"急傾斜の崩壊","name":"下弓削D","areaCode":"350-Ⅱ-25(1)","address":"弓削下弓削","noticeDate":"2021-01-29"}},{"type":"Feature","id":106,"geometry":{"type":"Polygon","coordinates":[[[133.1904934002293,34.25144897731933],[133.19046449895683,34.251317513389026],[133.1904915041387,34.25129585525798],[133.19051473333332,34.25140866318238],[133.1906665775243,34.25154849035377],[133.19100665581888,34.251396404118246],[133.191152577737,34.251268135184596],[133.19078933664022,34.250938401633775],[133.19078618497093,34.25093550436761],[133.190673460558,34.25083187985041],[133.19060349542784,34.25076709760572],[133.19051768540817,34.25069481241692],[133.19051657323257,34.25069385504447],[133.19049491986902,34.250675216062945],[133.19047182295924,34.25065818904645],[133.1904701675782,34.2506560504188],[133.19043295522016,34.25068271415067],[133.19039869938248,34.25070418591894],[133.1903557489634,34.250735788256435],[133.1903395754101,34.25074746748684],[133.1903381593854,34.25074900094693],[133.19023077345153,34.2508296654006],[133.19018068077327,34.25086687366788],[133.19018324814508,34.250869227962504],[133.18996943084764,34.25104721999654],[133.19009357453038,34.25126342819589],[133.19015788164216,34.25138514010774],[133.19014728805936,34.25141952075699],[133.1900859869372,34.251379580695094],[133.190093139667,34.251395731729005],[133.1900953291931,34.2514354933798],[133.19009053961912,34.251468127213336],[133.19009050121326,34.251468395859504],[133.1900837479166,34.25151562511451],[133.19007702081936,34.25158526426425],[133.1900761759988,34.25158925785275],[133.19006625445155,34.25163615835145],[133.19005239545547,34.251773060163835],[133.19041683344432,34.251757065157236],[133.1904934002293,34.25144897731933]]]},"properties":{"classLabel":"土砂災害警戒区域","phenomenon":"急傾斜の崩壊","name":"本浦B","areaCode":"350-Ⅱ-26(1)","address":"弓削佐島","noticeDate":"2021-01-29"}},{"type":"Feature","id":107,"geometry":{"type":"MultiPolygon","coordinates":[[[[133.18834727619225,34.249219259243304],[133.18826323038581,34.249149178746144],[133.18849721570817,34.249215150881035],[133.18866142796318,34.24904843617819],[133.18875395144119,34.24882489540177],[133.18881224290664,34.24871437115808],[133.1885442290253,34.24868534316872],[133.1885398641971,34.24868489254317],[133.18840278458487,34.248670740836396],[133.18838526942477,34.24866751232522],[133.18831917302617,34.2486553289953],[133.18828115961884,34.24864287503763],[133.18825934357946,34.2487464002811],[133.18834499563854,34.248882714984546],[133.1883586195034,34.248954537448576],[133.18829566951064,34.24891764552429],[133.1881508974898,34.248813502050844],[133.18812298010414,34.248792526489886],[133.18812153703263,34.24880883289817],[133.18810425312873,34.24887016998893],[133.18809917958444,34.24888012871793],[133.18804352239468,34.24898937661531],[133.1880010254552,34.249072792443314],[133.18790775888195,34.24908925435522],[133.18779569760787,34.249109033504205],[133.18774913890778,34.249117467907624],[133.18764662731073,34.249136038510535],[133.18764306307608,34.24913668419472],[133.18771024614682,34.249234162440096],[133.18783673838178,34.249350910182216],[133.18785498330843,34.24935535912315],[133.18792407969605,34.24936755150934],[133.18794284587545,34.24936952794306],[133.18802801713892,34.24937849809112],[133.18802896180384,34.2493785903627],[133.18815188492655,34.24939059948997],[133.18834727619225,34.249219259243304]]],[[[133.1893777225531,34.24918864920974],[133.18935236064652,34.24895252910828],[133.1893078490395,34.24895891031324],[133.18924769561244,34.24897554275788],[133.18924166974003,34.24897720890082],[133.18917914095928,34.249002556448836],[133.18917907285072,34.24900258998082],[133.18907823081102,34.249052274965486],[133.18911830712096,34.24914900905195],[133.1890772509232,34.24921539036355],[133.18905445044962,34.24924850902756],[133.18889077732445,34.249336792500586],[133.18880394582575,34.24939351647124],[133.18867891448988,34.24955959812359],[133.1885839902542,34.24977792816116],[133.18869688636119,34.24977624292058],[133.18876745548147,34.24977518946488],[133.18881360754807,34.249774500494944],[133.1888758285413,34.24977044942173],[133.18898200043196,34.24969334991125],[133.18912800679357,34.249602891217954],[133.18935486663742,34.249459134009356],[133.18940601317334,34.24935213787942],[133.18937521506112,34.24930207393468],[133.1893777225531,34.24918864920974]]]]},"properties":{"classLabel":"土砂災害警戒区域","phenomenon":"急傾斜の崩壊","name":"佐島","areaCode":"350-Ⅱ-28(1)","address":"弓削佐島","noticeDate":"2021-01-29"}},{"type":"Feature","id":108,"geometry":{"type":"MultiPolygon","coordinates":[[[[133.20553239065381,34.25259880466533],[133.20547908148083,34.25259770315734],[133.20547396073496,34.252598039285694],[133.20530319539137,34.25268362257226],[133.2052502044381,34.25273398504462],[133.20513590810899,34.25274671022217],[133.20498619038196,34.2528076789724],[133.20476751175914,34.252882806559285],[133.20482809779122,34.25295762257839],[133.20484475162172,34.25297818790337],[133.20486249728418,34.25300456265672],[133.20488603477608,34.25303954563334],[133.20491778895928,34.253084235042415],[133.20508785829333,34.25309392246904],[133.2053204412743,34.25311893867902],[133.20561572699972,34.25304140932269],[133.20574816878715,34.25295358457341],[133.2058517678788,34.25279379675318],[133.2056879663444,34.252675556672756],[133.20568788290225,34.25267549858978],[133.20563887237398,34.25264138412957],[133.2055808308472,34.25260937393597],[133.20558039728448,34.25260913482949],[133.20553239065381,34.25259880466533]]],[[[133.20544406444517,34.25317833585032],[133.2053849679747,34.253160588093714],[133.20532318797035,34.253234727904],[133.20532308496607,34.2532348515383],[133.205309970096,34.25325407048],[133.20528721675933,34.253273719130235],[133.20528718651792,34.25327376235773],[133.20526063734798,34.25331169998073],[133.20523144497355,34.25335112363751],[133.20531280148626,34.25338273072912],[133.20533552460816,34.253349443262415],[133.2053533301568,34.25332316558707],[133.205365414506,34.25330387665169],[133.20539195207388,34.253261517473014],[133.20544406444517,34.25317833585032]]],[[[133.20497085238085,34.253255788689906],[133.20485295099803,34.253245992221956],[133.2048162566664,34.25334225649428],[133.20481556784688,34.25334397198632],[133.20479383270504,34.25339810385399],[133.20478850810997,34.25341621015574],[133.204788221254,34.25341718562835],[133.20476802498393,34.253504747613086],[133.2048357241594,34.25350973356784],[133.20486962723805,34.25344870470938],[133.2048802956322,34.253427534821846],[133.204910813738,34.253366976030314],[133.20491754590677,34.25335450853489],[133.20497085238085,34.253255788689906]]],[[[133.2059337694756,34.25355843111343],[133.20589058852283,34.25342541762747],[133.2057831175353,34.25343824930317],[133.20572181752078,34.253445568237304],[133.2056846355946,34.253450007613765],[133.20562658446465,34.25347453731032],[133.20562201376342,34.253477604535625],[133.2056124562051,34.25360184746477],[133.205597934164,34.25366236484879],[133.20562079302934,34.25372538718191],[133.2055833491906,34.253736341736186],[133.20558127172987,34.25381837556885],[133.20568498804352,34.25384504864334],[133.20575033497573,34.253861854044786],[133.20576083577814,34.25386455457591],[133.20585776331382,34.25389608150239],[133.20601805741475,34.253832081323324],[133.20602947413875,34.253744517065506],[133.2060065773732,34.253630825979485],[133.2059337694756,34.25355843111343]]]]},"properties":{"classLabel":"土砂災害警戒区域","phenomenon":"急傾斜の崩壊","name":"土生B","areaCode":"350-Ⅱ-29(1)","address":"弓削下弓削","noticeDate":"2021-01-29"}},{"type":"Feature","id":109,"geometry":{"type":"Polygon","coordinates":[[[133.19609840643238,34.2479562124624],[133.19625223303188,34.247948724028284],[133.19633064358314,34.247895954138826],[133.19623001600561,34.247801842927835],[133.1960199706182,34.24760539852433],[133.19599500966,34.2475820537976],[133.19587625829868,34.24747682234833],[133.19574782583547,34.247376576516196],[133.19567666863003,34.24731792130693],[133.19564850076563,34.2472947024046],[133.19562360988888,34.247252100589364],[133.19562029787417,34.247242644901974],[133.19565906079401,34.247402749463134],[133.195686671159,34.247605597051425],[133.19559900026576,34.247414585990434],[133.1955726856546,34.24740290019637],[133.1953295318863,34.24746708808557],[133.19517792560936,34.2473965779298],[133.1951568570908,34.24741710594997],[133.19511023466828,34.247467040372804],[133.1950477127348,34.2475340036385],[133.19503133888367,34.24755568580021],[133.19494943175684,34.24766414659011],[133.1951748111778,34.247769104438824],[133.19533310984866,34.24798095636866],[133.1954793418877,34.24800311011423],[133.19570188183332,34.24785912650401],[133.19609840643238,34.2479562124624]]]},"properties":{"classLabel":"土砂災害警戒区域","phenomenon":"急傾斜の崩壊","name":"江尻E","areaCode":"350-Ⅱ-30(1)","address":"弓削佐島","noticeDate":"2021-01-29"}},{"type":"Feature","id":110,"geometry":{"type":"Polygon","coordinates":[[[133.22572712643603,34.26981386449611],[133.2257851965593,34.2697129982639],[133.22564106348113,34.26975233672214],[133.22547470222287,34.269705275604935],[133.22540995515465,34.26980123852877],[133.2253921567976,34.269827617777],[133.22536869361886,34.26986673444265],[133.22532992515906,34.26993136724398],[133.22532156361873,34.26994792522737],[133.22548856938434,34.27001752764907],[133.22564391680294,34.269959752634634],[133.22567446969308,34.269905327636415],[133.22569011089809,34.26987815940551],[133.22572712643603,34.26981386449611]]]},"properties":{"classLabel":"土砂災害警戒区域","phenomenon":"急傾斜の崩壊","name":"大谷A","areaCode":"350-Ⅱ-31(1)","address":"弓削大谷","noticeDate":"2021-01-29"}},{"type":"Feature","id":111,"geometry":{"type":"MultiPolygon","coordinates":[[[[133.21900085799314,34.26792164741265],[133.21892860248875,34.26788779318599],[133.21892218671417,34.26790174199291],[133.21888286653925,34.267888689516525],[133.2188824442102,34.267888562809],[133.21878031373734,34.26785792082823],[133.2187495587477,34.267905584534276],[133.21849250119564,34.26793865995087],[133.2185121994188,34.26794795463439],[133.21858203078472,34.267989538934486],[133.21858239533432,34.26798975603134],[133.2186531395375,34.268039696180466],[133.21871525320762,34.26808369492395],[133.21871552337467,34.26808388542476],[133.21882969204805,34.26816438582985],[133.2188350492615,34.268176241216636],[133.21883524136817,34.26817679080189],[133.21885801195128,34.26824193563522],[133.2188780208192,34.268318888045926],[133.21889001871114,34.26841024215371],[133.21889127235954,34.268468526232304],[133.21887948973892,34.26852978493659],[133.2188717728539,34.268558235740024],[133.2188709546319,34.26856125235267],[133.21883880522452,34.268644125536454],[133.21897626236645,34.2683370778667],[133.21903974873672,34.268283237864054],[133.21908940796462,34.268226380389926],[133.2190945923951,34.268202233934524],[133.2190930582732,34.2681738392962],[133.2190885381253,34.26814884624546],[133.2190830911075,34.268137802272854],[133.21906293676923,34.26809693874923],[133.21906277256616,34.26809660583203],[133.21906048626073,34.26809291543402],[133.2191811474421,34.26799246135543],[133.2189996035807,34.267927867416084],[133.21900085799314,34.26792164741265]]],[[[133.21985398825007,34.26818366464719],[133.21947591972182,34.268082385629825],[133.21932574536692,34.26819453079363],[133.21932535385199,34.26819482316166],[133.2192275982668,34.26826012906016],[133.2191485573876,34.26831293242336],[133.2191431810403,34.268316836271055],[133.21889130665457,34.26867235351653],[133.21892014204937,34.26870639111835],[133.2189488707938,34.26878415952295],[133.21898548498748,34.268871218002644],[133.2190188864677,34.2689455438238],[133.2190842790747,34.26893572131496],[133.2191259016879,34.268930245436344],[133.21916546914704,34.268925039905476],[133.21923224211167,34.26891975997651],[133.21932555010534,34.26891438890268],[133.21932577040556,34.268914377954474],[133.2197160190965,34.26889499393226],[133.2197734736722,34.26879794196075],[133.21981267355724,34.26868040039487],[133.2199345339381,34.268463393822756],[133.21985398825007,34.26818366464719]]]]},"properties":{"classLabel":"土砂災害警戒区域","phenomenon":"急傾斜の崩壊","name":"狩尾A","areaCode":"350-Ⅱ-32(1)","address":"弓削狩尾","noticeDate":"2021-01-29"}},{"type":"Feature","id":112,"geometry":{"type":"MultiPolygon","coordinates":[[[[133.23179785635887,34.27701568081848],[133.23188758675053,34.276899548646156],[133.23189959925546,34.27690823025207],[133.23195373297912,34.27681393966297],[133.23198541211775,34.27677293923314],[133.2319805759859,34.27676718419304],[133.23202851753553,34.276683678883806],[133.23207113163306,34.27657919562585],[133.23208306781024,34.276526926781045],[133.23161690564228,34.276307388177514],[133.23161058562405,34.276304747579914],[133.23155135103173,34.276279998633505],[133.23135555553947,34.276198753962106],[133.23118951796377,34.27612450556807],[133.23105175615265,34.27605657787859],[133.23089865891149,34.27598011620119],[133.23076961492617,34.27590370552525],[133.2306451251321,34.275813577461605],[133.23058263904437,34.27577100809224],[133.23048218848464,34.27571462959517],[133.2303656676039,34.27565961722039],[133.2303361085593,34.2756476188311],[133.23033474240677,34.27564718062311],[133.23028542339333,34.275631361556044],[133.2302310132665,34.27562134279404],[133.23022796750772,34.27562538817258],[133.23021619820236,34.27563775819457],[133.23019137191855,34.2756615409756],[133.2302107637134,34.27566916812816],[133.2302806525542,34.275712384152314],[133.2302825564454,34.27571356143422],[133.23040346470964,34.275812247080864],[133.23052037326838,34.275912030973885],[133.2306452631205,34.27601514882833],[133.23077018346345,34.27610942143654],[133.2309097245512,34.27621367781657],[133.2311356597733,34.276378944293334],[133.23133802715702,34.276512318444226],[133.2314897697955,34.27661203909566],[133.23149003593196,34.2766122314166],[133.23156186505938,34.27666414387779],[133.23146137601717,34.276836698538396],[133.23146134679428,34.27683674872173],[133.23142345932504,34.276915227372356],[133.23138507758702,34.27699694166749],[133.23133076491894,34.277110656063826],[133.23128701610568,34.27720075526502],[133.23124431455503,34.27727585889361],[133.23121999757245,34.27730489231007],[133.23120219171636,34.2773261516991],[133.23114419506172,34.277368719793245],[133.2313690707441,34.27728161791287],[133.23146239401265,34.27727179216427],[133.23152432167885,34.27723348976313],[133.23157401497713,34.2772304690096],[133.23159519158145,34.277217213705136],[133.23165504021568,34.27717057810895],[133.23165519220652,34.27717045968468],[133.23169620527622,34.277130311985744],[133.2317338424594,34.27709155239029],[133.2317977726861,34.27701577999514],[133.23179785635887,34.27701568081848]]],[[[133.23235698036154,34.27752255691322],[133.2320056752996,34.27717880874566],[133.23191030652274,34.27725980261787],[133.2318412133603,34.2773201951687],[133.23204299070244,34.27773871579482],[133.23208086993145,34.277814494856884],[133.2321553583383,34.27790229619786],[133.2322403414937,34.277988737572485],[133.23234134392285,34.27806526263288],[133.23243570201822,34.27813624225008],[133.23253673850112,34.27820170826851],[133.2326710514269,34.27827609253007],[133.2327930377263,34.27835183316857],[133.2328414950635,34.27838662908287],[133.23285019071645,34.27839287320636],[133.2328944369495,34.27846463267382],[133.23289007598407,34.27837501201193],[133.23282950638463,34.278034122815356],[133.23276758397193,34.277960054600925],[133.23275446068374,34.27794435723915],[133.23266194145342,34.27784969732252],[133.23258318378637,34.27777082129982],[133.23248870361664,34.27766731784155],[133.23242217718115,34.27759495289926],[133.23235895794605,34.27752449195452],[133.23235698036154,34.27752255691322]]]]},"properties":{"classLabel":"土砂災害警戒区域","phenomenon":"急傾斜の崩壊","name":"大谷B","areaCode":"350-Ⅱ-33(1)","address":"弓削大谷","noticeDate":"2021-01-29"}},{"type":"Feature","id":113,"geometry":{"type":"Polygon","coordinates":[[[133.18345949478157,34.26585878070158],[133.1834907644388,34.26577837436608],[133.183503411782,34.265799729685845],[133.18350350311422,34.26579971561447],[133.18384002314374,34.265792720896386],[133.18402656788655,34.26576604033071],[133.1840330102985,34.26575987255803],[133.18413613117428,34.26578030218911],[133.18413619816045,34.26578029049631],[133.18425687305802,34.265826675050235],[133.18463932187873,34.26587285961721],[133.18468498686846,34.26585977270683],[133.184728836466,34.265897555823535],[133.18512893454303,34.26589521999596],[133.18512900138276,34.2658952197894],[133.18522776145477,34.26583025595785],[133.18522784587046,34.26583025256342],[133.18532280369416,34.26579343509042],[133.1853228521171,34.26579341354747],[133.18532966034212,34.26579011872428],[133.18540603574576,34.265407330970234],[133.18546222042735,34.26515971789141],[133.18549851547573,34.265055771363414],[133.18565892108404,34.264681093353374],[133.18570629285517,34.26457321382714],[133.18582517839724,34.264303347256636],[133.18598309516628,34.263960238419415],[133.18595126212875,34.263833159220525],[133.18595129756608,34.263833114841894],[133.1857888290308,34.26375406386151],[133.1857528059173,34.2637158428608],[133.18590654427436,34.263665682995324],[133.18607098584226,34.26344515851323],[133.18616585762277,34.26318540580717],[133.18616580230997,34.26318535896058],[133.1860850028174,34.2630746283747],[133.18601735479072,34.26296500856093],[133.18582045704773,34.26295021403502],[133.1858794219502,34.26284639027921],[133.1857930604774,34.26276070906005],[133.18571827186955,34.26282607420752],[133.18569782468956,34.262843944998096],[133.18568983909375,34.26284801718999],[133.1856846987533,34.26285063850582],[133.18566727243203,34.26285474292516],[133.18564278487406,34.26285725708451],[133.18558325191788,34.262861651417566],[133.18558475852188,34.26287261203279],[133.18551926717774,34.26300715764483],[133.18549671558483,34.26316677651588],[133.1856071925064,34.26329731367005],[133.1856030247708,34.26329744416108],[133.18560302995778,34.26329755863249],[133.18560046597378,34.2633165148545],[133.1855969719309,34.26334522173879],[133.18557300934316,34.26337531193472],[133.1854542537579,34.26342483211477],[133.18552042291512,34.26346719202275],[133.185535811359,34.26348358652735],[133.18554044822406,34.26348852655302],[133.1855595325442,34.26351837038678],[133.18556376800242,34.2635438681273],[133.18557440240582,34.26360788789027],[133.1855099139605,34.26367461541497],[133.18545076529512,34.263735817652],[133.1854356103988,34.26375149869252],[133.18538280603647,34.263806136215074],[133.18551038061182,34.26382123365177],[133.1854932642873,34.26383569227682],[133.18549327230016,34.26383577645573],[133.18526240581627,34.26389452553452],[133.1852550406591,34.263939595131944],[133.18525500798447,34.26393973732962],[133.18523182291776,34.263986112594104],[133.18523175273035,34.263986227903736],[133.18518318756793,34.2640387444417],[133.18511974884328,34.26400661514547],[133.1851196914215,34.26400666737768],[133.18510834784578,34.26401390185396],[133.18499540800698,34.26397670542217],[133.18465032005116,34.264185670412594],[133.18450865477917,34.2642058573439],[133.18450576341195,34.264211025243725],[133.18451076360324,34.26421300973],[133.18459160023846,34.26424509214522],[133.1846034032829,34.264250446950115],[133.18464075722034,34.264267393781964],[133.18472152799887,34.26431679708195],[133.1848144627335,34.26438012120642],[133.18488728764788,34.26443874865548],[133.1849517327171,34.264506882710606],[133.18498041804045,34.264537210012904],[133.1849771835407,34.264540535484045],[133.184903111492,34.26461669075902],[133.1848578270395,34.26465121441384],[133.18474533032358,34.2647224003394],[133.18470376386534,34.26475373864672],[133.1846871574625,34.26476625873355],[133.18463460846488,34.26482294712495],[133.18462068959727,34.264998823431554],[133.18462018976535,34.26499868265705],[133.18462007100706,34.26499864103655],[133.18438521433814,34.26493088642693],[133.1835335001395,34.26459720143385],[133.1837722983525,34.265353706018956],[133.18377984374072,34.26538058715528],[133.18377984161552,34.26538075653261],[133.18377586379665,34.265414148935676],[133.18377224202538,34.26542588041597],[133.18376627623246,34.26543237420716],[133.18376614529706,34.26543231127514],[133.18376483793637,34.26542855410424],[133.18376478142414,34.26542849566322],[133.1835926290317,34.26520235023297],[133.18337621556887,34.265133470892245],[133.18326204427103,34.26528719715118],[133.18325974973527,34.265285117219726],[133.18325395480664,34.2652780155092],[133.18324909492966,34.265232236716024],[133.18324905397168,34.26523217859013],[133.1830759471221,34.26517951736631],[133.18296897832622,34.26519504385815],[133.18290691518183,34.26520405227186],[133.18279994632496,34.265219578615756],[133.18258352418223,34.26549698299954],[133.1825835352188,34.265497022407516],[133.18262697672816,34.26558617263671],[133.18284007818406,34.265833680071566],[133.18324312640544,34.26590669158296],[133.18342722327034,34.265995352697864],[133.18345949478157,34.26585878070158]]]},"properties":{"classLabel":"土砂災害警戒区域","phenomenon":"急傾斜の崩壊","name":"脇","areaCode":"351-Ⅰ-515(1)","address":"生名","noticeDate":"2021-01-29"}},{"type":"Feature","id":114,"geometry":{"type":"Polygon","coordinates":[[[133.1862841593448,34.26763179209109],[133.1863054171515,34.26775507954199],[133.1862699676827,34.267764427330206],[133.18623940372976,34.267799445919216],[133.1861380559137,34.26796111953266],[133.18614757870063,34.26797455517888],[133.1861931295491,34.26803882240281],[133.186206891308,34.26805823873606],[133.18620777688838,34.26805948821051],[133.1862215822035,34.26807626943646],[133.186257582711,34.26811369227814],[133.1862734076631,34.268129419002726],[133.1864557883351,34.26815011976702],[133.18651591193384,34.26813787360804],[133.1865508483123,34.268145796524045],[133.186568479232,34.26813921305523],[133.18660403608263,34.26811768090474],[133.18668326628324,34.268105254876005],[133.18688458297584,34.267955057151966],[133.186928498544,34.26786987100394],[133.18690729331405,34.2677614838279],[133.1868599096808,34.26771394847105],[133.18686131674616,34.267712657740944],[133.18686147328143,34.267712247598325],[133.18686238775055,34.26771129296512],[133.1868315747983,34.26769021992621],[133.1867808819555,34.267655550994974],[133.18677914102582,34.267653527194106],[133.18677546903453,34.26764925858204],[133.18676983356093,34.26763884177495],[133.18676515959768,34.26762450376363],[133.18676004925095,34.267600157125614],[133.18675635824647,34.267575812326214],[133.18674534188628,34.26755046789808],[133.18674046121183,34.26753857263047],[133.18673839486604,34.267529147673336],[133.18673884744513,34.26752042697673],[133.18674359977038,34.267503758687475],[133.186758472729,34.26745159303684],[133.1867615843697,34.26744067921705],[133.1867219297866,34.26733346215888],[133.1866525079667,34.26735182235286],[133.186537029624,34.26738263381823],[133.18646261181942,34.26740256104067],[133.18638679728667,34.26742280062669],[133.18636811895345,34.267427801196156],[133.18629599733336,34.26744710958756],[133.18631938010748,34.26749785721762],[133.186326705365,34.2675137552092],[133.1862867023006,34.26759285916426],[133.18629450182894,34.26762967356045],[133.1862841593448,34.26763179209109]]]},"properties":{"classLabel":"土砂災害警戒区域","phenomenon":"急傾斜の崩壊","name":"厳島","areaCode":"351-Ⅰ-516(1)","address":"生名","noticeDate":"2021-01-29"}},{"type":"Feature","id":115,"geometry":{"type":"Polygon","coordinates":[[[133.18413476922427,34.269858717796424],[133.18430180952797,34.26965467503583],[133.18435084903336,34.26942759638208],[133.18429696779145,34.26929684748995],[133.1843884204356,34.26929246436075],[133.1844241071274,34.26923563341824],[133.18432712656036,34.268889971083546],[133.18403054006512,34.268728676270705],[133.18385047496506,34.26865369994773],[133.18370569864973,34.26857403584563],[133.1835136689564,34.26880011631126],[133.18346800798926,34.26885387368517],[133.18345541922662,34.268868694608344],[133.1834448665782,34.26888157634441],[133.18343430015364,34.26889724905813],[133.1834237147931,34.268918504300416],[133.18340046521277,34.26896992062709],[133.183378175247,34.269031024231545],[133.1833679504972,34.26905905333466],[133.18334669856702,34.26911731119901],[133.18352806546676,34.26916027509261],[133.18362743246743,34.269223866515695],[133.1836325138115,34.26922825331662],[133.18363447885724,34.269231814427954],[133.18363999479286,34.269249733671316],[133.18374251531995,34.269328320327034],[133.18377874887378,34.269481280572606],[133.18377311470337,34.26951462672041],[133.18372359401073,34.269533217739465],[133.18368022861304,34.26952455301569],[133.18364332200602,34.26949568842857],[133.18359028421793,34.269454865522],[133.18359379824,34.26935311367326],[133.18359371203195,34.26935301398783],[133.18352464227885,34.269323305568314],[133.18346954580898,34.26930834586393],[133.18342624015028,34.26935165727033],[133.1834001838648,34.26937771696095],[133.18336648192877,34.269411423309094],[133.18333831432946,34.26944436616198],[133.18332283070697,34.26946665316698],[133.1833094158358,34.26948856472246],[133.18329392085587,34.26951352329756],[133.18328260605637,34.2695272345198],[133.18327235514207,34.26953686542186],[133.1832639478869,34.26954381387008],[133.18326392439437,34.26954383328631],[133.18326388732447,34.26954380195138],[133.18321691214223,34.26950409411144],[133.1831767162772,34.269464915881045],[133.18311178287436,34.2694020559572],[133.1831034468266,34.269392187199934],[133.1830808862811,34.26936547845274],[133.18304109549462,34.269318371295164],[133.18304305305614,34.2694994666999],[133.18301151520822,34.269515744373614],[133.18295496792265,34.269409960204456],[133.1828769266103,34.26931935324668],[133.1827089369132,34.2692372186522],[133.1826433203317,34.26920039920387],[133.18253452410852,34.26916627829484],[133.1825294584529,34.269160996013674],[133.18248633150654,34.26916551413566],[133.18242304250722,34.269188103192306],[133.18240119835278,34.269174803236844],[133.18237921561376,34.26914030456368],[133.18238312894985,34.26910099996937],[133.1823770785048,34.269035756685625],[133.18249928618206,34.26898039921258],[133.18258549974692,34.26894881399626],[133.18264197950077,34.268889308553526],[133.18268442522333,34.26870289085765],[133.18267849369937,34.26852871163463],[133.18265520239302,34.268485013291006],[133.1826125894366,34.26847088160463],[133.18257677457555,34.26845900432433],[133.1825548441804,34.26845062380212],[133.182542457595,34.268445890378416],[133.1825104264746,34.26842989372423],[133.18243135099183,34.26839040259981],[133.1824173702269,34.26838342044553],[133.1823467178585,34.268471528908],[133.18234220691343,34.26847065210769],[133.1822939536109,34.26846127299841],[133.18220263517327,34.26844352314831],[133.18222827242062,34.26850283786633],[133.18227523599077,34.26851687307526],[133.18231696485344,34.26852934383731],[133.18230446849654,34.26867930445461],[133.18226993520219,34.26863745469084],[133.1820936232583,34.26865852929242],[133.18200320059847,34.268984767940225],[133.18205269625722,34.26912905999735],[133.18202577108312,34.26918122786877],[133.18202192302485,34.26921539989493],[133.18202037058236,34.269269345264995],[133.18194852808995,34.26939636018901],[133.18203216228474,34.26957188237567],[133.1822364699107,34.26966900923862],[133.18232993540917,34.26973394783048],[133.182413614842,34.26975888045906],[133.18248772996657,34.26975907104057],[133.18256344142713,34.269772606772115],[133.18287215484602,34.2699098697404],[133.18312793824106,34.26993127628035],[133.18315045463592,34.2700013567208],[133.18340003722636,34.27017789012779],[133.18379330817777,34.27016161105674],[133.18392075497022,34.27012057191612],[133.18396944110853,34.27006095996417],[133.18413476922427,34.269858717796424]]]},"properties":{"classLabel":"土砂災害警戒区域","phenomenon":"急傾斜の崩壊","name":"中側","areaCode":"351-Ⅰ-517(1)","address":"生名","noticeDate":"2021-01-29"}},{"type":"Feature","id":116,"geometry":{"type":"MultiPolygon","coordinates":[[[[133.17964941094263,34.27293190271122],[133.1796510034957,34.27291146867526],[133.1796235672428,34.27292862194305],[133.17959814738506,34.272899084300285],[133.1795569490997,34.27289395433549],[133.17955385872835,34.27289163130291],[133.1796041495765,34.272872314400594],[133.17968499547257,34.272770886349726],[133.1796918393505,34.27271448199183],[133.1795616031656,34.27254367227948],[133.17953772979342,34.27255679490712],[133.17947105247578,34.27259344575781],[133.17945295217226,34.27260339505086],[133.17936240135472,34.27265316844766],[133.17936650550925,34.27269466274704],[133.17934026109208,34.27271529799891],[133.17913258572227,34.27287154328479],[133.17905959871663,34.27295340590258],[133.17907748936005,34.273190085271004],[133.1793584247468,34.27340649830294],[133.17962540801486,34.27323988362792],[133.17962621297514,34.273229555116],[133.17963732820905,34.27308693627032],[133.17964399164794,34.273001437747666],[133.17964941094263,34.27293190271122]]],[[[133.17984592184868,34.273998717393944],[133.1799762579676,34.27396277699358],[133.179967318187,34.273962966022225],[133.179947828929,34.27396212578807],[133.18021174198165,34.27382590928547],[133.1803687749089,34.27371774751044],[133.18038548529864,34.2735895579785],[133.18014300264392,34.273314405467964],[133.17994327866612,34.27332235207873],[133.1798363251801,34.27325141309689],[133.17972929512246,34.27326669518214],[133.17972115866954,34.2732678569146],[133.1796798034208,34.27328656037387],[133.1796063116215,34.27331979795449],[133.17958443576498,34.273329691549975],[133.1796499261739,34.273462919262585],[133.17951434161432,34.27356871935237],[133.17931807809876,34.27357313903756],[133.17927720395508,34.27368406427782],[133.17942030303033,34.27372635667699],[133.17949949362048,34.27373028845855],[133.17948703494278,34.273740541025326],[133.17945469490473,34.27387274059451],[133.17930812582813,34.27400606776012],[133.17941400910888,34.2742797903609],[133.17955592879122,34.274354800883145],[133.1797403588937,34.27439311209215],[133.1797714693528,34.274306733254384],[133.1797926185639,34.27424801195211],[133.17982359122715,34.2741620153541],[133.17982372891507,34.274161633098444],[133.17975416367787,34.2741178793428],[133.17967017354036,34.27411417496391],[133.17965219427745,34.274047692288626],[133.1797206554228,34.27402701691153],[133.17984592184868,34.273998717393944]]]]},"properties":{"classLabel":"土砂災害警戒区域","phenomenon":"急傾斜の崩壊","name":"深浦","areaCode":"351-Ⅰ-519(1)","address":"生名","noticeDate":"2021-01-29"}},{"type":"Feature","id":117,"geometry":{"type":"MultiPolygon","coordinates":[[[[133.1768338902598,34.27338751498405],[133.176706910683,34.273316302389574],[133.17667762910023,34.273354278331524],[133.1766483618552,34.273392235628904],[133.1766337366332,34.27341120334307],[133.17656113590326,34.27350536048085],[133.17670689492627,34.27355556354692],[133.17672028053403,34.273537850869104],[133.17676460981986,34.27347919150531],[133.17677617551274,34.27346388702578],[133.1768055313639,34.273425041404394],[133.1768338902598,34.27338751498405]]],[[[133.17703072543637,34.273915506244684],[133.17682153575078,34.273731089876144],[133.17663170969456,34.274012974305265],[133.17660161946026,34.27405765694465],[133.1765615379406,34.27410516509402],[133.17646838357902,34.27420728746689],[133.1764317887523,34.27424740518579],[133.17639576637174,34.27427372157072],[133.17642995174828,34.2743008490284],[133.176491772958,34.27435685129968],[133.17661056504477,34.2744495983113],[133.17664729784943,34.27446033596306],[133.17682800050883,34.274496130005986],[133.17684193706248,34.27450453339111],[133.1768132773,34.27452616780369],[133.1767145271848,34.27455010480252],[133.1767130558759,34.27457713543445],[133.17671791972737,34.27458498336604],[133.1767531637236,34.27466086995923],[133.17676252689125,34.27468103050225],[133.17680159549332,34.274765151969135],[133.17686294164074,34.27479374203307],[133.17701729383336,34.2747465487187],[133.1771795517139,34.27466330454301],[133.17721521240145,34.27448316156026],[133.17726505708146,34.274293797345806],[133.17717825505494,34.274029497541264],[133.177044629236,34.27396387093267],[133.17703072543637,34.273915506244684]]]]},"properties":{"classLabel":"土砂災害警戒区域","phenomenon":"急傾斜の崩壊","name":"丸山","areaCode":"351-Ⅰ-520(1)","address":"生名","noticeDate":"2021-01-29"}},{"type":"Feature","id":118,"geometry":{"type":"MultiPolygon","coordinates":[[[[133.17608060776408,34.27599088771762],[133.1760583050878,34.275965381778605],[133.17586858745906,34.27605448154448],[133.1758928956582,34.27607362287187],[133.1759473823579,34.276116528065344],[133.17595879074267,34.27612551149503],[133.17599361309294,34.276157766385666],[133.17600271442421,34.27616947168062],[133.17605257861416,34.276233602310725],[133.17607574719042,34.276263399508565],[133.17621332721188,34.27614266872614],[133.17620994846737,34.27613880472348],[133.17614952859338,34.27606970724227],[133.176122103549,34.27603834331029],[133.17608060776408,34.27599088771762]]],[[[133.17561835186197,34.276326194168654],[133.17561650667045,34.276325764401214],[133.17558304875558,34.27635976521391],[133.17560728488385,34.27636801406632],[133.1756444645586,34.27638317248285],[133.17567954251888,34.27640077626428],[133.17573717699312,34.27642969999036],[133.1758480118972,34.276485322071096],[133.17585428393886,34.276488469673595],[133.17586536647391,34.27642919986124],[133.17584590467666,34.27641950325052],[133.17577224583613,34.27638280350605],[133.1757182412285,34.27635589623075],[133.17569956302177,34.276346589994475],[133.17568135118879,34.276340867333666],[133.17561835186197,34.276326194168654]]],[[[133.17677372515027,34.27676627095409],[133.17680369229006,34.276755029360324],[133.17680380972874,34.276755055120375],[133.17683080028206,34.276724095469355],[133.1768308968003,34.27672406662792],[133.17683714985603,34.27672219143345],[133.17685851966806,34.2767157509605],[133.17685859121707,34.27671572951634],[133.17693767341265,34.2766914094762],[133.1769377600014,34.276691382431295],[133.17699429880827,34.27668534960542],[133.1769741901893,34.2766427988756],[133.17695463535736,34.27660141994011],[133.1769298036849,34.27654887488158],[133.17690839999744,34.27651105380476],[133.17685021376255,34.276408236604965],[133.17679431222996,34.276356139264244],[133.1767942600098,34.27635618737903],[133.17670869237057,34.276379074492645],[133.17670862878288,34.276379094238045],[133.17667051332882,34.27639120497149],[133.1766058379232,34.2762814049087],[133.17660577436246,34.27628143387135],[133.1764614717264,34.27630158056583],[133.17646140427638,34.276301613576415],[133.17648277416487,34.27638903505111],[133.17633591529903,34.27657771130893],[133.17636736754122,34.2766031764253],[133.1764603143522,34.27667843013186],[133.17656757567423,34.2767652732226],[133.1765851149725,34.27677947372605],[133.17663515345234,34.27683559173699],[133.17677372515027,34.27676627095409]]]]},"properties":{"classLabel":"土砂災害警戒区域","phenomenon":"急傾斜の崩壊","name":"南立石","areaCode":"351-Ⅰ-521(1)","address":"生名","noticeDate":"2021-01-29"}},{"type":"Feature","id":119,"geometry":{"type":"MultiPolygon","coordinates":[[[[133.17598172045135,34.280579654932424],[133.1759647115887,34.28052980357445],[133.17596146192597,34.2805306746004],[133.175861355293,34.28055750689813],[133.1758407017769,34.2805630428119],[133.1757660870349,34.280583042254825],[133.17573733832364,34.28059072778371],[133.17575232260944,34.2806350716584],[133.17575234039026,34.280635123913044],[133.17575147559626,34.28084152294475],[133.17566734888183,34.28098157876485],[133.17566743794532,34.2809816637777],[133.1757913091514,34.28111244259714],[133.17579136160913,34.2811125331534],[133.17579593099413,34.281158063583355],[133.17586061323823,34.28131679754696],[133.17586576281687,34.281332854716275],[133.1758656633437,34.28133293410581],[133.17572714493133,34.28139730727485],[133.17567815603888,34.28151767272759],[133.17570102839568,34.281750183413926],[133.17564808063437,34.2818084991908],[133.17550591091407,34.2819935063395],[133.1755175621811,34.282014600609905],[133.17553670263,34.2820339577762],[133.1755578792124,34.282049962537236],[133.17557649671056,34.28205945400426],[133.17559926005555,34.28207105912272],[133.1756489859828,34.28209008208537],[133.175747627283,34.28212781782203],[133.17591187013676,34.28196404104539],[133.17600004492363,34.281849312161086],[133.17604025297044,34.2816515745758],[133.1761681237382,34.281576307654824],[133.17632606845717,34.28147102027129],[133.1763751288642,34.281224121716654],[133.17639873316637,34.28109821290113],[133.17635484830623,34.28098083779872],[133.17628370426635,34.28092393081123],[133.17628367097947,34.28092386496512],[133.1761986093713,34.28081454711603],[133.1761985622405,34.28081447734697],[133.17602712488582,34.28074643869198],[133.17598173737156,34.2805797047773],[133.17598172045135,34.280579654932424]]],[[[133.17511604437743,34.2823515573808],[133.17493542764763,34.282350188492266],[133.17485784825874,34.28242513268699],[133.17480641014654,34.28246813178815],[133.1748721368983,34.28253990722459],[133.17487911362736,34.28254752602926],[133.17491747092635,34.282596861111536],[133.1749468934566,34.28264662405292],[133.17506981523397,34.282854523701744],[133.17510270382914,34.28291014851069],[133.17533076691993,34.28281654255794],[133.17543413219605,34.28270192000281],[133.1753238515801,34.28247801248386],[133.17524029868446,34.282420408905836],[133.17520858904967,34.28239854742884],[133.17520589795186,34.2823966921206],[133.1751279162219,34.28235612860952],[133.17511604437743,34.2823515573808]]]]},"properties":{"classLabel":"土砂災害警戒区域","phenomenon":"急傾斜の崩壊","name":"北立石","areaCode":"351-Ⅰ-522(1)","address":"生名","noticeDate":"2021-01-29"}},{"type":"Feature","id":120,"geometry":{"type":"Polygon","coordinates":[[[133.17154467727272,34.274076845049194],[133.17154916593154,34.274083365614004],[133.17157753150187,34.274134556531536],[133.17160212335602,34.27417677904885],[133.17162481913806,34.274216888649725],[133.1716456188436,34.27425488533528],[133.1716498024784,34.27426220781568],[133.1716630084892,34.274275286893],[133.17167476827407,34.274276149352374],[133.17167516429365,34.274278152772105],[133.17167487646202,34.274278697395395],[133.1716737307221,34.27428522567982],[133.171661672838,34.2742781705894],[133.17178125470954,34.274391692324734],[133.1717814135794,34.27439197215387],[133.1717678559884,34.274452997933096],[133.1716493408701,34.27459423292792],[133.17162738523697,34.274649293563904],[133.1716704263771,34.27468737084464],[133.17168954528904,34.274704284784534],[133.17170122575774,34.27471539444458],[133.17174339199013,34.27475550005379],[133.1717952324243,34.27480480706477],[133.17181480604245,34.27482342407509],[133.17186233706127,34.27479315969785],[133.1720466532313,34.27477074825597],[133.1720782886261,34.27454259761546],[133.1720780684293,34.274542341903576],[133.17233613084758,34.27453194103959],[133.17237327220025,34.274442497433995],[133.17238162851456,34.27442517834319],[133.17245979920642,34.27423951531169],[133.172304456852,34.27397725787056],[133.17219532827386,34.27391296052994],[133.17217372506764,34.27388607039197],[133.17210358916654,34.27384034439345],[133.17211026824543,34.273837162498786],[133.17194504534987,34.27379778947298],[133.1718370564712,34.27375334367162],[133.17183696773685,34.27375321422178],[133.1717128514362,34.27363429388464],[133.17158516539962,34.27368430244647],[133.17155480992892,34.273696191230435],[133.1714979361148,34.273714272332704],[133.17145947646492,34.273726499251964],[133.17139651654736,34.27374651514023],[133.17155719387463,34.27391972090715],[133.17155728286252,34.273919843685654],[133.17157394441625,34.27397622147739],[133.17154467727272,34.274076845049194]]]},"properties":{"classLabel":"土砂災害警戒区域","phenomenon":"急傾斜の崩壊","name":"西浦","areaCode":"351-Ⅰ-523(1)","address":"生名","noticeDate":"2021-01-29"}},{"type":"Feature","id":121,"geometry":{"type":"MultiPolygon","coordinates":[[[[133.17479607206388,34.27226358256229],[133.1747651993252,34.27217714514907],[133.17456342761682,34.27218843533045],[133.17441762359388,34.272299157531585],[133.17449636330863,34.27236124926332],[133.17452853799608,34.27238662120487],[133.17453470685845,34.27239054893096],[133.17455675063488,34.272404584297014],[133.17461883203399,34.27244754328102],[133.17468473085967,34.27242262979226],[133.1748519881811,34.272402004241385],[133.17481731901432,34.27231656453684],[133.1748170212384,34.27231583067285],[133.17480633742883,34.272292323496224],[133.17479607206388,34.27226358256229]]],[[[133.17559278968398,34.27215646130133],[133.17557680920945,34.27214919236691],[133.17551375237164,34.27221283781038],[133.1754462391404,34.27235048323794],[133.17541004229363,34.27242481135368],[133.1754132538127,34.272425593103485],[133.17551425492144,34.272450179797936],[133.175522477074,34.27245218133057],[133.17553100656443,34.27245529809314],[133.17554103163718,34.272459792859536],[133.17555840759488,34.2724690982896],[133.17561231846997,34.272497969477456],[133.17564966727963,34.27251797103447],[133.17570117741838,34.27246889457817],[133.17577080470127,34.272322342365214],[133.17581298539693,34.27225661988294],[133.17581159627878,34.27225598803133],[133.17571774420296,34.272213298386816],[133.17567205025824,34.27219251397215],[133.17559278968398,34.27215646130133]]]]},"properties":{"classLabel":"土砂災害警戒区域","phenomenon":"急傾斜の崩壊","name":"恵生","areaCode":"351-Ⅰ-524(1)","address":"生名","noticeDate":"2021-01-29"}},{"type":"Feature","id":122,"geometry":{"type":"MultiPolygon","coordinates":[[[[133.1816084829158,34.27034448314653],[133.18175689663965,34.27013307680649],[133.18180079329952,34.269972103644996],[133.1816644910024,34.26980381348097],[133.18143181084614,34.269689155157984],[133.18123230781987,34.26963035047519],[133.1810716281587,34.269598020187665],[133.18093246649627,34.269403479557646],[133.18093238153023,34.26940346317201],[133.18089392483077,34.26942125488297],[133.18085233924754,34.26945807199032],[133.18086356806612,34.26939210196944],[133.18079707135618,34.26934726470947],[133.18067094069926,34.26927061242352],[133.18052938483422,34.269202234788274],[133.18052932950437,34.26920221418054],[133.18038482156635,34.26915373357202],[133.1803847782969,34.269153717019606],[133.180099730972,34.269187256098824],[133.1800993004739,34.26918721642129],[133.1799054421062,34.26922490058792],[133.1798175078531,34.269252634793226],[133.17981730592655,34.26925258384642],[133.17981734326816,34.2692602465385],[133.17979921929802,34.26925322406599],[133.17972244768185,34.269223477393446],[133.1797171664435,34.26922143110383],[133.179647363259,34.26919438444605],[133.1796345519036,34.26918123922791],[133.17963151272969,34.269182427268646],[133.17957017218322,34.26913542861313],[133.17952855296218,34.2691544847664],[133.17947507917467,34.26917896870343],[133.17944556804093,34.2691924808966],[133.1794430002987,34.26919365659222],[133.17943442971165,34.26919600312595],[133.17942749155995,34.26919767653572],[133.17941811278803,34.26919832994797],[133.17940500651432,34.26920435203341],[133.17932400329482,34.26920585362195],[133.17929208890166,34.26923042924033],[133.17932370588466,34.26927793618942],[133.17939801996124,34.26932407990598],[133.17941066972443,34.26933193448406],[133.17941377064716,34.26933385993804],[133.17942534836683,34.26933870460938],[133.1794599427355,34.26935073820017],[133.17955781393462,34.269384782473786],[133.1795941573402,34.26939742439288],[133.1796161249633,34.26933956447038],[133.179616359608,34.26933870049152],[133.17962278260833,34.26935238472641],[133.1796464010257,34.26940270386228],[133.17965038017152,34.26941118143829],[133.17963020897807,34.269423428609436],[133.179658249965,34.26947962747457],[133.17975497313117,34.269673476224376],[133.17982498310053,34.26981378683936],[133.17983944154574,34.26984276372909],[133.1798581616026,34.26987027318436],[133.17987394238062,34.26988597093217],[133.179880594627,34.26988985215758],[133.1800264863663,34.26990244098702],[133.18003489575332,34.26990186128021],[133.18003520056263,34.26990183628162],[133.18006557412946,34.26990341301774],[133.1801067440327,34.26990538919189],[133.18010704858733,34.269905393150886],[133.18010892716566,34.269905492082906],[133.18010898026745,34.26990558153858],[133.1801170520473,34.269903344296694],[133.18011714182768,34.26990336939673],[133.18012647140623,34.269906607855035],[133.18006683247606,34.26997796685431],[133.18010910016716,34.27000550569378],[133.18019083748175,34.27004394584837],[133.18021022615767,34.27005724961398],[133.18022082633647,34.27006845682054],[133.18026629607587,34.270105296829186],[133.18050152450954,34.27020692808204],[133.18054590039495,34.270202364288224],[133.1805472762804,34.27020224543738],[133.18054738098004,34.27020228560551],[133.18092528018428,34.27012987008709],[133.18104631285956,34.27015113250936],[133.18109804728977,34.27013754720578],[133.18114076201238,34.270135041456],[133.1811267194356,34.270159031463535],[133.18110364611735,34.27019825210934],[133.18115085343433,34.27024938751461],[133.1811684493418,34.27026844751492],[133.181169953272,34.2702696254467],[133.1811997666681,34.270292976140155],[133.1812562683957,34.270332471698985],[133.18136358531945,34.270407487633435],[133.18144351393772,34.27046335866975],[133.1814878613477,34.27040394815525],[133.1816084829158,34.27034448314653]]],[[[133.1808985167908,34.27017839365941],[133.18088593499996,34.27015706528917],[133.180538801171,34.27027391031153],[133.18053875914703,34.270273980534505],[133.18055729764626,34.27037046545888],[133.18064040682174,34.27047614215178],[133.18064300650758,34.27048292134223],[133.18064880733888,34.2705371773513],[133.1806733599146,34.27056453459288],[133.18068802197232,34.27058087149528],[133.18069586080927,34.27058455952462],[133.18072136277678,34.27058951432692],[133.18072905097452,34.270590405239496],[133.18075374031196,34.27059326627478],[133.18077238164827,34.27059575899575],[133.18078512492545,34.27060027393081],[133.18079094818552,34.27060364631297],[133.18090103675732,34.270667400952874],[133.18099656658634,34.27055144011403],[133.18105691704665,34.27052553378334],[133.1812209096001,34.27047322369072],[133.1812556696353,34.27046727870852],[133.181255678516,34.270467192303485],[133.1809903826672,34.27037439966031],[133.18098874992745,34.27037040066282],[133.18095552110012,34.27028901411107],[133.18094012237472,34.270251298338316],[133.1809330554137,34.27023828517964],[133.180923874724,34.270221379762084],[133.1808985167908,34.27017839365941]]]]},"properties":{"classLabel":"土砂災害警戒区域","phenomenon":"急傾斜の崩壊","name":"北側","areaCode":"351-Ⅰ-526(1)","address":"生名","noticeDate":"2021-01-29"}},{"type":"Feature","id":123,"geometry":{"type":"Polygon","coordinates":[[[133.18232295494357,34.26517301400215],[133.18220969754225,34.26506654587518],[133.18210093422815,34.265099792066714],[133.18201613217155,34.26508387840893],[133.18198836367642,34.26514163299804],[133.181938835329,34.26524464481324],[133.18190592574496,34.2653130918585],[133.18189882021258,34.26533789227802],[133.18189332752678,34.26535706333174],[133.1818883267402,34.265427392220396],[133.18192132835148,34.26545168388731],[133.18191048769887,34.265518151960926],[133.18195198579286,34.2655453600681],[133.18195862446203,34.26555214493588],[133.18196966795932,34.26556962668932],[133.1819742225727,34.26557963191909],[133.18201503789396,34.265790744490815],[133.18206278187685,34.265955104391495],[133.18210948143295,34.26601655257083],[133.18227620951572,34.2660784996092],[133.18247078402456,34.26612883816879],[133.18258309235983,34.26619942876089],[133.1825857467907,34.26624787074862],[133.1826968353966,34.26627514069655],[133.18277159699645,34.26630848732332],[133.18279249660475,34.266317809350404],[133.18279714096042,34.26631988092677],[133.18281106283348,34.26632714665879],[133.1828346449476,34.26633945400583],[133.1829029998045,34.266375127887294],[133.18282366008393,34.26618784977524],[133.18278825241768,34.266090917595655],[133.18263152300085,34.26597961823001],[133.1826389940822,34.26589015865681],[133.1826694877217,34.265706673038444],[133.18260542780035,34.265693663176094],[133.18257050260496,34.26568123657555],[133.18263399525048,34.26553213527777],[133.18256112180012,34.26534381635567],[133.18236995826803,34.265196030901286],[133.18232295494357,34.26517301400215]]]},"properties":{"classLabel":"土砂災害警戒区域","phenomenon":"急傾斜の崩壊","name":"奥里","areaCode":"351-Ⅰ-2557(1)","address":"生名","noticeDate":"2021-01-29"}},{"type":"Feature","id":124,"geometry":{"type":"MultiPolygon","coordinates":[[[[133.17370182642733,34.27552317381196],[133.1737068965808,34.2754989797554],[133.17370723741675,34.27549900776403],[133.17371328016944,34.2755090799771],[133.17381013773712,34.27543027610172],[133.1738906815334,34.275454979750855],[133.17398923595417,34.27539884712888],[133.17399366415415,34.275393826443874],[133.17402048638277,34.27536341551744],[133.17405289220005,34.27532580205724],[133.17406550858314,34.27531115818269],[133.1741286873765,34.2752378263437],[133.17411752447566,34.275130312394495],[133.1739429692792,34.275028699159584],[133.17378612253344,34.274911989779646],[133.1735793376851,34.27492384960716],[133.17357932433598,34.27492379832699],[133.17334544934738,34.27494724403436],[133.17309991474573,34.27501646072649],[133.172861831454,34.27528739170302],[133.17285206898276,34.27536663494658],[133.17283764778443,34.275455975218605],[133.17280657857143,34.27557570791526],[133.17311488301414,34.27585222600636],[133.1731148357658,34.275852348523536],[133.1731410751388,34.275882972763014],[133.17324900112172,34.27589303793808],[133.17330184176225,34.27589796581703],[133.17333258907928,34.27590083325167],[133.1733536727716,34.27590088944917],[133.1733785898739,34.27590095585971],[133.17341024733403,34.27590045627968],[133.17346071176334,34.275874980883295],[133.17346071000824,34.27587481335334],[133.17367188720388,34.27574386166818],[133.17366581165956,34.2756829426105],[133.17366168506715,34.275681724393294],[133.17365820901296,34.275654970215676],[133.17366191505081,34.275641193707855],[133.17366072989645,34.27562915704565],[133.17367064804293,34.275608730411975],[133.17367410931627,34.275595863755925],[133.17370182642733,34.27552317381196]]],[[[133.17416396432446,34.27554112946549],[133.17410548025177,34.275539639980586],[133.1740814694313,34.27554012950168],[133.17404414182107,34.27554089051743],[133.17397390916673,34.27555092672928],[133.1737146952158,34.275750124293324],[133.17378068546216,34.27591623674613],[133.1738379207259,34.27595620558504],[133.17390284030154,34.27595350486277],[133.17394638961557,34.275951693110855],[133.17403064271875,34.27594818800566],[133.17409368767,34.275946942014784],[133.174241530763,34.2759461584222],[133.17461968564888,34.27594415337714],[133.17461883538962,34.2757413397262],[133.17457205009512,34.27566985444908],[133.17427251772165,34.275543894111564],[133.17416396432446,34.27554112946549]]],[[[133.1728092607067,34.27599504412944],[133.17273385903383,34.27573345281591],[133.17270017502972,34.27574179659339],[133.17250536082247,34.27564583242865],[133.17227841133706,34.27558127137313],[133.17214516547136,34.27561827858471],[133.17200677510453,34.27559865367785],[133.1718855427159,34.27563773009363],[133.171741022015,34.27568532401589],[133.17155200911967,34.27572781896489],[133.1712831411281,34.27570004078344],[133.17110519420635,34.27584183297371],[133.1712777452866,34.27605652652416],[133.17136755186098,34.27604255662454],[133.17144306131902,34.276097547782655],[133.17162182465378,34.27602932907747],[133.1715508532928,34.27596108536313],[133.17154228144966,34.2759528429568],[133.17152796448968,34.275937888750555],[133.17152265768675,34.27593031718153],[133.17151581313712,34.275920551590644],[133.17151561472264,34.27591993988403],[133.1715155229145,34.27591986708434],[133.17150698372353,34.27589341321986],[133.17153382599443,34.2758917860316],[133.1715706667063,34.27589226235234],[133.17161045214453,34.27589576723572],[133.1716384124341,34.27589905163026],[133.17166500893447,34.275902143571926],[133.1717018269015,34.27590847236559],[133.17171455219872,34.275911149551625],[133.17175703808675,34.27592202453605],[133.17180496815,34.27593650114638],[133.17185401919699,34.27595513417867],[133.17195923629143,34.2759858570194],[133.17196997627642,34.27598803852493],[133.17212005893256,34.27595136242428],[133.17216654819973,34.275817393203624],[133.17218107922173,34.27582047194693],[133.1721780724045,34.276082898889435],[133.17233645095092,34.27616846437034],[133.17235387368518,34.27617767589962],[133.17250952933202,34.276237008834165],[133.172587389718,34.27617415453933],[133.17268468457425,34.276095611194634],[133.1728092607067,34.27599504412944]]]]},"properties":{"classLabel":"土砂災害警戒区域","phenomenon":"急傾斜の崩壊","name":"西浦A","areaCode":"351-Ⅰ-2558(1)","address":"生名","noticeDate":"2021-01-29"}},{"type":"Feature","id":125,"geometry":{"type":"Polygon","coordinates":[[[133.18624159866536,34.26833898459742],[133.18623081409575,34.268241048818524],[133.18625152544422,34.268217374051616],[133.18623957733058,34.268126006964884],[133.18619189910615,34.268127908793566],[133.18613110742692,34.26813033369908],[133.18610943005095,34.268131198354666],[133.18600508055331,34.26813536060966],[133.18600096013483,34.268135524973566],[133.18597527656112,34.268191648738316],[133.18595449455233,34.26821581371345],[133.18596341333222,34.26833708254577],[133.1859422227427,34.26833448097384],[133.1858601486655,34.26840925068244],[133.1858686252878,34.26842552069965],[133.1859032602876,34.26849199896192],[133.1859157435267,34.26851595921084],[133.18595035241913,34.268582387247996],[133.1859588552569,34.26859870750434],[133.186064498687,34.26857741928292],[133.18622393700895,34.26849069702075],[133.18624159866536,34.26833898459742]]]},"properties":{"classLabel":"土砂災害警戒区域","phenomenon":"急傾斜の崩壊","name":"厳島A","areaCode":"351-Ⅱ-1(1)","address":"生名","noticeDate":"2021-01-29"}},{"type":"Feature","id":126,"geometry":{"type":"Polygon","coordinates":[[[133.18059966976958,34.267223803641734],[133.1805939964473,34.26721833655634],[133.1805147286049,34.26727122802296],[133.18041074578815,34.2673178613667],[133.1804131429734,34.26737032202403],[133.18041605975654,34.26738842066689],[133.18041929863242,34.267400324525106],[133.18042264558653,34.267406961464275],[133.1804318841332,34.267425281293484],[133.1804741079215,34.267509010070114],[133.18047717748664,34.26751509696871],[133.1806434786674,34.267506184077796],[133.1807701927578,34.267432329634744],[133.18074121971694,34.26739420424158],[133.18073902542093,34.26738295883875],[133.18073535254592,34.26737354369836],[133.18070556587938,34.26729718785487],[133.18069899118376,34.267280334118745],[133.18069885359196,34.26728000452156],[133.18069588419056,34.26727289161907],[133.1806909960236,34.26726321399228],[133.18068608536035,34.26725948306759],[133.180676926023,34.26725444103986],[133.18065367100118,34.267247131764904],[133.18061217120524,34.2672340879837],[133.18059966976958,34.267223803641734]]]},"properties":{"classLabel":"土砂災害警戒区域","phenomenon":"急傾斜の崩壊","name":"中の谷","areaCode":"351-Ⅱ-2(1)","address":"生名","noticeDate":"2021-01-29"}},{"type":"Feature","id":127,"geometry":{"type":"Polygon","coordinates":[[[133.17915816507397,34.2683383922089],[133.17914854306457,34.26826855064117],[133.17917588721582,34.26819891665174],[133.17907064657092,34.268207786145275],[133.1790702163076,34.26820782240321],[133.17904943091432,34.268163609444564],[133.1790021466633,34.26806303009016],[133.17898454704726,34.2680255935141],[133.1789571008092,34.267965997210716],[133.1789411631737,34.26794517827689],[133.17893707465157,34.267939837566466],[133.17891576286223,34.26792098452339],[133.17887431780284,34.267904167346096],[133.17885193755816,34.26789769462297],[133.17874025414852,34.267881908941234],[133.17847800941794,34.26789250925753],[133.1783974545935,34.268002911003386],[133.17833174796857,34.268111951994676],[133.17828390364076,34.268208403749725],[133.1783059793714,34.26834754451396],[133.17833804381868,34.26834762866873],[133.17839087297074,34.268347767303275],[133.17841456658283,34.26834826649729],[133.17850407175703,34.26835015231617],[133.1785657057776,34.26835031397079],[133.1786386846293,34.26834423938512],[133.17871788533523,34.268332748610476],[133.1788790669482,34.26830936354599],[133.17893284241413,34.268301561461556],[133.17893725211485,34.268306905902165],[133.17905620975165,34.2684510791412],[133.17915816507397,34.2683383922089]]]},"properties":{"classLabel":"土砂災害警戒区域","phenomenon":"急傾斜の崩壊","name":"岡庄A","areaCode":"351-Ⅱ-3(1)","address":"生名","noticeDate":"2021-01-29"}},{"type":"Feature","id":128,"geometry":{"type":"Polygon","coordinates":[[[133.17948147724871,34.27203473052071],[133.17943723094677,34.27203141799053],[133.17940459697974,34.27211740838781],[133.17939565451138,34.272140971717754],[133.17938330616855,34.272171405580615],[133.17937897828466,34.2721963755928],[133.17936196454545,34.27229453752024],[133.17963502223088,34.27224761605087],[133.179587706918,34.2721429490524],[133.17957516516714,34.272115205203576],[133.17956809372455,34.27209826128522],[133.17956347432178,34.27209194129702],[133.17955693832738,34.27208299920754],[133.17954373776575,34.27206942433464],[133.17950406546396,34.272047317506235],[133.17948147724871,34.27203473052071]]]},"properties":{"classLabel":"土砂災害警戒区域","phenomenon":"急傾斜の崩壊","name":"丸山A","areaCode":"351-Ⅱ-8(1)","address":"生名","noticeDate":"2021-01-29"}},{"type":"Feature","id":129,"geometry":{"type":"Polygon","coordinates":[[[133.1772805955694,34.2720998082616],[133.17726211135383,34.27208779485018],[133.17720639832189,34.27211562218253],[133.17713356819297,34.27216014465733],[133.17713350425538,34.27216019177844],[133.17711703144667,34.272169589783175],[133.17708848558053,34.27218660969566],[133.17708674687557,34.27221166836931],[133.17708224034192,34.27227661768446],[133.17707774493695,34.2723414065875],[133.17707149967427,34.272431414538936],[133.17725734078874,34.27251565681705],[133.177415221111,34.27241772572722],[133.17741526849065,34.27241767515753],[133.17746859365124,34.27233910846364],[133.17752434623895,34.27229897795875],[133.17747879476963,34.272252023798146],[133.17741535616037,34.27218663158369],[133.17739730981685,34.272168029486295],[133.17738282718136,34.272156566586816],[133.17735058451262,34.27213978182525],[133.1773423875928,34.27213551471024],[133.1773149150261,34.27212211346846],[133.1772805955694,34.2720998082616]]]},"properties":{"classLabel":"土砂災害警戒区域","phenomenon":"急傾斜の崩壊","name":"丸山B","areaCode":"351-Ⅱ-9(1)","address":"生名","noticeDate":"2021-01-29"}},{"type":"Feature","id":130,"geometry":{"type":"MultiPolygon","coordinates":[[[[133.17426629658675,34.27118948261578],[133.1743662043737,34.27114818395833],[133.17436629126516,34.27114815237623],[133.17449199194894,34.27110257226059],[133.17452278138592,34.270986949733675],[133.1744473261,34.27090320347432],[133.17440112803033,34.2708519290676],[133.17433608057303,34.270779733941204],[133.17429490275404,34.27078420696209],[133.1742262142624,34.27081577684613],[133.17422615492308,34.270815807744704],[133.1742008350858,34.27081294530107],[133.17414266321927,34.27080598147101],[133.17403747937857,34.27080010106967],[133.17399439160295,34.27078215919801],[133.17399431595283,34.27078213340885],[133.17399144215375,34.270785770774744],[133.17397413327757,34.27080759503361],[133.1739317210998,34.27086107124374],[133.17392769624192,34.270866146071555],[133.17390987924819,34.27090446432209],[133.1738904198771,34.27096888419983],[133.17384517089656,34.27111867975638],[133.17383019146172,34.27116826860898],[133.17384725114147,34.2711620173104],[133.17384732109429,34.271162011237124],[133.1739479364393,34.27118148136216],[133.1740952185952,34.27119888567425],[133.17426629658675,34.27118948261578]]],[[[133.1749458906665,34.271781114046505],[133.17510093260057,34.27173396992353],[133.1751954565447,34.271689579818705],[133.17521440428087,34.27168068164563],[133.17523186003717,34.27167248407872],[133.17528051684647,34.271651106817096],[133.17530650700343,34.27163356755698],[133.17532011810366,34.27145917454144],[133.17527603701794,34.271393917618894],[133.17527598875108,34.27139388629711],[133.17524921358097,34.2713718713155],[133.1752453685032,34.27136865647742],[133.1751220779225,34.2713111695185],[133.17499490525347,34.27115019747407],[133.17492940430424,34.2711559014916],[133.17488779643418,34.271164008778506],[133.17485284276745,34.27117081950218],[133.17481471082178,34.271183679316955],[133.17471409680343,34.27121761081715],[133.1746951741379,34.27141073579873],[133.17458618097166,34.27157381296966],[133.17478852703286,34.27176557579216],[133.17488168623734,34.27175321153754],[133.1748817863396,34.27175325121676],[133.1749458906665,34.271781114046505]]]]},"properties":{"classLabel":"土砂災害警戒区域","phenomenon":"急傾斜の崩壊","name":"恵生C","areaCode":"351-Ⅱ-11(1)","address":"生名","noticeDate":"2021-01-29"}},{"type":"Feature","id":131,"geometry":{"type":"MultiPolygon","coordinates":[[[[133.17432291577975,34.27251168779345],[133.17430726155882,34.27247330280148],[133.1741719413113,34.272541946057935],[133.17418159072227,34.27256419693582],[133.174223442549,34.2726607042578],[133.1742283027764,34.27267191159137],[133.174243164549,34.27270663111132],[133.17424594361836,34.272713375073586],[133.1742728767622,34.27277873339338],[133.17428109590216,34.27279867864735],[133.1744268635651,34.272726470398716],[133.17441011103145,34.272696158697066],[133.17438157531436,34.2726445266582],[133.1743771362269,34.27263649466108],[133.17436437282907,34.2726133424576],[133.17435601829175,34.2725928567163],[133.17432291577975,34.27251168779345]]],[[[133.17394776794424,34.27275463870079],[133.17392702120537,34.27272526980217],[133.17394305183728,34.27273202319853],[133.17400511728755,34.272791986666284],[133.1740388486973,34.272792721345475],[133.17403096520897,34.27273896566955],[133.17402572371745,34.272703225048645],[133.17402261625185,34.272682035884486],[133.17401629358758,34.27263058802945],[133.17400600073933,34.27254683453685],[133.17399865744196,34.272487081537975],[133.17397435798915,34.27249456912539],[133.17396216086303,34.272509092261544],[133.17374693101846,34.27247168387289],[133.1736240215566,34.27260432607514],[133.1736124319394,34.27265577233419],[133.17363475684905,34.27270021348349],[133.1736472200788,34.27270973769961],[133.17371465910986,34.27276127342564],[133.17373479189433,34.272776658532834],[133.17374655333762,34.272782025341016],[133.17375382240292,34.2727849227499],[133.17379147121537,34.27279992934957],[133.17385269834594,34.272822181502704],[133.17390215871012,34.27281840851297],[133.17394776794424,34.27275463870079]]],[[[133.1734023000612,34.273101231745926],[133.17335554743627,34.27296285940392],[133.17337911130193,34.27298100073696],[133.17337074689414,34.27295683154783],[133.17334732175425,34.27289479808526],[133.17333400041392,34.2728595210057],[133.1733015713328,34.27277364346692],[133.17330151416755,34.27277349205685],[133.17319256126322,34.27275081367629],[133.17303013462842,34.27280351142996],[133.17290099752887,34.27276759688648],[133.1727547315039,34.27280911678447],[133.17275469568582,34.272809181828016],[133.17283077648648,34.272962018275145],[133.17282673226413,34.2729885090163],[133.17283427634618,34.2731399687845],[133.17283423814737,34.273139990659246],[133.1727351893878,34.273317504314825],[133.17265097922123,34.27347768588996],[133.1725977683544,34.27365619365996],[133.17259781496261,34.273656241486705],[133.17273056149187,34.27371040719228],[133.1727306175718,34.27371045903379],[133.1729346777861,34.27372446200157],[133.17301034043862,34.27365978630892],[133.1730163648924,34.2736546366461],[133.17302641048164,34.27364261300898],[133.17303289665068,34.27363352620184],[133.17303647039898,34.27362492893836],[133.17303745479552,34.27362256075982],[133.1730410691457,34.27360543326089],[133.17304054638035,34.27357383523682],[133.17303990677718,34.27353517635024],[133.17299759794085,34.27343841449968],[133.17299754629317,34.27343836817289],[133.17302899896268,34.273394906547104],[133.17302895228224,34.27339486129978],[133.1730300659304,34.2733936068164],[133.17303851375,34.2733715462084],[133.17303709379973,34.273313083958854],[133.17303713799473,34.27331304885897],[133.17324942200474,34.27323892358822],[133.1732548919921,34.27322919735303],[133.17340991177466,34.27319773963772],[133.1734099275775,34.27319770803882],[133.17338726367504,34.27310770088191],[133.1734023000612,34.273101231745926]]],[[[133.17338700479854,34.27370933235666],[133.17336700113512,34.27366829026775],[133.1733461261867,34.27369442828482],[133.17331097960286,34.27373843609635],[133.1733071334837,34.273743509657685],[133.17326782672131,34.27379536076215],[133.17320998242022,34.273871665348835],[133.1733423039983,34.273927947657974],[133.17336771343975,34.27384029289083],[133.1733796470893,34.273799125368875],[133.17338243241764,34.27378951681845],[133.17338694137925,34.27371044450619],[133.17338700479854,34.27370933235666]]],[[[133.17394112753303,34.27432633864933],[133.17391754482813,34.274300655425755],[133.173945390806,34.274316270512706],[133.1739862438554,34.27433917955635],[133.174011627208,34.27434664886836],[133.1740433547603,34.27435198359881],[133.174114588843,34.27432303419398],[133.17408184620425,34.274308021207524],[133.17404777358996,34.274288304921456],[133.17402705244902,34.274270682454365],[133.17401845066922,34.27426336701386],[133.17400286753607,34.27424100992771],[133.17394738834065,34.274161414075415],[133.17389194715042,34.274201400844646],[133.17381535230865,34.274073335493746],[133.17379536750042,34.2740837041231],[133.17372325637194,34.27412111717582],[133.1737029692297,34.27413164263979],[133.1736108731662,34.27417942427056],[133.17366927856017,34.27424964114613],[133.17366052328336,34.274277546683834],[133.1736687905823,34.27436952522911],[133.17366876231972,34.27436960772996],[133.17380461081697,34.27450823484407],[133.17387828142543,34.27457418126503],[133.17409495830177,34.27468655776514],[133.17407700793223,34.27476480112128],[133.17428589865946,34.27487717569794],[133.174328456306,34.27479422899517],[133.1743569765307,34.274738641742786],[133.17436409051004,34.27472477623447],[133.174372597114,34.27469863201214],[133.17437748655382,34.27465079876839],[133.17430135911331,34.274504564150675],[133.17425890405872,34.27445068842017],[133.17415180590243,34.27439470776066],[133.17405694744951,34.27436281641359],[133.1739407619287,34.27433110181275],[133.17394112753303,34.27432633864933]]]]},"properties":{"classLabel":"土砂災害警戒区域","phenomenon":"急傾斜の崩壊","name":"西浦B","areaCode":"351-Ⅱ-12(1)","address":"生名","noticeDate":"2021-01-29"}},{"type":"Feature","id":132,"geometry":{"type":"Polygon","coordinates":[[[133.1802137636217,34.27556977660035],[133.18019643322464,34.27542681647097],[133.1801849074807,34.27542688730113],[133.1800878318356,34.27542748376963],[133.18006610115026,34.275427617300714],[133.17997320649957,34.27542818799963],[133.17995749976015,34.27542828448388],[133.17994328307873,34.275450435569425],[133.1799392139585,34.27549366631572],[133.17987329620786,34.275489515945],[133.17978181096552,34.27537765972091],[133.17980731154657,34.275366917200195],[133.1798273564054,34.27528066923848],[133.17982738532183,34.27528058216369],[133.17986315454218,34.275274353013145],[133.17997380177445,34.27512924244244],[133.17998813484346,34.27504837412863],[133.18006572071224,34.275105719292846],[133.18015535461328,34.27519325378887],[133.1802856864636,34.27526995534856],[133.1804989573007,34.27518976691605],[133.1806016111369,34.27513194702552],[133.1805443563264,34.27505533615779],[133.1805179937764,34.27502006125643],[133.18050104638738,34.2749973844425],[133.18047606365923,34.274966515836276],[133.18046467608494,34.27494746137738],[133.18046231545515,34.27494284898111],[133.18043318319206,34.27496178640513],[133.18035064823974,34.27483349438982],[133.1802723279539,34.2748817970434],[133.18020507076633,34.274856992964054],[133.18015084255094,34.2748328698419],[133.1801107629271,34.27486799965026],[133.1800869272434,34.274895028178875],[133.1800808124985,34.27490156276304],[133.1800564631396,34.27492758400164],[133.18002900755778,34.27495835882021],[133.1799979113168,34.274993214396694],[133.1800057607345,34.27494892723001],[133.18015400047116,34.274785079576326],[133.1803156495966,34.27463015481054],[133.18039161274584,34.27454785845636],[133.18041259760642,34.27446687452832],[133.18030665888926,34.274447026650336],[133.18020295431197,34.27442759725375],[133.18004666334315,34.27439336757317],[133.17996972369255,34.27436736489251],[133.17953097440926,34.274219083135804],[133.17951627866591,34.27421411644936],[133.17935569776924,34.27441516329651],[133.17935611517788,34.2745498268264],[133.1794884107849,34.27475154582286],[133.17965267700336,34.27487873416685],[133.17959090385548,34.27501425456865],[133.17951061360958,34.27513361932077],[133.1794812816509,34.27521239544419],[133.1794812620834,34.275212475252104],[133.17946543780184,34.27529933413677],[133.17940931208932,34.27549133840572],[133.1794092575707,34.27549140319593],[133.17962170902484,34.27561849873716],[133.17978229847193,34.27570470814807],[133.17995878145723,34.275710210835705],[133.1802137636217,34.27556977660035]]]},"properties":{"classLabel":"土砂災害警戒区域","phenomenon":"急傾斜の崩壊","name":"深浦A","areaCode":"351-Ⅱ-13(1)","address":"生名","noticeDate":"2021-01-29"}},{"type":"Feature","id":133,"geometry":{"type":"Polygon","coordinates":[[[133.17585247975984,34.27568928712691],[133.17593775387783,34.2756168352201],[133.17621900411984,34.2756449871573],[133.17621899184005,34.27564493746226],[133.1762669506858,34.275596366338284],[133.17630909168895,34.27566284720337],[133.17631997831856,34.27568002172737],[133.17632011802965,34.27568006763187],[133.17633510207702,34.27558721837671],[133.1763351780445,34.27558716265532],[133.176384269627,34.275547936478354],[133.17630413074951,34.27540981954288],[133.17628468377006,34.27537630318667],[133.1763223528586,34.27540537705789],[133.17632239323967,34.27540541819467],[133.17639992917364,34.27545089095959],[133.1765092734532,34.275402163062104],[133.17648568983844,34.275453113169526],[133.17648579920635,34.27545314176318],[133.1767292301012,34.2755049008348],[133.17689573355895,34.27558505200505],[133.17716186273154,34.27553869102451],[133.17730417999894,34.275456242559414],[133.17736780374977,34.27532396040015],[133.1772632263898,34.27502155263971],[133.17714533252268,34.274972335563454],[133.1770850696519,34.274857281191956],[133.1769634530906,34.274697872073354],[133.17696339427926,34.27469779154335],[133.17680940438305,34.27477487651129],[133.17661149874965,34.27474358131365],[133.17659255897271,34.274770653238235],[133.1765569555532,34.27482154361593],[133.17651931592528,34.274875344394474],[133.1764899155451,34.274917368225104],[133.17646940427952,34.274942152533484],[133.17646072348575,34.2749511018672],[133.17655255465795,34.275047836256896],[133.1765792409032,34.27506487561163],[133.17657932414937,34.2750649312718],[133.17664185594495,34.27511315922],[133.17678717268026,34.27519198163746],[133.17687601475694,34.27521742525132],[133.17707839760982,34.2753124054639],[133.177070584689,34.27531092495482],[133.1770604272683,34.275310649498174],[133.17686800090547,34.27531974240294],[133.1767455710069,34.27525729599151],[133.17670195115838,34.27524741927084],[133.17670181228624,34.275247359955905],[133.17665446744056,34.27520265203362],[133.17653790358992,34.27514910045421],[133.17648526298348,34.275140449563175],[133.17648516749597,34.27514035576384],[133.17644722557034,34.275103642466796],[133.17630100895906,34.27500199190519],[133.17602595388962,34.274974339887535],[133.17602209011838,34.2749716495783],[133.1760136133204,34.27496574727544],[133.17600029569698,34.274957092511414],[133.1759736050867,34.27495456110194],[133.17592100412472,34.274963788850506],[133.17586439008332,34.27498423308062],[133.1758643210287,34.27498431736563],[133.17572752512,34.27502972503953],[133.17572739178237,34.27502977293923],[133.17565778577878,34.27514471896105],[133.17565012064256,34.27516464488007],[133.17564160020612,34.27517509078572],[133.17564154943946,34.275175337588664],[133.17561613717203,34.27523630806829],[133.17561604876204,34.275236378097894],[133.1756104734852,34.27532246394247],[133.17558051331923,34.27534116548977],[133.1755831370952,34.275353744501],[133.17559719146513,34.27538772240886],[133.17560963245649,34.2754071500627],[133.1756228301709,34.27542323715713],[133.17562956480103,34.27543144618096],[133.17571443315273,34.27552961181466],[133.17584873284582,34.27568495316582],[133.17585247975984,34.27568928712691]]]},"properties":{"classLabel":"土砂災害警戒区域","phenomenon":"急傾斜の崩壊","name":"丸山C","areaCode":"351-Ⅱ-14(1)","address":"生名","noticeDate":"2021-01-29"}},{"type":"Feature","id":134,"geometry":{"type":"Polygon","coordinates":[[[133.1739954900033,34.2764119681338],[133.17397752398708,34.276407824862275],[133.17389084742382,34.276387835622835],[133.17387911703742,34.276385130400854],[133.1738626167893,34.27638028806729],[133.1738570687891,34.276378135060156],[133.17376187363666,34.276341192863626],[133.17375868286786,34.27633995460156],[133.17367058561834,34.27640899760025],[133.17367058491806,34.2764090930716],[133.1735119882997,34.27633113085597],[133.1733236559523,34.27634850190208],[133.17316640064456,34.27642364895065],[133.17324198150962,34.276500435975954],[133.17336912002628,34.276629603043126],[133.17341628205125,34.2766775174126],[133.17344868718027,34.276704988206966],[133.1734836495426,34.276730615771676],[133.173505909195,34.27674390478952],[133.17352919280688,34.27675470566373],[133.17358163295017,34.27677903175041],[133.17362400043345,34.27679868523402],[133.1736327866486,34.276776901257065],[133.17374307817002,34.27672400977512],[133.17388180277732,34.276591128729976],[133.17388185498356,34.276591063213864],[133.1739954900033,34.2764119681338]]]},"properties":{"classLabel":"土砂災害警戒区域","phenomenon":"急傾斜の崩壊","name":"西浦C","areaCode":"351-Ⅱ-15(1)","address":"生名","noticeDate":"2021-01-29"}},{"type":"Feature","id":135,"geometry":{"type":"Polygon","coordinates":[[[133.17574808851276,34.27958358740273],[133.17576426149265,34.27948038912054],[133.17565965181734,34.279456147152914],[133.1756429108648,34.27945226764899],[133.17560940307214,34.27944450261599],[133.17553830126,34.27942802557804],[133.1754881076341,34.27948530943898],[133.17536533556685,34.279552018203056],[133.17532203468318,34.27957579248715],[133.17531606379973,34.27957193531653],[133.1753520354898,34.27960263176642],[133.17539179465496,34.279636560217355],[133.17539199223603,34.27963672881618],[133.17542541850833,34.27968726956309],[133.17545508594634,34.27975876461866],[133.1754638123186,34.2797797941387],[133.17537729989726,34.27981333976337],[133.17529969867505,34.279843429986144],[133.17524782057626,34.279868849785586],[133.17517186748648,34.279906066091165],[133.1751542895293,34.279914679112906],[133.17526087033323,34.28001707960946],[133.1753352685331,34.280126630251395],[133.1753682341422,34.28025298002671],[133.17559319648507,34.2802758717753],[133.17565710576875,34.280242665227725],[133.17568417788033,34.28022669243192],[133.17572841270402,34.28020059350785],[133.17580940950458,34.280152804545516],[133.1758169394511,34.28014836178259],[133.17591023100343,34.28005045857699],[133.1757429888544,34.279904245617374],[133.17572044910196,34.27988014600458],[133.17574809864448,34.27986005643278],[133.175857955975,34.27970239958567],[133.17574808851276,34.27958358740273]]]},"properties":{"classLabel":"土砂災害警戒区域","phenomenon":"急傾斜の崩壊","name":"北立石A","areaCode":"351-Ⅱ-16(1)","address":"生名","noticeDate":"2021-01-29"}},{"type":"Feature","id":136,"geometry":{"type":"MultiPolygon","coordinates":[[[[133.18146198129458,34.26840333924482],[133.1811907815592,34.268288174813726],[133.1811991763577,34.26849812041598],[133.18125558911396,34.26857515841952],[133.1812741820926,34.26860054920802],[133.1813186709088,34.26866130362023],[133.18133059496438,34.26867758721082],[133.1814248511301,34.26887928552139],[133.18145976505642,34.268705289142346],[133.18146568059146,34.268625142859484],[133.18146932949992,34.26857570576854],[133.18147476390186,34.26850207790202],[133.18147358613967,34.268492980211356],[133.18146198129458,34.26840333924482]]],[[[133.18174674660588,34.26946602035956],[133.1817388889191,34.269359614774665],[133.18172117546277,34.26933663436268],[133.1816231634381,34.269205489123316],[133.18160491812367,34.26916751297318],[133.18161359190623,34.269156240655875],[133.18158521974158,34.26914534420462],[133.18151503080483,34.269118387783365],[133.18149428437093,34.26911042000314],[133.18144313939328,34.269090777499294],[133.18139572337697,34.26907256706942],[133.18134483075704,34.26909737384381],[133.18134306536172,34.26910048360481],[133.18134288530965,34.26908293844774],[133.18134248134095,34.2690435728283],[133.18134232588056,34.26904283914331],[133.18143162760825,34.26904695065128],[133.18144851220268,34.2689930218888],[133.181284513327,34.26889906561665],[133.18128026519915,34.268897771904335],[133.18118256049019,34.26886801652052],[133.18116829720796,34.26886367269522],[133.18106634445726,34.268832623502675],[133.1809369390717,34.26894584996259],[133.18086602381663,34.269024080502334],[133.18100426054033,34.269150068441206],[133.18099255491308,34.26914488359647],[133.18097821126773,34.26917086529816],[133.18094730807306,34.26922684250756],[133.18092179688762,34.2692730526792],[133.18089608149475,34.2693181795025],[133.18082772027563,34.269438143439],[133.18088959332454,34.269549224572934],[133.1810275757084,34.269700324794954],[133.18118985246002,34.269672042553914],[133.18136830106704,34.26962416874729],[133.1815753637376,34.26961186712543],[133.18174674660588,34.26946602035956]],[[133.18124049291598,34.26927252071121],[133.18129638675398,34.269253647043335],[133.1813243173085,34.269330569257214],[133.18145509076874,34.269371378427806],[133.18145280299336,34.26937258030917],[133.1814741252086,34.26939840231985],[133.18148186076505,34.269412020223406],[133.18137565579667,34.26937255318262],[133.18124457766442,34.269280532958064],[133.18124049291598,34.26927252071121]]]]},"properties":{"classLabel":"土砂災害警戒区域","phenomenon":"急傾斜の崩壊","name":"中側B","areaCode":"351-Ⅱ-17(1)","address":"生名","noticeDate":"2021-01-29"}},{"type":"Feature","id":137,"geometry":{"type":"Polygon","coordinates":[[[133.17721179220925,34.27766000273524],[133.1775507917424,34.277592644615126],[133.1777525917816,34.277404029488345],[133.1777525817079,34.27740394967157],[133.17785964495638,34.27701700058642],[133.17785963975442,34.27701696322261],[133.17785141184933,34.276956929619395],[133.17780062287056,34.27667648679589],[133.17777229326217,34.276657169708436],[133.17773522086392,34.27656881791805],[133.17751370035506,34.27646655441649],[133.177513665303,34.27646651704288],[133.17734795809218,34.27644253685956],[133.17721771688625,34.276202933833765],[133.17721760889273,34.276202951811676],[133.17700175980858,34.276209885324334],[133.17696211681462,34.27619442897184],[133.1769620397565,34.276194461097525],[133.1768069474813,34.276262567235136],[133.1768304654102,34.27628946559104],[133.17687456961337,34.27633990917863],[133.17690964504234,34.27638002616089],[133.17696070606982,34.27643842640251],[133.176973439653,34.27645299019525],[133.17697880183357,34.27644345253459],[133.17697883739794,34.27644342088416],[133.1770027210967,34.27646375370325],[133.17702718554628,34.2764510030301],[133.17702726591713,34.27645104722973],[133.1770297891232,34.276574711595444],[133.17697291123477,34.27671569660722],[133.17697292101346,34.27671578295787],[133.17693483913223,34.2768338219931],[133.17690649279305,34.2768537050893],[133.17691441979352,34.276868032871114],[133.1769405149892,34.277029642775794],[133.176939872827,34.27704882673019],[133.17693986317101,34.27704891409574],[133.17700165567194,34.277117317389646],[133.1770016183111,34.27711740162128],[133.17700045225357,34.27711999630698],[133.17699938580623,34.27712169970174],[133.17699955189158,34.27712178323145],[133.17683015140062,34.277291137821706],[133.1767721328003,34.27738202423444],[133.17677449709677,34.27739519071068],[133.1767819053905,34.277436446426044],[133.17678975608342,34.277455987690296],[133.17679405046036,34.27746217313429],[133.17680027619338,34.27746746248842],[133.17681542248744,34.27748033078659],[133.17687452789974,34.27753054662866],[133.1768913237346,34.27754481628468],[133.17705836762158,34.277494132127465],[133.17718672842935,34.27765272491148],[133.17719088950474,34.27763821868138],[133.1771991405017,34.27764250641021],[133.17721179220925,34.27766000273524]]]},"properties":{"classLabel":"土砂災害警戒区域","phenomenon":"急傾斜の崩壊","name":"立石A","areaCode":"351-Ⅱ-18(1)","address":"生名","noticeDate":"2021-01-29"}},{"type":"Feature","id":138,"geometry":{"type":"Polygon","coordinates":[[[133.1835136689564,34.26880011631126],[133.18370569864973,34.26857403584563],[133.1834843901077,34.268587041009255],[133.18329604626794,34.2686047260265],[133.18329269599477,34.26869258252278],[133.18322437128435,34.26872325668104],[133.18323332316896,34.26876198653294],[133.18323099331005,34.26877057793013],[133.1832214439278,34.2687670415074],[133.1831777892544,34.26877144019981],[133.1830942343022,34.26877985919578],[133.1830635330063,34.26878295264858],[133.18303289386898,34.26879325002326],[133.18300323374737,34.26880660073682],[133.18298151896292,34.26881637506255],[133.18290776675863,34.26884957258076],[133.182935163246,34.268926675473],[133.18299072459686,34.26897918320838],[133.18311077332896,34.26906064508999],[133.18325939638956,34.26908118381091],[133.18331251815727,34.26910951193282],[133.18332177360588,34.26911160455159],[133.18334543239465,34.26911707787679],[133.18334622195658,34.26911724482838],[133.18336788288985,34.269058522691225],[133.18337802073233,34.26903103930891],[133.18340016218136,34.268971014348864],[133.1834237147931,34.268918504300416],[133.18343430015364,34.26889724905808],[133.1834448665782,34.26888157634439],[133.18345541922662,34.268868694608344],[133.18346800798926,34.26885387368517],[133.1835136689564,34.26880011631126]]]},"properties":{"classLabel":"土砂災害警戒区域","phenomenon":"急傾斜の崩壊","name":"中側A","areaCode":"351-Ⅱ-19(1)","address":"生名","noticeDate":"2021-01-29"}},{"type":"Feature","id":139,"geometry":{"type":"Polygon","coordinates":[[[133.18190047257661,34.265120510351316],[133.18192689237154,34.265282657592714],[133.18198743680833,34.26529613814354],[133.18199657133306,34.26529273584938],[133.18204073217444,34.26530231697662],[133.18205444378506,34.26532470164713],[133.18219980115225,34.26507532196538],[133.18226019830274,34.264971702231136],[133.18230092466374,34.26490183034808],[133.1823614550797,34.26481418079789],[133.18245295972358,34.26471040110115],[133.18252079936008,34.26462614953133],[133.18252254670026,34.26462362899803],[133.18255024596098,34.26458367315738],[133.18257085971962,34.26454307752351],[133.18256722385672,34.26454031636767],[133.1822091745931,34.26471974002905],[133.18219314570118,34.2647125736959],[133.18217844387777,34.26470360155264],[133.18210573187963,34.26465594773409],[133.18207879579484,34.26451449381799],[133.18206679814668,34.26443124136385],[133.1820173458456,34.26443238835362],[133.18195825024873,34.26443375899368],[133.18191910495335,34.26443466686816],[133.18188615285732,34.26443559472441],[133.18183381814285,34.26444073372593],[133.18166990333503,34.264456829164544],[133.18171113550753,34.26463506456606],[133.18178779197856,34.2647616920601],[133.1817296963281,34.264909343000674],[133.18177845913195,34.26503211499714],[133.18190047257661,34.265120510351316]]]},"properties":{"classLabel":"土砂災害警戒区域","phenomenon":"急傾斜の崩壊","name":"奥里A","areaCode":"351-Ⅱ-20(1)","address":"生名","noticeDate":"2021-01-29"}},{"type":"Feature","id":140,"geometry":{"type":"Polygon","coordinates":[[[133.18205127109607,34.265330144793744],[133.1820746909711,34.26536813004856],[133.18208648158392,34.2653803319241],[133.18212307934428,34.26539199122002],[133.18215305907933,34.26540637985808],[133.1822354377499,34.2654754739577],[133.18224473640242,34.265498333701565],[133.18247244103395,34.26556123383446],[133.18248233865813,34.265540387044794],[133.18252493516744,34.265495406930086],[133.18290621841894,34.26536066785311],[133.1828188222833,34.26508759056434],[133.1828102104235,34.265060681949365],[133.18279546047057,34.26501007257454],[133.18278644008427,34.26496377130385],[133.1827826710948,34.26491161599637],[133.18277188382405,34.26484664426931],[133.1827641280397,34.26479993122066],[133.18275114295605,34.26475830200991],[133.1827256896501,34.264754277074566],[133.18269566921154,34.26474649287532],[133.18262538590153,34.264738967812846],[133.18260177518363,34.26472956042409],[133.1825997074805,34.26472846094287],[133.18259282426243,34.26455106423683],[133.18257085971962,34.26454307752351],[133.18255024596098,34.26458367315738],[133.18252254670026,34.26462362899803],[133.18252079936008,34.26462614953133],[133.18245295972358,34.26471040110115],[133.1823614550797,34.26481418079789],[133.18230092466374,34.26490183034808],[133.18226019830274,34.264971702231136],[133.18219980115225,34.26507532196538],[133.18205127109607,34.265330144793744]]]},"properties":{"classLabel":"土砂災害警戒区域","phenomenon":"急傾斜の崩壊","name":"脇A","areaCode":"351-Ⅱ-21(1)","address":"生名","noticeDate":"2021-01-29"}},{"type":"Feature","id":141,"geometry":{"type":"Polygon","coordinates":[[[133.1740954552679,34.27691940372206],[133.17442515429602,34.27675290178648],[133.17441072242684,34.276615332962535],[133.1743230060217,34.27663508433334],[133.17430590420855,34.27663893519612],[133.17428132033655,34.2766444707943],[133.1742527431684,34.2766478348661],[133.17418471986605,34.27665584248287],[133.1741452130487,34.27666049315159],[133.17412235011707,34.276661607098674],[133.17407516250748,34.27666845328965],[133.1740220408793,34.27661569157073],[133.17381752359427,34.276618677258455],[133.17352310776147,34.27667024934174],[133.17355831485668,34.276714178920976],[133.17360131367232,34.276767830469964],[133.17363137660013,34.27680534133269],[133.1736671107653,34.276849928386895],[133.17369153514986,34.27688040370561],[133.17386836482882,34.276884910012576],[133.1739580326131,34.276861594611084],[133.1740954552679,34.27691940372206]]]},"properties":{"classLabel":"土砂災害警戒区域","phenomenon":"急傾斜の崩壊","name":"西浦D","areaCode":"351-Ⅱ-22(1)","address":"生名","noticeDate":"2021-01-29"}},{"type":"Feature","id":142,"geometry":{"type":"MultiPolygon","coordinates":[[[[133.1543956911001,34.25025086508255],[133.15437557240065,34.25010852864886],[133.15434052052268,34.250116708200885],[133.154271049437,34.250132919554716],[133.15424427161636,34.250139168265335],[133.15422143829758,34.25014727308084],[133.15420561610867,34.2501543063598],[133.15418293584818,34.25016438823957],[133.15410989632446,34.2501968558125],[133.15413409357961,34.250249659946746],[133.1541320988427,34.25029645008578],[133.1542034551775,34.25030261304079],[133.15424008819429,34.2503057769519],[133.15426706391364,34.250308106769815],[133.15432282758616,34.25031292292792],[133.15437505329606,34.25031743351723],[133.1543956911001,34.25025086508255]]],[[[133.15483156510314,34.250184177317074],[133.15472326057747,34.25017785581641],[133.15466464928522,34.250236019091865],[133.1546396904023,34.250391115674105],[133.15464026400986,34.25043269605934],[133.1546564711328,34.25043812616933],[133.1547409494917,34.25046643010523],[133.1547933297186,34.25048397973025],[133.15489401532355,34.25051771365091],[133.15490825528312,34.25048394615667],[133.15499436185053,34.25029626744462],[133.15497708954658,34.250203073954395],[133.15488587199715,34.250187347082125],[133.15487050108354,34.25018644991407],[133.15483156510314,34.250184177317074]]]]},"properties":{"classLabel":"土砂災害警戒区域","phenomenon":"急傾斜の崩壊","name":"海原(B)","areaCode":"352-Ⅰ-527(1)","address":"岩城","noticeDate":"2021-01-29"}},{"type":"Feature","id":143,"geometry":{"type":"MultiPolygon","coordinates":[[[[133.15225676742483,34.24669072061331],[133.1522890699351,34.246629422837664],[133.15227881983125,34.24663037378127],[133.152193545456,34.246638284984805],[133.15215058784435,34.246642270298956],[133.15208564949174,34.24664829477783],[133.15204812674727,34.24668234813549],[133.15204938115508,34.24672512263337],[133.15201830627345,34.2468247750177],[133.1520458479288,34.24694224090671],[133.15200268410055,34.246999200466476],[133.15198091143404,34.24717193649173],[133.1520036637019,34.24719220811772],[133.1520389775747,34.24720309827676],[133.15208817072255,34.24720145229569],[133.15214745743347,34.247199468550356],[133.1522147418502,34.24719721715692],[133.15222484753005,34.24719687902763],[133.15232322171593,34.247193587274936],[133.15235208725144,34.2471843864893],[133.15232720917703,34.24716599501874],[133.1522783390005,34.24702027118259],[133.15228472215244,34.2469905471887],[133.15228472028917,34.24696616955823],[133.15227994437709,34.246922978190135],[133.15226419824847,34.24686231673815],[133.15226081208957,34.246825251442075],[133.15225132558646,34.24674769537784],[133.1522518442351,34.24674421877357],[133.15225343499523,34.24672700312654],[133.15225676742483,34.24669072061331]]],[[[133.15250627545825,34.24727724866785],[133.1525051462351,34.24727449012644],[133.15244745645848,34.247277200035796],[133.15240445059052,34.24727817444298],[133.1523692190846,34.24727811024894],[133.15226065135806,34.24727791241429],[133.1522731862766,34.24747472414157],[133.15231970420282,34.24745461848842],[133.1523693907604,34.24743314328171],[133.15236949818944,34.24743311387116],[133.15238523780326,34.2474288065752],[133.15241129061343,34.24742333035095],[133.1525179208387,34.24741194824488],[133.15251881161487,34.2474118531596],[133.1525182552912,34.24741078730605],[133.15251622586115,34.24739979283305],[133.15251595106045,34.247398441745275],[133.15251578533795,34.247397835964655],[133.15251575433757,34.2473917362054],[133.15251587949106,34.24738857031844],[133.15251731817784,34.24737958785734],[133.15251921920353,34.24736725421535],[133.15252180876166,34.24735110440988],[133.15252215570726,34.24734854446249],[133.15252275965696,34.24733802307686],[133.15252305742166,34.247333786744484],[133.1525213889081,34.24731683331007],[133.1525211684553,34.24731590143768],[133.15251923260428,34.247309423780436],[133.15251841668666,34.24730633800382],[133.15251723651602,34.24730244411354],[133.15251625264366,34.247299295777665],[133.1525137830967,34.24729382545922],[133.15251180684703,34.247289598202336],[133.15250924000216,34.24728354816507],[133.15250627545825,34.24727724866785]]],[[[133.1537391542827,34.248885965488114],[133.15376822507335,34.248832692580386],[133.15378396644954,34.24880384613128],[133.1537929130987,34.248787451144196],[133.15383537904634,34.24870963111681],[133.15383772516043,34.248705331765734],[133.15374702020634,34.24863711290911],[133.15371023937206,34.24859035972254],[133.15362553257603,34.24851809506912],[133.1535168941408,34.24846933142419],[133.15343470745552,34.248421637298314],[133.15334323423423,34.24836350497623],[133.15325935993732,34.24824140858082],[133.15328956205323,34.24822813526076],[133.1532342749087,34.24815798719392],[133.153133001846,34.248078294433235],[133.15306034102792,34.248004889513815],[133.152901515684,34.2478841028874],[133.1527649896972,34.24799240632798],[133.15271687172955,34.24803057726455],[133.1526848147224,34.248056007375574],[133.1526770729607,34.24806570266671],[133.15266602165354,34.24808136802731],[133.15263427416753,34.24812637036475],[133.15261114263052,34.24815915946428],[133.1525978766434,34.24817870840377],[133.15262496085913,34.24828673636764],[133.1526364693971,34.248338515039386],[133.15268029984043,34.24851219161971],[133.15288867457633,34.248644045595036],[133.1530721542786,34.24867819637318],[133.1531472675504,34.248729403044486],[133.15332201069,34.248814998826845],[133.15339059340462,34.248844506641035],[133.15355375737582,34.248867034507526],[133.15362360415494,34.248851955096754],[133.1537391542827,34.248885965488114]]]]},"properties":{"classLabel":"土砂災害警戒区域","phenomenon":"急傾斜の崩壊","name":"海原(A)","areaCode":"352-Ⅰ-529(1)","address":"岩城","noticeDate":"2021-01-29"}},{"type":"Feature","id":144,"geometry":{"type":"MultiPolygon","coordinates":[[[[133.14643419924172,34.2484255960687],[133.14644354017435,34.248380875932384],[133.14639520401855,34.24836542935786],[133.14639558914945,34.24836544869674],[133.14645843802182,34.24826745919528],[133.146571221648,34.2481384013679],[133.14652219452984,34.24811926212402],[133.14647296803065,34.24810004504001],[133.14645334271415,34.2480923836814],[133.1463671919086,34.248058751964926],[133.14635508918371,34.24805402725942],[133.14629414102154,34.2481065587918],[133.1461142974708,34.248147820968434],[133.14608060977642,34.24825798130987],[133.146126280181,34.24831216166838],[133.1460767222298,34.24833579118403],[133.14610238144465,34.24836079183379],[133.1460152073425,34.248414100208734],[133.14595681856662,34.248408523523494],[133.14596595809334,34.24848777941822],[133.14592030597564,34.248565985624104],[133.14588478903696,34.248592150271435],[133.145833874479,34.24864300939337],[133.14589168111107,34.24871932478717],[133.14592112265726,34.2487581929605],[133.14592115587283,34.24875822765529],[133.14594211945905,34.24878014390436],[133.145961393235,34.24879406224901],[133.14597278831542,34.24880066226374],[133.14600474119416,34.24881337268805],[133.1460690354093,34.24879791049215],[133.14613548737057,34.24876719141296],[133.1461940923467,34.248718789933555],[133.14622643973365,34.248710584063645],[133.14628895149554,34.24865548744793],[133.14647330896648,34.248476593301845],[133.14643419924172,34.2484255960687]]],[[[133.14577864456714,34.24882219149733],[133.1457732526435,34.24882116020491],[133.14561880029933,34.24883443162861],[133.14557677618393,34.24886295668174],[133.14555727225073,34.248921114637874],[133.1455262496082,34.24901328031708],[133.1455667237866,34.249022189879135],[133.1456237747736,34.249049937474894],[133.1456528838305,34.24906409508834],[133.1457359740615,34.24914262854837],[133.14579704358212,34.249273176639406],[133.14579991857113,34.24927868433877],[133.14580619772812,34.24929071354015],[133.14581276300473,34.24930643708017],[133.14582381421116,34.24933290431047],[133.14584833031708,34.24939161931027],[133.14598023877002,34.24935710027503],[133.14604884214847,34.24928722053899],[133.14614633836348,34.249188196427475],[133.14610190723832,34.24913151354809],[133.14612556984065,34.24910815640636],[133.14605776519477,34.24896939329961],[133.14601452067234,34.248867306303545],[133.14598807068163,34.24886224738628],[133.14590872077028,34.24884707056595],[133.14587905247967,34.248841396059085],[133.14577864456714,34.24882219149733]]]]},"properties":{"classLabel":"土砂災害警戒区域","phenomenon":"急傾斜の崩壊","name":"大谷","areaCode":"352-Ⅰ-531(1)","address":"岩城","noticeDate":"2021-01-29"}},{"type":"Feature","id":145,"geometry":{"type":"Polygon","coordinates":[[[133.1503697283891,34.24574819637505],[133.15035577855693,34.24574581604488],[133.15025319645122,34.24577533450452],[133.1501793312765,34.24579658944158],[133.15008677804133,34.24582322188599],[133.15001519968618,34.245843818718335],[133.14993475134926,34.24607522439145],[133.1500939450532,34.246224340287085],[133.1500791157447,34.246291401394934],[133.15010545321698,34.24635987772634],[133.1502376307398,34.24644269795318],[133.1503245934738,34.24649837291162],[133.15052872597153,34.24649547109746],[133.15091360809382,34.24643385453285],[133.15109185925007,34.2463232203795],[133.15120595525917,34.246182641971934],[133.15099125357455,34.24610609189368],[133.15082347386215,34.246046271122545],[133.15076225475434,34.24602444374272],[133.15069385394435,34.245991413386676],[133.1506333219241,34.24596789179896],[133.15060215980193,34.24596003138834],[133.1505982121396,34.24595903561798],[133.150578917132,34.24595022450079],[133.15053685616522,34.24592237562093],[133.15053303100615,34.24591984295555],[133.15052554455025,34.245908028595395],[133.15052338213903,34.24590793617506],[133.1505220020767,34.24590762848655],[133.15052022978068,34.245905675786595],[133.15051490675143,34.245904319339516],[133.1505094087373,34.24589671255168],[133.1504523634099,34.24585330257876],[133.15036967871313,34.245803645424324],[133.1503697283891,34.24574819637505]]]},"properties":{"classLabel":"土砂災害警戒区域","phenomenon":"急傾斜の崩壊","name":"小村","areaCode":"352-Ⅰ-532(1)","address":"岩城","noticeDate":"2021-01-29"}},{"type":"Feature","id":146,"geometry":{"type":"MultiPolygon","coordinates":[[[[133.14954052030055,34.24706867063716],[133.14962796947717,34.24705455872141],[133.1497252744331,34.247050250593105],[133.149776792852,34.24697026478398],[133.14975537846098,34.24692776483987],[133.14973802197278,34.24689331834704],[133.14973471023836,34.24688715775154],[133.14972584241204,34.24687066157012],[133.14969894271445,34.24682062199849],[133.14968158624828,34.24678833493392],[133.14964485756323,34.24676788117247],[133.14961744153825,34.24676074847274],[133.14949769709852,34.246750626617015],[133.14945139946659,34.246746466861815],[133.1494479440995,34.24672925067609],[133.14937758086432,34.24672444038928],[133.14932438411074,34.246731429673815],[133.14923331723645,34.246763983738575],[133.14924614438956,34.24679473593652],[133.14926885177462,34.246849175174724],[133.14928234959208,34.24688153514205],[133.149303511075,34.246932268113646],[133.14931788422825,34.24696672652858],[133.14937189339915,34.24695704412729],[133.14941960570863,34.24695255328533],[133.14943017801784,34.24697873538653],[133.1494531962372,34.24703573943955],[133.14946469464869,34.247064214917025],[133.14950006836244,34.24706328523934],[133.14954052030055,34.24706867063716]]],[[[133.1514242287696,34.24712361984782],[133.15147861871094,34.247103039819144],[133.15150655723838,34.24694813435704],[133.15144799187755,34.24680705423334],[133.15119693993802,34.24666103660317],[133.15106065671537,34.2465834882414],[133.15084804007057,34.24663303954567],[133.1508113307567,34.2467178867275],[133.15079077647906,34.24676539426003],[133.15075643965454,34.24684475762347],[133.15075406704906,34.24685024145654],[133.1509588397949,34.24688393661631],[133.15095210314664,34.246896032576],[133.15089899048786,34.24704064938541],[133.1508924684038,34.247066107372255],[133.15088121279112,34.24706341619131],[133.15088968007774,34.2470365906621],[133.15087417827624,34.24701785890358],[133.15082818964302,34.246962287970554],[133.1508168352655,34.246948567758515],[133.1507943075661,34.246923669969085],[133.15072909067896,34.24685159171305],[133.15057590038677,34.24694371241814],[133.15048563342842,34.24701427643833],[133.150401660992,34.24709668248324],[133.15035881191216,34.2470808023666],[133.1502044994505,34.24705474383081],[133.1501999119585,34.247020578880985],[133.1501852381474,34.24700684181433],[133.15015196537186,34.247005453783444],[133.15004339986848,34.24700489201164],[133.15002770716566,34.24700481079494],[133.14997401382624,34.24700659656078],[133.14993932888552,34.24700775010485],[133.14986553316567,34.24701020438028],[133.1499089625751,34.24716614859755],[133.1499283580941,34.24721037843551],[133.15004607866035,34.24729566138872],[133.15022333456176,34.24735226332637],[133.15051850945292,34.24734287443431],[133.15073109671357,34.2472131443148],[133.1508550115627,34.24714642517466],[133.15086645272348,34.247110178073825],[133.15087599159776,34.247285783096174],[133.15074212009355,34.247460996342696],[133.15073711803012,34.24768370250878],[133.15073358338833,34.24768471675105],[133.15075044112135,34.247710408615845],[133.15095065484707,34.24784322148225],[133.15105101595623,34.24789777589713],[133.15098313037763,34.2479763888446],[133.15099663760506,34.24798262289924],[133.15107802743896,34.24802018697219],[133.15118601190895,34.24807002519888],[133.1511877680001,34.248070599941386],[133.1513493789002,34.2481234944502],[133.1515001692765,34.24803407875598],[133.15161137178552,34.24782489556572],[133.15182088965065,34.247730506690964],[133.15177618014783,34.24750104199556],[133.151706307939,34.24730718151882],[133.15171033668292,34.24725868023633],[133.15144357696306,34.24723808572472],[133.1514242287696,34.24712361984782]]]]},"properties":{"classLabel":"土砂災害警戒区域","phenomenon":"急傾斜の崩壊","name":"あづま","areaCode":"352-Ⅰ-533(1)","address":"岩城","noticeDate":"2021-01-29"}},{"type":"Feature","id":147,"geometry":{"type":"Polygon","coordinates":[[[133.14978984362972,34.245083852802054],[133.14979143995512,34.24513326755503],[133.1497861126355,34.24518491477953],[133.149703082552,34.24517893595381],[133.1496246722274,34.24519637599719],[133.14960715990586,34.245328287344734],[133.14960550579727,34.24533372579596],[133.14970122477362,34.24549440140729],[133.14958646752186,34.24554705546372],[133.14960967991894,34.245588802324626],[133.149574265271,34.245645508560955],[133.14957313349979,34.24583872985147],[133.14983883284006,34.2458726021749],[133.14989235064635,34.245889364980556],[133.14993132499907,34.245898867937335],[133.14991760203074,34.24591024954312],[133.1499636168764,34.2459445870994],[133.14999835501808,34.24597050965017],[133.15001857000118,34.24598559458078],[133.15005273886337,34.246011092256715],[133.15009932313268,34.24604585458711],[133.15012652692562,34.246020775132514],[133.1501838926147,34.245933704181056],[133.1502227933527,34.24580862707906],[133.15035829996484,34.245744957988755],[133.15035651911398,34.24572824574957],[133.15038280234066,34.245686891825166],[133.15033773462198,34.24558356505595],[133.15034908963347,34.245515329262815],[133.15033601664967,34.245405896338426],[133.15026231432503,34.24536068622875],[133.15025625010554,34.24535007579448],[133.15022680047286,34.24528503140548],[133.15021826886007,34.24522110735398],[133.1501891042135,34.24514936087287],[133.1501774843457,34.24509111037175],[133.15016566092916,34.245085262890306],[133.15013043503248,34.24506784123511],[133.15008208989772,34.245048881891464],[133.1500817727049,34.245048781523025],[133.15003075993013,34.24503264037224],[133.1499864127468,34.24502384589918],[133.1499858690062,34.24502373807397],[133.1499361379834,34.245013875889704],[133.14978984362972,34.245083852802054]]]},"properties":{"classLabel":"土砂災害警戒区域","phenomenon":"急傾斜の崩壊","name":"東","areaCode":"352-Ⅰ-534(1)","address":"岩城","noticeDate":"2021-01-29"}},{"type":"Feature","id":148,"geometry":{"type":"Polygon","coordinates":[[[133.14648569977024,34.24673041877568],[133.1465380738602,34.24667777313058],[133.14656903479062,34.24669199928848],[133.1466372152537,34.24662351828992],[133.14675140074675,34.24658910823357],[133.1467761452059,34.246593643501875],[133.14675873553995,34.2465999825748],[133.14681227347734,34.24669754656643],[133.14688319221673,34.24678067182511],[133.14688048722175,34.246860810601255],[133.14688534307777,34.24686184177978],[133.1469856700143,34.24688314689253],[133.14700254913194,34.24688673124839],[133.1470826665075,34.24690374464999],[133.1471077319898,34.24690906743526],[133.1471283506442,34.24677277756931],[133.14713638527303,34.24661910592901],[133.14714549108447,34.24648440091259],[133.14713589995637,34.24644028679504],[133.1469944966281,34.246266136194514],[133.14670314366566,34.24623799127005],[133.14640847384894,34.2462603887018],[133.14635603515617,34.24632039843868],[133.14624894840833,34.246308048546965],[133.1460637122479,34.246573269101745],[133.14603382677706,34.24662536529288],[133.1460406990991,34.2468507288268],[133.14598345909582,34.246943192361606],[133.14598641784298,34.24700932671134],[133.1460345928204,34.24706731736401],[133.14605358194493,34.24711857161302],[133.1461491484639,34.24729014753666],[133.14627236955107,34.2474302220578],[133.14630995859198,34.24741976788098],[133.1463753174698,34.24740159044636],[133.1464020407202,34.247394158231124],[133.14648500457142,34.24737108442645],[133.14650498857267,34.24736552651015],[133.14647577690053,34.247215570637884],[133.1464024088077,34.24703643424192],[133.14641786671075,34.246999496843436],[133.1464047408594,34.24698923691728],[133.14641121101008,34.24694546281585],[133.14641115283618,34.24689015699607],[133.1464672771357,34.24675646326849],[133.14648569977024,34.24673041877568]]]},"properties":{"classLabel":"土砂災害警戒区域","phenomenon":"急傾斜の崩壊","name":"西","areaCode":"352-Ⅰ-535(1)","address":"岩城","noticeDate":"2021-01-29"}},{"type":"Feature","id":149,"geometry":{"type":"Polygon","coordinates":[[[133.1434736058234,34.247156633325844],[133.14348747755764,34.24684282315066],[133.14335141901591,34.24685707350721],[133.14329843354747,34.24685433624224],[133.1433703257414,34.24669296726886],[133.14344046147602,34.24655851823615],[133.14352821624823,34.24640240737264],[133.1436347158172,34.246195733592835],[133.14363324056927,34.24605130893161],[133.14361977386665,34.24587568461001],[133.14351123598107,34.245873628872076],[133.14348953800388,34.24587321789907],[133.1433839365,34.2458712177047],[133.1433810001255,34.24587116208025],[133.14338373349293,34.246058655115306],[133.1433762286844,34.24617691473743],[133.14328719773172,34.24630677999766],[133.14319462056883,34.24646519457234],[133.14312500849937,34.24662937534381],[133.14302333352356,34.24671818913119],[133.14289896094468,34.24695962227833],[133.14284328783486,34.24701247249157],[133.1427713515334,34.24702864202342],[133.1427503335371,34.24704493186652],[133.14280722274825,34.247062333664694],[133.1428522095267,34.24707609457332],[133.14298326400095,34.24711618251813],[133.14303885207624,34.24713412306476],[133.14310422261312,34.247155831422376],[133.14341512639538,34.247259076286866],[133.1434409161871,34.247267640531504],[133.1434736058234,34.247156633325844]]]},"properties":{"classLabel":"土砂災害警戒区域","phenomenon":"急傾斜の崩壊","name":"谷","areaCode":"352-Ⅰ-537(1)","address":"岩城","noticeDate":"2021-01-29"}},{"type":"Feature","id":150,"geometry":{"type":"Polygon","coordinates":[[[133.14285948638397,34.24528894592645],[133.1428693382201,34.245195390513196],[133.14287364053314,34.2452030852709],[133.14288382006822,34.24522129156762],[133.14290274756735,34.24522850309028],[133.142932923906,34.24523870512692],[133.1429616246431,34.245248408260345],[133.1429865320734,34.245265389523226],[133.14310264896838,34.24521655975824],[133.14311502585198,34.24517135175719],[133.14312248975654,34.245144089014225],[133.14312166345127,34.24513511140295],[133.14311915697218,34.24512860278837],[133.1431125549195,34.24511145923209],[133.14309301429523,34.24506071804389],[133.1430794849678,34.24502558640169],[133.14290801866838,34.24504683676268],[133.14281876090945,34.24510493210775],[133.14283957432195,34.245142157318135],[133.14285973620156,34.24517821715251],[133.14276232556796,34.245183659377886],[133.14257727464684,34.24520958359676],[133.14238236630234,34.2452374976578],[133.14214764793977,34.24530455402074],[133.14203486711023,34.24542920642121],[133.1419796290451,34.24549821385253],[133.1419523530242,34.24556933648096],[133.14206072051212,34.2456875177326],[133.14210311396857,34.245718151803906],[133.142237789302,34.245815469748614],[133.14227337592982,34.24584118499559],[133.1423033709297,34.24585602225083],[133.14234974167874,34.245875445636145],[133.14237100768833,34.245883587672914],[133.14246023007541,34.24591774790146],[133.14246959994958,34.24592133533147],[133.14250316960553,34.24582479940749],[133.14253033986162,34.24574739438733],[133.14256045677357,34.24570463470879],[133.1425758122897,34.24568803749418],[133.14261605447487,34.245594746419314],[133.14266864547633,34.24554210374345],[133.14285476113702,34.24543674055396],[133.1428718034452,34.24542290965782],[133.1428711187412,34.245395684654795],[133.14287024124573,34.24536079368862],[133.14286317619957,34.24533524489371],[133.14286262768638,34.245333489003045],[133.14285812132783,34.245319063077886],[133.1428581968137,34.245301192195576],[133.14285948638397,34.24528894592645]]]},"properties":{"classLabel":"土砂災害警戒区域","phenomenon":"急傾斜の崩壊","name":"浜","areaCode":"352-Ⅰ-538(1)","address":"岩城","noticeDate":"2021-01-29"}},{"type":"Feature","id":151,"geometry":{"type":"Polygon","coordinates":[[[133.14564158002963,34.24806429090843],[133.1456406657794,34.24806421480352],[133.14562466739528,34.248064886194456],[133.14560217369464,34.2480680524515],[133.14558485946182,34.248073386613335],[133.1455376540085,34.2480879296814],[133.14547651148746,34.24816841659365],[133.14546538802713,34.24824743876904],[133.14539659527887,34.24832558140298],[133.14537513937904,34.24837218365897],[133.1453330981515,34.24840925600996],[133.14524617603217,34.248524339840195],[133.14510621799857,34.2487123663043],[133.14508777251953,34.24875892380914],[133.1450452757092,34.248879978650315],[133.14507082874968,34.2488997029856],[133.1450387465336,34.2489446821437],[133.14509736275997,34.24895229241801],[133.1451460134787,34.248958608795384],[133.1451747447558,34.24896233900211],[133.14529905585582,34.248958178417375],[133.14546942807084,34.24895247596773],[133.14551601987674,34.24895091645199],[133.1456134544555,34.24895062609072],[133.14564843671928,34.24885074332483],[133.14563118764457,34.248795948947695],[133.14560563091132,34.248777466940254],[133.14563016691238,34.24866145636762],[133.1457279413665,34.24854478662961],[133.14586296030905,34.24845653172563],[133.14583917530257,34.24836524732008],[133.14578439389635,34.24824223828224],[133.14577800270933,34.24818495566257],[133.14578707526178,34.248089429314824],[133.1457728564604,34.24808685316223],[133.14568100161435,34.248070210952456],[133.1456540618374,34.24806533000783],[133.14564158002963,34.24806429090843]]]},"properties":{"classLabel":"土砂災害警戒区域","phenomenon":"急傾斜の崩壊","name":"大谷新地","areaCode":"352-Ⅱ-1(1)","address":"岩城","noticeDate":"2021-01-29"}},{"type":"Feature","id":152,"geometry":{"type":"Polygon","coordinates":[[[133.14698937325733,34.24699868410047],[133.14694867009246,34.246940613328796],[133.1469073101662,34.24694600200519],[133.14681996349356,34.24695738216347],[133.14681986988492,34.24695739437827],[133.1468197286971,34.24695664645056],[133.14681721410338,34.24694332456251],[133.1468127359117,34.246919599958126],[133.14680040153388,34.24685425481823],[133.14667406260378,34.24697639102639],[133.14667827129387,34.24703262027737],[133.14670063190235,34.24709233837082],[133.1467171419959,34.247280996788966],[133.14677637067757,34.247273062579936],[133.14682432432306,34.24726663871012],[133.1468565067223,34.24726232755791],[133.14693727593192,34.24725150770648],[133.14696368900306,34.24724796939126],[133.14695937454732,34.24706665703983],[133.14698937325733,34.24699868410047]]]},"properties":{"classLabel":"土砂災害警戒区域","phenomenon":"急傾斜の崩壊","name":"西B","areaCode":"352-Ⅱ-2(1)","address":"岩城","noticeDate":"2021-01-29"}},{"type":"Feature","id":153,"geometry":{"type":"Polygon","coordinates":[[[133.14427947682063,34.246255933638544],[133.14429545784134,34.246238101269746],[133.14429670129934,34.246238305523256],[133.14429526773822,34.24624142055762],[133.1442676340709,34.24639388501847],[133.1442722562471,34.24641520286442],[133.14427603775053,34.24645473312391],[133.14427428890957,34.24647531581316],[133.14426582755468,34.24651571094512],[133.14421613071838,34.246605704216876],[133.14412803897287,34.24670255638654],[133.14416268823163,34.24672492861133],[133.14421374739288,34.24675789624984],[133.14424035513534,34.246775076198524],[133.14432137484138,34.24682270640577],[133.1444420653132,34.24689365819529],[133.1445230527131,34.24694126908758],[133.14465759026854,34.246845888649986],[133.14481187416757,34.246755638233715],[133.1449126802656,34.2466600698465],[133.1449279407451,34.24642661565164],[133.1449299393348,34.2462788104798],[133.14488820652016,34.246172257332205],[133.14471994582058,34.24609262538039],[133.1446651943825,34.24588059753537],[133.14445066077076,34.24581917997523],[133.1442530958241,34.24586935012399],[133.14408873438018,34.245906727102586],[133.14393360797834,34.24594979340689],[133.14375991283612,34.24611890181771],[133.14375342312954,34.24627957535361],[133.14370656558722,34.246411006702104],[133.14364297031563,34.24651593607966],[133.14363288999957,34.24657964306194],[133.1436330038038,34.246599595306726],[133.14352441302785,34.24672609029395],[133.14349875873742,34.24683337600694],[133.14348440107244,34.24689529051726],[133.14341745272648,34.24695884736512],[133.1433481843232,34.247042404091474],[133.14326809062086,34.24711766314587],[133.1433008221278,34.24720884501289],[133.14331977761975,34.24721683375356],[133.14342280720948,34.24726025521167],[133.14343701972695,34.24726624500453],[133.14344769260885,34.247272536613515],[133.14345373552933,34.247281034413994],[133.14345512061067,34.2472857046782],[133.14345613337935,34.24728911953098],[133.14347610295465,34.24737415812256],[133.14370861239195,34.247252828734894],[133.143752580116,34.24716075840774],[133.14374893904233,34.247088768391684],[133.14376136101174,34.247050016973276],[133.14382151094674,34.24699465370032],[133.143922153953,34.24689561229512],[133.1439721469708,34.24677281675325],[133.14397821345182,34.24676406407647],[133.14404187523115,34.2466955135249],[133.1441200853249,34.24657008138759],[133.14417864579488,34.24639752668662],[133.1442046888243,34.24635123863136],[133.14424777977527,34.24629504313493],[133.14427235736244,34.246289748496636],[133.14427947682063,34.246255933638544]]]},"properties":{"classLabel":"土砂災害警戒区域","phenomenon":"急傾斜の崩壊","name":"谷B","areaCode":"352-Ⅱ-3(1)","address":"岩城","noticeDate":"2021-01-29"}},{"type":"Feature","id":154,"geometry":{"type":"Polygon","coordinates":[[[133.13180850956974,34.25535248957981],[133.13175919754235,34.25533301163972],[133.1317325330182,34.25532821630144],[133.13172602330275,34.25532771985966],[133.13171323518534,34.25532674465979],[133.13168271270385,34.255325204726155],[133.13161389434129,34.25532173272063],[133.13157433442802,34.25531973683069],[133.13157319096317,34.25533455972142],[133.1313618007505,34.25529345365335],[133.13124525300216,34.255534921742836],[133.13117477608355,34.25593900807439],[133.13127633873097,34.25603498123737],[133.1314397964071,34.25598371177426],[133.13178420676707,34.25587568453483],[133.13190995236064,34.25583624306965],[133.13205622727315,34.25577989239143],[133.1321376325794,34.255763253253676],[133.1321684807048,34.25575805017737],[133.13219127772862,34.255754205065436],[133.13227614717226,34.25574696560389],[133.1322745909136,34.25573994804358],[133.13227515015853,34.255732842456375],[133.1322804426009,34.255717555006946],[133.13228517178555,34.25570605876827],[133.13223588161566,34.25569908545156],[133.13218022663108,34.255683912261695],[133.132167568518,34.25568046127843],[133.1321177542286,34.25565882360978],[133.13207165706223,34.255632592721845],[133.1320181981133,34.25559866549386],[133.13196858021203,34.255560459421496],[133.13182631553065,34.25545091448349],[133.1318310673096,34.255431828311906],[133.13182670671995,34.25535967732799],[133.13180850956974,34.25535248957981]]]},"properties":{"classLabel":"土砂災害警戒区域","phenomenon":"急傾斜の崩壊","name":"新城","areaCode":"352-Ⅱ-4(1)","address":"岩城","noticeDate":"2021-01-29"}},{"type":"Feature","id":155,"geometry":{"type":"Polygon","coordinates":[[[133.14477593040232,34.27821585090193],[133.14472797981136,34.2781957645595],[133.14467568784525,34.278200060979906],[133.1446389575987,34.27822627141327],[133.14455789663992,34.278339467883576],[133.14452216678356,34.278423177819384],[133.14444387300253,34.278485437578695],[133.14440334122102,34.27849560269376],[133.14438024119355,34.27853170967759],[133.14437615805318,34.27858000889385],[133.14436714025857,34.27861883173968],[133.14436654357024,34.27862097619207],[133.14435875431016,34.278648970293794],[133.14435731020313,34.278658022873365],[133.14433754785787,34.27878190522638],[133.1443336422383,34.27880638803239],[133.14440972024343,34.27877773064383],[133.14457406269048,34.27875649707528],[133.14481177695538,34.27861071053201],[133.1449160779104,34.27850779837235],[133.14500522280616,34.27838603027141],[133.145022288452,34.27834828732342],[133.14498593570852,34.278303820941694],[133.1448889738681,34.27826320424728],[133.14482494147526,34.27823638141511],[133.14477593040232,34.27821585090193]]]},"properties":{"classLabel":"土砂災害警戒区域","phenomenon":"急傾斜の崩壊","name":"小漕1","areaCode":"352-Ⅱ-5(1)","address":"岩城","noticeDate":"2021-01-29"}},{"type":"Feature","id":156,"geometry":{"type":"Polygon","coordinates":[[[133.14771939478152,34.279414811087385],[133.14776040833763,34.27941266060126],[133.1478038321116,34.27941621934392],[133.14782702853876,34.27939282762496],[133.14778504483357,34.27935529599579],[133.1476859500076,34.27931839449919],[133.1476610625864,34.27930912674957],[133.14763102166572,34.27930223348001],[133.14758851087296,34.27930155958461],[133.1474582037161,34.27929949381877],[133.1473909829236,34.27936567041033],[133.14742159424512,34.279510210770404],[133.1474415635967,34.279503646566276],[133.14762355454374,34.27944382342141],[133.14768792597246,34.27942266349282],[133.14769652655465,34.27942051737531],[133.14771939478152,34.279414811087385]]]},"properties":{"classLabel":"土砂災害警戒区域","phenomenon":"急傾斜の崩壊","name":"白石","areaCode":"352-Ⅱ-6(1)","address":"岩城","noticeDate":"2021-01-29"}},{"type":"Feature","id":157,"geometry":{"type":"Polygon","coordinates":[[[133.14415448222132,34.268701192082894],[133.1440775685452,34.26863835763809],[133.14378691409087,34.26875177902022],[133.14372096439143,34.26882340651865],[133.14368398433515,34.26886357021675],[133.14368105874965,34.26886724939942],[133.14365788047036,34.26889639823166],[133.1436303806761,34.268936029051744],[133.14362609671437,34.2689448303979],[133.1436216450271,34.26916860687131],[133.14366943699423,34.269197860277316],[133.1439187119135,34.269123516135174],[133.14397148732766,34.269086537931884],[133.14400006178397,34.269063852322056],[133.14401819018616,34.269049459939126],[133.1440383415652,34.269021728499936],[133.1440944376879,34.268944531436404],[133.14415448222132,34.268701192082894]]]},"properties":{"classLabel":"土砂災害警戒区域","phenomenon":"急傾斜の崩壊","name":"小漕3","areaCode":"352-Ⅱ-7(1)","address":"岩城","noticeDate":"2021-01-29"}},{"type":"Feature","id":158,"geometry":{"type":"MultiPolygon","coordinates":[[[[133.13844415553177,34.26715074526783],[133.13846685342065,34.267088622378296],[133.1384756779044,34.267064470256834],[133.13841975299488,34.26698926634789],[133.13817410284474,34.26689435538182],[133.13807075633972,34.26699317682191],[133.13792525749994,34.26714366517078],[133.1378972004243,34.26711111687852],[133.13788225864528,34.267104938991906],[133.1378577785268,34.267128480710106],[133.13781129473946,34.26717318252065],[133.1377580426688,34.26722439311754],[133.13772810042798,34.26725318747452],[133.1377157234885,34.26727102010299],[133.1377094999882,34.26728823263097],[133.1377071848252,34.26730165965552],[133.1378587792081,34.2674449793942],[133.13805210515918,34.26739273721447],[133.13817299803722,34.26730877399708],[133.13817742453423,34.267308579919145],[133.13827168157286,34.26730510623624],[133.1383846920885,34.267262586053704],[133.13840461639407,34.26724106444553],[133.1384217306528,34.267212120786056],[133.13843248893266,34.267182676021136],[133.13844415553177,34.26715074526783]]],[[[133.13917209122,34.26693376874077],[133.13899035838682,34.26681851668373],[133.1389742972738,34.267176165482354],[133.13910918626038,34.26729332994009],[133.13909890645886,34.26735499790949],[133.13924159583726,34.267453394431946],[133.13933132001873,34.26750406333844],[133.13943867317755,34.26749047387487],[133.13946811678494,34.26748674668275],[133.13950867826682,34.26748304097198],[133.13951438957278,34.26748251918531],[133.13957120768868,34.26747046811616],[133.13961312282018,34.267458809159294],[133.1396691925106,34.26737261915494],[133.13966465183202,34.267166036484745],[133.13960817661103,34.267137393034325],[133.1395828887506,34.26712898908271],[133.1395800533622,34.267127699869654],[133.13954640753155,34.267119334305164],[133.1394793786763,34.26710132562561],[133.13947661404956,34.267100316847376],[133.1393946932106,34.2670704247405],[133.1393787624797,34.267062278120434],[133.13932921482527,34.26703341352389],[133.13928204132606,34.26700349705633],[133.13917209122,34.26693376874077]]]]},"properties":{"classLabel":"土砂災害警戒区域","phenomenon":"急傾斜の崩壊","name":"宮浦","areaCode":"352-Ⅱ-8(1)","address":"岩城","noticeDate":"2021-01-29"}},{"type":"Feature","id":159,"geometry":{"type":"MultiPolygon","coordinates":[[[[133.1493282814493,34.270756915106695],[133.1493284537333,34.270751784049224],[133.14940844264123,34.27080278566017],[133.14945636549234,34.27080788056912],[133.14951088347922,34.270797288630654],[133.14954936089305,34.27078981307784],[133.14956129445432,34.27078534675197],[133.14958769247636,34.2707754668758],[133.1496175093673,34.270751391067634],[133.1496881939177,34.27069431634247],[133.14969535826515,34.27068853142187],[133.149603448495,34.270610850737526],[133.14948022716598,34.2705546625462],[133.14941697694175,34.27062794972837],[133.14938700533938,34.2706626773262],[133.14937983712596,34.27067237827071],[133.1493703537595,34.270685212374254],[133.14933820984368,34.270736176608615],[133.14932845866704,34.27075163711022],[133.14932878827386,34.270741820575694],[133.14932574002452,34.27072818903566],[133.14931844224054,34.27071875933057],[133.14931784041838,34.270718287808755],[133.1492981324937,34.27070284757168],[133.14924795097969,34.27066353264013],[133.1492421539709,34.270658990942245],[133.14922318704575,34.2705540483506],[133.14919069028372,34.27051634672916],[133.14917167181184,34.270504064529725],[133.14905608181328,34.270534464768204],[133.1488888820918,34.270528841961436],[133.1487532049931,34.270378488322315],[133.14862105465804,34.27028944667413],[133.14846510020845,34.27020504753943],[133.1484518787604,34.27019158902466],[133.14844042984166,34.270210542184834],[133.1483691192687,34.27032859327769],[133.14836183115816,34.270340658363295],[133.14834329009548,34.27037824414392],[133.14832516812007,34.27041497726453],[133.14828400830973,34.2704984078206],[133.14829947856256,34.27048688681702],[133.14836668021556,34.27055323663352],[133.1485034070015,34.27064317814107],[133.14867941973216,34.270728036700625],[133.14887662914543,34.27085096831549],[133.1489805967055,34.27096864051137],[133.1491082335353,34.27098038575102],[133.1492184015374,34.27092463972787],[133.1493133518491,34.27080462846638],[133.14931884277502,34.27078708002809],[133.1493282814493,34.270756915106695]]],[[[133.14941579510193,34.27084996640548],[133.14940860015764,34.27084907659139],[133.1493521199324,34.27087173232232],[133.14921562579863,34.271023332932664],[133.1492190785151,34.271071166917906],[133.14919324632965,34.27110680446922],[133.14921562388443,34.271122394438166],[133.14924055001686,34.271139759911776],[133.14927222361828,34.27115845710244],[133.14927925142638,34.27116159728932],[133.149291296514,34.27116697935791],[133.1493245657714,34.271178906457784],[133.1494242655941,34.27121464901262],[133.14951489262614,34.27116233228833],[133.14954952925618,34.27114006195214],[133.14963393139917,34.270996494836226],[133.14963649736157,34.27095640909366],[133.14954738193734,34.27090488360514],[133.14950813051993,34.27088218888452],[133.14948254475698,34.270867395468784],[133.14945065573372,34.270856938849995],[133.14941579510193,34.27084996640548]]]]},"properties":{"classLabel":"土砂災害警戒区域","phenomenon":"急傾斜の崩壊","name":"長江3","areaCode":"352-Ⅱ-9(1)","address":"岩城","noticeDate":"2021-01-29"}},{"type":"Feature","id":160,"geometry":{"type":"Polygon","coordinates":[[[133.15183383024734,34.27087453887535],[133.15175672087992,34.270745326799016],[133.15164908586118,34.270757307422116],[133.15163616806214,34.27075874524418],[133.15158855531303,34.27076404489402],[133.15156869194314,34.2707729337445],[133.15154704336888,34.27079885487929],[133.15152974883497,34.270924028203034],[133.1515285790591,34.271041056654134],[133.15156638356282,34.27108170865128],[133.15157463517494,34.27107706451477],[133.15160575015022,34.27105711624613],[133.15163801052097,34.271038125407145],[133.15165324054178,34.27102766213524],[133.15167258858014,34.27101436968639],[133.1517061651192,34.27099027151935],[133.15178831916495,34.270931308770784],[133.1517703018251,34.27090070277571],[133.15183383024734,34.27087453887535]]]},"properties":{"classLabel":"土砂災害警戒区域","phenomenon":"急傾斜の崩壊","name":"長江1","areaCode":"352-Ⅱ-10(1)","address":"岩城","noticeDate":"2021-01-29"}},{"type":"Feature","id":161,"geometry":{"type":"Polygon","coordinates":[[[133.15420590900214,34.271708794728575],[133.154204788196,34.27169827100832],[133.15416168603917,34.27170029344479],[133.15414254372607,34.27164980572985],[133.154147836329,34.27162690382348],[133.15418870911708,34.27162083619863],[133.1541298724844,34.27150671334743],[133.1539436222438,34.27140602180321],[133.15388274755102,34.271428998413235],[133.15372287227888,34.271350449363936],[133.15353950944188,34.271271530199385],[133.1534791666873,34.2713464883341],[133.15346649135054,34.271362233677024],[133.15340614846596,34.271437191773934],[133.15359935055707,34.27153379822632],[133.1538228011173,34.27163515851249],[133.15383693869384,34.27165160577261],[133.15384963826094,34.27164707670734],[133.15378816118366,34.271729953002634],[133.15380914737682,34.27175529084907],[133.15386849395767,34.2718787881387],[133.15413079995028,34.271931479579365],[133.1541922412005,34.2719145982255],[133.15421677940847,34.27187046342558],[133.15422128544597,34.27185317130728],[133.15421875463375,34.271829408392776],[133.1542143528036,34.271788077700094],[133.15420590900214,34.271708794728575]]]},"properties":{"classLabel":"土砂災害警戒区域","phenomenon":"急傾斜の崩壊","name":"若宮","areaCode":"352-Ⅱ-11(1)","address":"岩城","noticeDate":"2021-01-29"}},{"type":"Feature","id":162,"geometry":{"type":"Polygon","coordinates":[[[133.15781561017593,34.26761126484436],[133.15784464141862,34.26768376922082],[133.15786482589542,34.26773564565016],[133.15785141110086,34.26774288609208],[133.1578300986986,34.26775438904518],[133.15778390086535,34.267779323491524],[133.15773831323514,34.267803928528544],[133.15772356342563,34.26781304847696],[133.1575998895339,34.267889517330836],[133.15768279021452,34.267987564314865],[133.15776996097037,34.26810589517908],[133.15787483897265,34.26827421729595],[133.15794825731496,34.26842757427039],[133.15794950057793,34.268594453563566],[133.15800623631023,34.26865141581144],[133.1580620904739,34.26872295530033],[133.15812136805042,34.26884571118228],[133.15842598975678,34.268832090565994],[133.15869993623048,34.268822833394914],[133.1587481348528,34.26860912542126],[133.15875023416106,34.26845831300739],[133.15861025410445,34.268336283712095],[133.1585426430609,34.268143679088176],[133.15841700257388,34.268112809631624],[133.158359509891,34.26804240140184],[133.1582875403362,34.26792894790911],[133.15821094193757,34.267859784515665],[133.15820495592845,34.2677809569511],[133.15825197813663,34.267711727966265],[133.1582138763085,34.267653875360274],[133.15819413300483,34.267608351622094],[133.15818480912054,34.26760842339488],[133.15808331870736,34.267609204586684],[133.15791554600622,34.26761049582181],[133.1578459850484,34.26761103111874],[133.15781561017593,34.26761126484436]]]},"properties":{"classLabel":"土砂災害警戒区域","phenomenon":"急傾斜の崩壊","name":"掛浦","areaCode":"352-Ⅱ-12(1)","address":"岩城","noticeDate":"2021-01-29"}},{"type":"Feature","id":163,"geometry":{"type":"Polygon","coordinates":[[[133.15611964166953,34.24964267789268],[133.1561035030471,34.24957169039009],[133.15601698852018,34.24961316938852],[133.15583271203428,34.24970151959788],[133.15579031422521,34.24972184690586],[133.15573904603812,34.24974012130246],[133.15572323701798,34.24974715880495],[133.15571294256304,34.24975174144779],[133.15568212883554,34.24976932766622],[133.15563309268853,34.249797313849704],[133.1556761608974,34.24985667414138],[133.1557866271246,34.24993809585387],[133.1558805141373,34.24997751669344],[133.1559114359638,34.249986028787454],[133.1559621845774,34.24998882232429],[133.1560029681123,34.24999108451037],[133.15601979895362,34.24999070375557],[133.15603112165817,34.24999044759044],[133.1561098475332,34.24998723869085],[133.1562227589663,34.24998263627456],[133.15625732720235,34.24998122719148],[133.15617521779086,34.249902773474496],[133.15621562983654,34.24974763085028],[133.15611964166953,34.24964267789268]]]},"properties":{"classLabel":"土砂災害警戒区域","phenomenon":"急傾斜の崩壊","name":"海原","areaCode":"352-Ⅱ-13(1)","address":"岩城","noticeDate":"2021-01-29"}},{"type":"Feature","id":164,"geometry":{"type":"Polygon","coordinates":[[[133.16393789004553,34.26218293545673],[133.16410418157852,34.2621010080608],[133.1642715082282,34.262131835584476],[133.16429290227268,34.262043445491855],[133.16430316414406,34.262001048217286],[133.16431763307267,34.26194126928562],[133.16437457403475,34.26195813075583],[133.1644554491264,34.261977437169335],[133.16447232226847,34.261973237760586],[133.1644847522727,34.261969957591596],[133.16449412312636,34.26196513050229],[133.1644989726642,34.26196263240564],[133.16450386789992,34.26195822809526],[133.1645161135365,34.261938059526344],[133.16454850582926,34.26188470944412],[133.1645649939949,34.26185755341217],[133.16447432855782,34.26179591218031],[133.16434445549444,34.26164081311523],[133.16410997331775,34.2616484077875],[133.1639491303505,34.26164697457109],[133.16387791541035,34.261635424404176],[133.16384211979306,34.26160848414489],[133.16380908028606,34.261468833093716],[133.16372018274,34.26152792160417],[133.16366666833315,34.26156349153653],[133.1636183335955,34.261595618600296],[133.16361762650342,34.26159608859293],[133.16357771275378,34.26159149950542],[133.16351190232965,34.26158393291577],[133.1634997736619,34.261643343936015],[133.1633966391845,34.261600166538436],[133.16335566542955,34.26158409595617],[133.16331404526142,34.261562075480676],[133.16324986963622,34.26156958902986],[133.1631028367716,34.261443670646955],[133.163004151464,34.261350004015114],[133.1629084276604,34.26125869685866],[133.16287253453703,34.261276741637936],[133.16281554199105,34.26130539384265],[133.16278117072187,34.261322673491044],[133.16268828491252,34.261369370342834],[133.1627850903531,34.2615034889508],[133.1628862008273,34.26160367680162],[133.1630267956456,34.26174898109724],[133.16305297636214,34.261805931835205],[133.16312415500218,34.26186526121831],[133.16325304436876,34.261906152130464],[133.16341736928968,34.26191124809377],[133.16355924832652,34.261996318561515],[133.1637576147809,34.26205520190544],[133.16393789004553,34.26218293545673]]]},"properties":{"classLabel":"土砂災害警戒区域","phenomenon":"急傾斜の崩壊","name":"船越","areaCode":"352-Ⅱ-14(1)","address":"岩城","noticeDate":"2021-01-29"}},{"type":"Feature","id":165,"geometry":{"type":"Polygon","coordinates":[[[133.1604290500774,34.26464086312876],[133.1604306053724,34.264620093590175],[133.160431271626,34.26461119660349],[133.1604250699578,34.26458499581903],[133.16039995863437,34.26453459679132],[133.16029786912884,34.26438296939278],[133.16025417085177,34.26435031734495],[133.1602693971607,34.264264433830796],[133.16031682882232,34.26416663630326],[133.16030414244105,34.26414424514137],[133.16058321823516,34.263879156562325],[133.16072133024525,34.263768013858254],[133.160722682759,34.26374738486355],[133.1607335212506,34.26371879960876],[133.16074086625534,34.263698274556766],[133.16069356614807,34.26369028434094],[133.16063504141385,34.26367815719329],[133.16056122614813,34.263662861609596],[133.16041100181044,34.26363888187656],[133.16024712330565,34.263612244132425],[133.15998298644857,34.26357149257093],[133.15955586741447,34.26350559448549],[133.1594491802759,34.2634891339868],[133.1592504401994,34.26370267546239],[133.15928512386057,34.26393372312319],[133.15931533229013,34.263996106487575],[133.15933065342898,34.26415154173829],[133.1594738805124,34.26426867273543],[133.1595939915024,34.264603593132236],[133.1598413797738,34.26463745472327],[133.1599806462845,34.26463614032776],[133.16010179256335,34.26477301014818],[133.1603908836958,34.264746161865524],[133.16042217570984,34.26465982911251],[133.1604290500774,34.26464086312876]]]},"properties":{"classLabel":"土砂災害警戒区域","phenomenon":"急傾斜の崩壊","name":"暮坂","areaCode":"352-Ⅱ-15(1)","address":"岩城","noticeDate":"2021-01-29"}},{"type":"Feature","id":166,"geometry":{"type":"Polygon","coordinates":[[[133.1596716093926,34.26919102021646],[133.1596487061678,34.2691343556447],[133.15964089846742,34.269115038694785],[133.15963999433936,34.269112801847726],[133.15963632221306,34.26910471803561],[133.159635176335,34.26909775328256],[133.15962366574357,34.26902779136383],[133.15962296306222,34.26902352043247],[133.15954613744495,34.26903183742364],[133.15934151309625,34.26905523337886],[133.15931278962503,34.26905822920128],[133.15928224948902,34.26905237744133],[133.15926190335708,34.269045016183924],[133.15924063106547,34.26903765234815],[133.15917780862407,34.26899864744819],[133.1591596196188,34.26898572453301],[133.15913215284303,34.269257486856624],[133.1591917195044,34.26946517871252],[133.1594253538072,34.269599761823955],[133.15957043462566,34.269616108200864],[133.15964394484013,34.2697237662623],[133.1597577585342,34.26986875613121],[133.16008195352723,34.27001877632905],[133.16024340474874,34.26989842322409],[133.16033805050668,34.26982788829084],[133.16044195640572,34.26975008025139],[133.16049631860372,34.26971325083318],[133.16059430141107,34.269760233810146],[133.16068854156023,34.26980559547683],[133.16071147407774,34.26978734589704],[133.1604812141656,34.2696746980801],[133.16035725380232,34.26961405382608],[133.1603231482343,34.269597368590674],[133.16027784941588,34.269576482311734],[133.16026306781998,34.2695672143415],[133.16024414318977,34.26955178359881],[133.16022478334003,34.26952943138136],[133.16019544384494,34.2694949782152],[133.16018376214154,34.2694812604406],[133.16015424744492,34.26944660149042],[133.1601630563912,34.26943095751092],[133.1601404085861,34.26942967350738],[133.16002668027815,34.26938206980576],[133.15996705237336,34.269354607900375],[133.1599148090754,34.269333317778816],[133.15982326256548,34.269297309164735],[133.15969838036162,34.2692596700985],[133.15967166159845,34.269191028985595],[133.1596716093926,34.26919102021646]]]},"properties":{"classLabel":"土砂災害警戒区域","phenomenon":"急傾斜の崩壊","name":"浜田","areaCode":"352-Ⅱ-16(1)","address":"岩城","noticeDate":"2021-01-29"}},{"type":"Feature","id":167,"geometry":{"type":"Polygon","coordinates":[[[133.145912228035,34.27724812289086],[133.14588595810613,34.27724272711087],[133.14585554892224,34.27738434784666],[133.14577783624915,34.27766139382247],[133.14590158937168,34.27763731168918],[133.14613016315903,34.27759283130701],[133.1461753647424,34.27758403505184],[133.14624540102866,34.27757298018444],[133.14641464406225,34.277552225568535],[133.14651344296874,34.277540109574005],[133.1465220848289,34.27753904980096],[133.14652155932797,34.27744153787923],[133.14653481890662,34.277375999889614],[133.1464293914418,34.277354345864936],[133.14617778072537,34.27730266647902],[133.145912228035,34.27724812289086]]]},"properties":{"classLabel":"土砂災害警戒区域","phenomenon":"急傾斜の崩壊","name":"小漕2","areaCode":"352-Ⅱ-17(1)","address":"岩城","noticeDate":"2021-01-29"}},{"type":"Feature","id":168,"geometry":{"type":"Polygon","coordinates":[[[133.13381618428156,34.26201194813793],[133.13372112994347,34.26196836259021],[133.1336260141426,34.262037581754925],[133.13337903023626,34.26224912223384],[133.1334786722243,34.262398187216505],[133.13354379705302,34.2625215584729],[133.1336364935988,34.26242972537324],[133.13371454175171,34.262352404013534],[133.13378293012272,34.26228465231664],[133.13382970609226,34.26222904511397],[133.13385375537035,34.262200455362006],[133.13389056444126,34.262190651941836],[133.1339154662301,34.262188408337735],[133.13394962274495,34.26218319616975],[133.1339815925597,34.26208779306213],[133.13397779371604,34.262086051196086],[133.1338865380503,34.26204420760772],[133.13381618428156,34.26201194813793]]]},"properties":{"classLabel":"土砂災害警戒区域","phenomenon":"急傾斜の崩壊","name":"赤石","areaCode":"352-Ⅱ-18(1)","address":"岩城","noticeDate":"2021-01-29"}},{"type":"Feature","id":169,"geometry":{"type":"MultiPolygon","coordinates":[[[[133.14833290729268,34.24836410045016],[133.1481712664942,34.24828510544496],[133.14809297233091,34.24828082558332],[133.14807080566462,34.24814588706959],[133.1478591709637,34.24808156833872],[133.1477380954065,34.24805311548057],[133.1476504412552,34.24803816289883],[133.14765174778515,34.24805290008966],[133.1476584126405,34.24812807689062],[133.1476631166864,34.24818113660394],[133.14766798021031,34.2482359951242],[133.14767108809724,34.248271050592976],[133.14771142695585,34.24827306546139],[133.14777534964205,34.248298795666855],[133.14781783011165,34.24828693450083],[133.14785948475523,34.24852644090992],[133.14808154789753,34.24855217698431],[133.1482195561972,34.24852971199196],[133.14822821598432,34.24852641204873],[133.1482866213281,34.248504155711785],[133.1482923896754,34.24849892479089],[133.14829874292616,34.24847778406628],[133.1483066193204,34.24845157502409],[133.14832297398178,34.2483971540633],[133.14833290729268,34.24836410045016]]],[[[133.14749208260315,34.24857305849128],[133.14742566391692,34.24854189410044],[133.14736518719002,34.24863073752971],[133.14735328288876,34.24866267716288],[133.14744375415253,34.24869397614354],[133.14745350322104,34.24869734888304],[133.14746147134812,34.24870010548353],[133.14747245537157,34.24870595101608],[133.14747413387462,34.24870684430384],[133.14750073983245,34.24872334776056],[133.14755951881776,34.24875980781206],[133.14757615019917,34.24874152734755],[133.1475935874984,34.24871057946607],[133.1475994742127,34.248623447676614],[133.14759061698894,34.2486192917913],[133.1475391226301,34.24859513012938],[133.14752018797137,34.248586245797625],[133.14749208260315,34.24857305849128]]],[[[133.1500215657104,34.24956921410009],[133.15011262446677,34.249121896034964],[133.1501368002148,34.24908903050228],[133.15012112601667,34.24905019973898],[133.15015089025175,34.24902946965413],[133.15059774433757,34.24904094409736],[133.15070135865403,34.248973598913],[133.15032811697452,34.24881822538971],[133.1502160710957,34.248771582440476],[133.15013244056016,34.248736768272295],[133.14997218674785,34.24867539484834],[133.14985346287864,34.248647276040984],[133.14975445173275,34.2486260803804],[133.14970672586412,34.24861559587278],[133.14960444166385,34.24859312585262],[133.14963028866381,34.24856881506441],[133.14954081329705,34.24819567762425],[133.14953689796783,34.248181000438905],[133.14939328811639,34.248005320050304],[133.14936731283072,34.24796860695307],[133.14938954411105,34.24792606070238],[133.14941664941404,34.24788784137652],[133.1494768886716,34.247771261264596],[133.14948419005117,34.24774582615235],[133.14959109851046,34.24758908817298],[133.14960953367188,34.24751148740842],[133.14928531337273,34.247417289851114],[133.1491788112143,34.24743479447113],[133.14913511541337,34.24744197628592],[133.1490645653879,34.247453571779296],[133.14902702244862,34.247459742247116],[133.1490215826761,34.247459438740236],[133.14892537066098,34.24745407059688],[133.1488846280732,34.24742879398265],[133.14884175168967,34.24740550174357],[133.14881951894043,34.247448164518815],[133.1487621631796,34.24744496428347],[133.14880321537746,34.247479449660624],[133.14874785908842,34.24758567340795],[133.1486798223854,34.247818145096424],[133.1487398699044,34.24792500670899],[133.14862391219967,34.24805666598429],[133.1484805931948,34.248175979616164],[133.1484741267786,34.248296562559325],[133.14846711179604,34.248413432598184],[133.14866075982985,34.24843976811258],[133.14870396319793,34.24859416481818],[133.1487665459839,34.24874753720629],[133.14877762851208,34.248852992954816],[133.1487664338744,34.24907625933489],[133.14888203963508,34.24933934863753],[133.14899706663465,34.24950998158683],[133.14918978003283,34.24965795295124],[133.14923950656686,34.249650429698846],[133.14929659271328,34.24964179294023],[133.14932868637368,34.24963693735054],[133.14938113488773,34.24962900220369],[133.1494354990022,34.24962077718373],[133.14945754082163,34.24941434055161],[133.14945838356167,34.249414619022446],[133.14949593605286,34.249434052391635],[133.14955516166725,34.249481097568534],[133.14959530049805,34.24951792734996],[133.14961090415824,34.24953224465907],[133.1497953541605,34.249701488043385],[133.14993979664962,34.24961624081037],[133.1500215657104,34.24956921410009]],[[133.14959017965836,34.24860654018996],[133.1496024972375,34.248594954711486],[133.14962896640702,34.24868252935027],[133.14961989916858,34.248705878949586],[133.14954969042967,34.24878593484705],[133.1494873251274,34.24895471872965],[133.14947814019223,34.249107391080486],[133.1494383633668,34.24927251163884],[133.14942166302518,34.249314525306225],[133.14939507720877,34.24924635122605],[133.14940436707613,34.24913865400734],[133.14943995003583,34.2490242102216],[133.14952220230975,34.248800172934814],[133.14954717753807,34.248681667743895],[133.14959017965836,34.24860654018996]]]]},"properties":{"classLabel":"土砂災害警戒区域","phenomenon":"急傾斜の崩壊","name":"高原","areaCode":"352-Ⅱ-19(1)","address":"岩城","noticeDate":"2021-01-29"}},{"type":"Feature","id":170,"geometry":{"type":"Polygon","coordinates":[[[133.27505521297064,34.18941763496212],[133.27483473717137,34.18938230098175],[133.27466639087848,34.189268404009],[133.274512908186,34.189140242068035],[133.2744710603082,34.188985081308964],[133.27443300912083,34.18878527262994],[133.27430946412815,34.188636984938874],[133.27408875460546,34.1885472435569],[133.27383598024565,34.18844257795538],[133.27362979588543,34.18864848481287],[133.27365571779066,34.188808191106126],[133.27373505514578,34.18898311490913],[133.2737610187179,34.189190207188744],[133.2738676888821,34.189348662723525],[133.274089991631,34.18954574391491],[133.2744103853849,34.189789187384925],[133.27445759823763,34.18990258551031],[133.27448426403276,34.18996704811506],[133.27451962798338,34.189934808093554],[133.27455396956086,34.189903481832395],[133.2745574018597,34.189900362823536],[133.27460014164978,34.18986137868722],[133.27462059864246,34.18984273247962],[133.27462993714465,34.18983420609515],[133.2746360633935,34.18982823914146],[133.27464174238474,34.18982266486816],[133.27465887051795,34.18980590437727],[133.27469572890794,34.189769815267454],[133.27470856588107,34.18975724676883],[133.27471358741684,34.18975234477906],[133.27472337494632,34.18974275221545],[133.2747339384221,34.189732442177444],[133.2747354088048,34.18973084059884],[133.27474351871462,34.189722016823254],[133.27475058748496,34.18971432623828],[133.2748103424305,34.18965988289734],[133.27484334176313,34.18962983297196],[133.27485181296854,34.18962211468514],[133.27486139104,34.18961594216809],[133.27486262250278,34.18961514985599],[133.27486440104772,34.18961409369044],[133.2748871661176,34.18960068827863],[133.27490523403537,34.18959005903023],[133.27491865956307,34.18958216064384],[133.27493109917526,34.18957517609678],[133.27498467879056,34.18954511847818],[133.2750568174059,34.18950465191857],[133.27505769285585,34.18950418434782],[133.2751518761169,34.18946093552279],[133.27519646969722,34.189440396204596],[133.27505521297064,34.18941763496212]]]},"properties":{"classLabel":"土砂災害警戒区域","phenomenon":"土石流","name":"取間川","areaCode":"349-2232","address":"魚島","noticeDate":"2021-01-29"}},{"type":"Feature","id":171,"geometry":{"type":"Polygon","coordinates":[[[133.2327405517733,34.27549722425401],[133.23268192449262,34.27563148437614],[133.23256225947733,34.27579349596778],[133.23247389456122,34.27598639261763],[133.2323598799027,34.276153977596806],[133.23219438829472,34.27627076728714],[133.23205778214387,34.276278319210114],[133.23184723380876,34.27632746748482],[133.23166399692144,34.27643156494996],[133.23148686190348,34.27654795369607],[133.23130799052691,34.2766608441565],[133.2311396062189,34.27672283118103],[133.2309354873926,34.27679584504915],[133.2307479525427,34.27674926767922],[133.23049661112324,34.27679198321923],[133.23056420058964,34.27699476188777],[133.23073844301453,34.27696546348131],[133.2309724545157,34.27695260261462],[133.23118638831826,34.27692123777324],[133.2314256655395,34.27689768774526],[133.2316742854006,34.27692517379374],[133.23191082549945,34.2769283465237],[133.23215944519467,34.276955831732884],[133.23235192143161,34.27687030313167],[133.2327242946068,34.27679363875702],[133.23285821848802,34.2766456876615],[133.23300481228782,34.27651024943972],[133.23319093042767,34.27641381308717],[133.23326995228194,34.27621168871942],[133.23335236957493,34.27618007960254],[133.2334860677275,34.27614461598528],[133.23367019558486,34.275951788639546],[133.23342412230346,34.27592137678747],[133.2333137687852,34.27585902615311],[133.23326809100078,34.275794511714786],[133.233244434938,34.27580458599649],[133.2331137780385,34.275696363145286],[133.23296313882204,34.27556936975841],[133.23277505819297,34.27541824293475],[133.2327405517733,34.27549722425401]]]},"properties":{"classLabel":"土砂災害警戒区域","phenomenon":"土石流","name":"大谷川","areaCode":"350-1428","address":"弓削大谷","noticeDate":"2021-01-29"}},{"type":"Feature","id":172,"geometry":{"type":"Polygon","coordinates":[[[133.2233182672413,34.287783835684614],[133.22332831322166,34.28779193947256],[133.22334482522615,34.28780529009453],[133.22335073219094,34.28780999568531],[133.2233643513065,34.28782304185232],[133.22339100793627,34.28784863012731],[133.22341408662842,34.287870746989846],[133.22341846662346,34.28787591463191],[133.22344342628273,34.28790593063822],[133.22345207380988,34.28791635876652],[133.22346731337726,34.2879346594349],[133.22348040778547,34.28795038569267],[133.22352286258362,34.28800183560641],[133.2235327160332,34.28801394225497],[133.22354690402042,34.28803140263808],[133.2235620529817,34.288049982390774],[133.22359054090822,34.28808497788117],[133.22362296143402,34.28812476758918],[133.22362808827313,34.288134796742554],[133.22364237603193,34.288162908010925],[133.22366123310826,34.28820004168907],[133.22379837260394,34.28844729471411],[133.22380373191672,34.288465133169],[133.22380812698137,34.28847942465736],[133.2238201802693,34.28851857255919],[133.22382474377974,34.288536234656284],[133.2238342003617,34.28857368227873],[133.223839183776,34.2885932818071],[133.22384514134535,34.288616830982136],[133.2238493931142,34.28863378481345],[133.22385637586177,34.288659403124214],[133.22392070775626,34.28865723376875],[133.22403426094257,34.28865172588038],[133.224147681004,34.288644573829835],[133.22426093338504,34.28863577979604],[133.2243739835814,34.28862534645829],[133.22448679715043,34.28861327699515],[133.22459933972152,34.288599575083765],[133.22471157700673,34.28858424489874],[133.2248234748112,34.28856729111056],[133.2249349990435,34.28854871888438],[133.2250461157261,34.28852853387862],[133.22515679100576,34.28850674224287],[133.22526699116366,34.288483350616296],[133.22537668262603,34.28845836612547],[133.22537964433468,34.288457645171334],[133.2253316676314,34.288380117062246],[133.22521706303723,34.288194912037454],[133.22510244156237,34.28800970745574],[133.224987838177,34.2878244987113],[133.22487322834374,34.2876392927651],[133.22475861536554,34.28745408417357],[133.22464400657523,34.287268877308534],[133.22452940502154,34.287083671017534],[133.22441478686034,34.28689846055693],[133.22430018622123,34.286713255514],[133.2241855795964,34.286528045464465],[133.22407096951878,34.28634283796869],[133.2240422929741,34.286161141218344],[133.22401447459632,34.2859794674534],[133.2239802075128,34.28579753941173],[133.22395037275578,34.285615793244176],[133.22394487110236,34.2854350336073],[133.2238869496179,34.285252139469094],[133.22384590097855,34.28506992792896],[133.223807536229,34.28488783263282],[133.22379692178896,34.28449055279099],[133.2237476158617,34.28431338758756],[133.22372777934754,34.28413382852464],[133.2237207607872,34.28395321929822],[133.22361864661846,34.283780360982604],[133.2236131396274,34.283599629416805],[133.22353587529673,34.28342474287013],[133.2235100826157,34.283267172758734],[133.22353646576389,34.28308770626628],[133.22323679298208,34.28307175230256],[133.2231597839316,34.28324850797354],[133.22309966054488,34.283460298641394],[133.2231218562284,34.28363967752627],[133.22313577604424,34.283819722276924],[133.2231058887393,34.28400333831162],[133.22312752532244,34.284182758119684],[133.2232144246286,34.28435685907449],[133.22327905707309,34.284532768958734],[133.2233488609562,34.28470826212686],[133.22329066160532,34.284866740289594],[133.22326815438174,34.285046357696885],[133.22324552811747,34.28522596930442],[133.22319387715189,34.28540439402034],[133.22311011380623,34.28558150869195],[133.22297418173002,34.28575648910804],[133.2228382433525,34.28593147526285],[133.22270229858702,34.28610646219652],[133.22256635912154,34.28628144732379],[133.22243043058697,34.28645642652765],[133.22229448398397,34.28663141538844],[133.22215854300984,34.28680639689243],[133.22203395222886,34.286966794902554],[133.22204581296282,34.28698235093595],[133.2221489192532,34.28711746847404],[133.2221883225539,34.28716872573387],[133.2222102137056,34.287197077851054],[133.22225247636993,34.28725202834339],[133.22225640772498,34.28725715777022],[133.2223048517538,34.28732886168616],[133.22231125866105,34.28733840967497],[133.22238453489604,34.2873934885884],[133.22246256680734,34.287421351051634],[133.22247182357148,34.28742467940533],[133.22251669683976,34.287442197766836],[133.22257098547232,34.2874634288559],[133.22260633962622,34.28747725049824],[133.22264373268916,34.287491840167796],[133.2226851444301,34.28750804024585],[133.2227092491192,34.28751736525731],[133.22272974904962,34.28752541827088],[133.22278051688815,34.28754545659905],[133.22286495810093,34.287578828550444],[133.2229399673452,34.28760843648607],[133.22307725787002,34.2876633967024],[133.22309520337112,34.28767056873921],[133.22310308814903,34.287674142988045],[133.22318379510276,34.28771074617082],[133.22318742382905,34.2877124115535],[133.22320124257712,34.28771929495112],[133.22322321354238,34.28773029317398],[133.22325550950646,34.28774639798804],[133.22328791746537,34.287762558906564],[133.2232938804983,34.28776555623653],[133.2233182672413,34.287783835684614]]]},"properties":{"classLabel":"土砂災害警戒区域","phenomenon":"土石流","name":"国道川","areaCode":"350-1429","address":"弓削久司浦","noticeDate":"2021-01-29"}},{"type":"Feature","id":173,"geometry":{"type":"Polygon","coordinates":[[[133.2146652844835,34.283745045010335],[133.2147662148995,34.283774977155495],[133.21487756794485,34.28380619210688],[133.21498956042052,34.283835789082666],[133.21510215820658,34.283863759065675],[133.21521532699893,34.28389009353429],[133.21532903231903,34.2839147844652],[133.21544323952511,34.28393782433598],[133.21555791382212,34.28395920612691],[133.21567302027285,34.2839789233238],[133.21578852380816,34.28399696991928],[133.21590438923806,34.284013340415164],[133.216020581262,34.28402802982381],[133.21613706448008,34.28404103366982],[133.21625380340348,34.28405234799122],[133.2163707624655,34.28406196934094],[133.2164879060323,34.28406989478755],[133.21660519841387,34.284076121916414],[133.2167226038747,34.28408064883025],[133.21684008664485,34.28408347414982],[133.2169576109309,34.28408459701435],[133.2170751409267,34.28408401708161],[133.21719264082432,34.28408173452838],[133.2173100748251,34.284077750049924],[133.21742740715038,34.28407206486023],[133.2175198842468,34.28406623811024],[133.2174796918489,34.28398907372215],[133.21738014702515,34.28379796621574],[133.21728060314683,34.283606855067696],[133.2171810498147,34.283415742024246],[133.21708150654587,34.28322463275791],[133.21699254261662,34.28303453601311],[133.21700207199655,34.28285393310402],[133.21705386793826,34.28267739392942],[133.21707716524645,34.28249811538208],[133.21710312639664,34.282319089575196],[133.21711861424836,34.282139057571584],[133.21708302686918,34.28195410394396],[133.2170492896517,34.281769338381935],[133.21707128788086,34.281589848575635],[133.21703785836854,34.281405111247565],[133.21706752776885,34.28122644400459],[133.2169679373639,34.28103534760533],[133.21710526549023,34.28076432922949],[133.21711883594557,34.28057747796188],[133.21719576544257,34.280408767373025],[133.21725510912358,34.28023502083817],[133.2172824808971,34.280052118558025],[133.2173366073647,34.27987687749063],[133.21739839791456,34.27970383559864],[133.2175103828695,34.27954515337134],[133.21758223452017,34.27946111338881],[133.21766598949822,34.27929015975968],[133.21778437492557,34.2791389130577],[133.21781411387082,34.2789372297033],[133.21791984889433,34.278777548468334],[133.21763236291042,34.27861598837668],[133.21752560969117,34.278773074765354],[133.21740634849357,34.27892382867149],[133.21726664662114,34.279062943377475],[133.21713984390948,34.2792094025776],[133.21698302504487,34.27939418786939],[133.2169326686626,34.27957050672926],[133.21678362899232,34.27971857476977],[133.21659424795712,34.27985509699294],[133.2165328617041,34.28002826055207],[133.21642896502908,34.28018925092447],[133.21637118450369,34.28036344598357],[133.2163624523121,34.280551685433316],[133.21640694109627,34.28079988480448],[133.216257366669,34.28096702250313],[133.2161315655581,34.281136441655576],[133.2161761647599,34.28132225299905],[133.2161156106525,34.281497950634325],[133.216093656701,34.28167729214168],[133.2160422780273,34.28185386554191],[133.2159246514413,34.282024062998346],[133.21581996709887,34.28219550001079],[133.21573884039867,34.28236921148653],[133.2155892301196,34.28253632689247],[133.21550937377106,34.282710162437255],[133.21543568956227,34.282884587810095],[133.2152860673561,34.283051694485096],[133.21513644306862,34.28321881161341],[133.21498683054298,34.283385922970396],[133.2148372057993,34.28355303449273],[133.21468758088946,34.28372014276879],[133.2146652844835,34.283745045010335]]]},"properties":{"classLabel":"土砂災害警戒区域","phenomenon":"土石流","name":"沢津川","areaCode":"350-1430","address":"弓削沢津","noticeDate":"2021-01-29"}},{"type":"Feature","id":174,"geometry":{"type":"Polygon","coordinates":[[[133.21040413458164,34.27517758209525],[133.2104572709241,34.275177322702085],[133.210533069399,34.27517585415166],[133.21060882545186,34.275173287607316],[133.2106845160037,34.27516962385099],[133.21076011799548,34.27516486399877],[133.21083560839526,34.2751590095008],[133.21091096420488,34.275152062140535],[133.2109861624675,34.275144024034525],[133.21106118027396,34.2751348976315],[133.21113599477044,34.275124685711795],[133.21121058316484,34.2751133913865],[133.21128492273397,34.275101018096315],[133.21135899083072,34.275087569610704],[133.2114327648903,34.275073050026755],[133.2115062224379,34.27505746376775],[133.21157934109507,34.27504081558205],[133.2116520985865,34.27502311054142],[133.21172447274714,34.275004354039595],[133.21179644152866,34.274984551790745],[133.21186798300627,34.27496370982745],[133.21193907538537,34.27494183449922],[133.2120096970084,34.27491893247012],[133.21207982636105,34.2748950107173],[133.21214944207915,34.27487007652831],[133.21221852295506,34.27484413749922],[133.212287047944,34.27481720153222],[133.2123549961709,34.2747892768332],[133.21242234693605,34.274760371909274],[133.21248907972222,34.27473049556609],[133.21255464502653,34.27469822241512],[133.21263037868266,34.27466037988263],[133.21269665353125,34.2746249291062],[133.2127621993085,34.274590080079086],[133.21283357304839,34.27455162370694],[133.21289402381836,34.274518573152896],[133.21295884862258,34.27448191184772],[133.21302659147207,34.274442239869295],[133.2130863253772,34.27440617006932],[133.2131387916654,34.27436947973467],[133.2131897998868,34.27433399295358],[133.2132459152327,34.27429308665193],[133.21330641277268,34.27424615563232],[133.21337346722277,34.274195015457224],[133.21344490382464,34.27413785054772],[133.21343175036276,34.27412109168362],[133.21342945487234,34.2741180405557],[133.21342161829924,34.27410769682042],[133.2134092926907,34.27409133593283],[133.21338986477704,34.27405913556754],[133.21336019816445,34.27400480827248],[133.21330910659677,34.27391099626934],[133.21219408180204,34.2732622686068],[133.21198869536525,34.273142773920696],[133.21178330756297,34.273023275419305],[133.21157792460795,34.27290378208568],[133.2114793061932,34.272742999479426],[133.21142307868118,34.27256582586101],[133.21128688408797,34.27241957049864],[133.2111701555392,34.27226579418734],[133.21098244406247,34.27214480772458],[133.21082997849905,34.271999853482896],[133.21068582282126,34.271856586523285],[133.21064723252593,34.27169096271359],[133.2106626019743,34.27148197830853],[133.2103800737917,34.27160194007452],[133.21044498150522,34.27174278033648],[133.21052299976196,34.271919263914704],[133.2105688200824,34.272100379787325],[133.2106372255137,34.27226993854991],[133.21069300809103,34.27245029848903],[133.2106710371754,34.27265770698852],[133.21064906604656,34.27286511529508],[133.2106270971764,34.27307252781487],[133.21060512645468,34.27327993722201],[133.21058316538145,34.27348734378208],[133.21056119519673,34.27369475452135],[133.21053922568342,34.27390216664461],[133.21051725368727,34.27410957453023],[133.2104952914982,34.2743169798513],[133.2104733216499,34.274524391940055],[133.21045135022212,34.27473180140122],[133.2104293766519,34.27493920723125],[133.21040741490705,34.27514661409384],[133.21040413458164,34.27517758209525]]]},"properties":{"classLabel":"土砂災害警戒区域","phenomenon":"土石流","name":"間山川","areaCode":"350-1434","address":"弓削上弓削","noticeDate":"2021-01-29"}},{"type":"Feature","id":175,"geometry":{"type":"Polygon","coordinates":[[[133.21937302264274,34.26510389764843],[133.21921313305796,34.26501986193418],[133.2190160952864,34.26489692238642],[133.21893420757385,34.26484552310777],[133.21888331439882,34.26480737478432],[133.21883704932094,34.264778744958726],[133.21882766579856,34.264774264555236],[133.21867577598096,34.26512249540655],[133.21859963176544,34.26525552960215],[133.21849183100744,34.26544353851689],[133.2183894072596,34.26558208581131],[133.2182581999302,34.26575955168086],[133.21812889070452,34.26595674901757],[133.21795136531475,34.266060650515804],[133.21777423751217,34.26616502308934],[133.21760157801225,34.26623656452218],[133.21742373357233,34.26629469270328],[133.2172187927592,34.266365486216614],[133.21724871830403,34.26650522387783],[133.2174796755527,34.266547525010395],[133.21773150275908,34.266497741098426],[133.21795036907986,34.266377743246075],[133.2181411489782,34.26628985649576],[133.21839116095597,34.26627350074322],[133.21859820280065,34.26628049627913],[133.21884883606688,34.26628606946194],[133.21919730850442,34.266293917262104],[133.2194472558763,34.26627730983954],[133.2198217815344,34.266252495203155],[133.2214952704758,34.26600523501485],[133.22126040075034,34.2659047697886],[133.22115752740888,34.265869651633885],[133.22089396850933,34.26579928343348],[133.22090075348996,34.265753660955035],[133.22086779905365,34.26568801417424],[133.22079619149122,34.265703850582774],[133.22070498114053,34.265724494591325],[133.22062689075648,34.265742283280446],[133.22053329534447,34.265767642889514],[133.22040455087205,34.26572236706537],[133.22031497301364,34.26567927877991],[133.22028012696254,34.265660314601675],[133.22008334904552,34.265553376871225],[133.2198129523164,34.265402075207405],[133.21980444395905,34.26539562972725],[133.2197226074374,34.26533446090494],[133.21965674167345,34.265286049474426],[133.2195682120806,34.265212931183314],[133.21951969035533,34.2651740016898],[133.21941603029742,34.2650908817593],[133.21937302264274,34.26510389764843]]]},"properties":{"classLabel":"土砂災害警戒区域","phenomenon":"土石流","name":"西狩尾川","areaCode":"350-2233","address":"弓削狩尾","noticeDate":"2021-01-29"}},{"type":"Feature","id":176,"geometry":{"type":"Polygon","coordinates":[[[133.22883555857092,34.269252179924976],[133.22869454592606,34.2692462885183],[133.2284777741721,34.26923505223548],[133.22825421676902,34.26931553939328],[133.22803265323742,34.269369172303975],[133.22781171642305,34.26941428773944],[133.22759333414194,34.2694248328227],[133.22737502115646,34.26943432915898],[133.22715609215885,34.26945229082805],[133.22693678941746,34.26947531520972],[133.22671849896003,34.269484615878014],[133.22650041577631,34.269491047415414],[133.22628336301858,34.269483616089495],[133.22606871583113,34.26944370996953],[133.22586016298123,34.269321283160714],[133.22563569076246,34.26941413706699],[133.22541083646146,34.26950715750074],[133.22539184451713,34.26976324951564],[133.22560483606605,34.26983126463848],[133.22582082267587,34.26985309722236],[133.2260324877017,34.26993338873662],[133.22625002027056,34.26993438482262],[133.2264591192647,34.27004934609315],[133.226670872303,34.27012850452886],[133.22687997327608,34.27024346045313],[133.22709920548954,34.27022140263662],[133.22731895936175,34.27019244028258],[133.2275339666711,34.270227572365684],[133.22774809118113,34.27027465997371],[133.22796066922862,34.270342577034775],[133.2281750246002,34.27038653848113],[133.22838679470502,34.27046542832007],[133.2285977834023,34.270554974699465],[133.2286796273476,34.27059997030239],[133.2288593059621,34.270713132386106],[133.2290079785744,34.27068276007095],[133.22900046388042,34.270618056087585],[133.22891410439144,34.26994610095408],[133.22891189829323,34.2699254421755],[133.22884977861725,34.26935163431628],[133.22883555857092,34.269252179924976]]]},"properties":{"classLabel":"土砂災害警戒区域","phenomenon":"土石流","name":"西大谷川","areaCode":"350-2234","address":"弓削大谷","noticeDate":"2021-01-29"}},{"type":"Feature","id":177,"geometry":{"type":"Polygon","coordinates":[[[133.2326750590003,34.27570596795979],[133.2326193354274,34.275825790749785],[133.23255354565697,34.27590866840954],[133.23247851673634,34.27596795278843],[133.23237099333883,34.27604673594032],[133.2322940457046,34.27609094780187],[133.23216445878677,34.27616317076778],[133.2320979791156,34.27620884863145],[133.23198632843796,34.276283584756456],[133.23198150194116,34.27629137462086],[133.23196989915786,34.27630829024501],[133.23196029289596,34.27632218628343],[133.23194359107308,34.27634146180522],[133.23194105805538,34.276343964769765],[133.2319247412078,34.27635932373953],[133.2319073884041,34.27637502407166],[133.23188700224068,34.276394360251786],[133.23187179614877,34.276411886518545],[133.2318656889172,34.276418883225226],[133.23182169127483,34.2764955540779],[133.23180557392757,34.27652359183768],[133.2318414931249,34.27732005785991],[133.23182922472563,34.27751862082118],[133.23183860802067,34.27772686904588],[133.23207589794868,34.27783100193063],[133.23220968809488,34.277685545438075],[133.23236720594974,34.27755070574193],[133.2324230238264,34.2773712505149],[133.23255680132692,34.27722598690395],[133.23263604618253,34.277056808549446],[133.23278188544734,34.27691684524146],[133.23291444681482,34.27677105419947],[133.2330658761046,34.27663354239082],[133.23324848738434,34.276509707202855],[133.23334403042918,34.27634768230321],[133.233459965121,34.276194593579476],[133.23359347738443,34.276087588789025],[133.2336270861439,34.27606394799656],[133.23372007013904,34.2759551331756],[133.23364969193753,34.2759493489883],[133.2334241959402,34.275921394001756],[133.2333137869754,34.275859016740526],[133.23326807387167,34.27579453801344],[133.23326227093915,34.27579698234412],[133.23324693439497,34.27580351231256],[133.23324442666052,34.275804580700566],[133.23323602228655,34.275797625358756],[133.23311378382158,34.275696383287624],[133.2330948317856,34.275680388950725],[133.23305617911143,34.275647878895825],[133.2330308974907,34.27562661535711],[133.23301303165118,34.27561157694931],[133.2329926164475,34.27559441106393],[133.23298740428058,34.27559002700519],[133.23298349252113,34.27558675398903],[133.23297526693278,34.27557972599715],[133.23296312452237,34.275569390613825],[133.23271753537543,34.27538695423659],[133.2327129820895,34.275426169771386],[133.23271441128097,34.2754389044126],[133.23271909128465,34.27547736691498],[133.2327209462512,34.27549290307623],[133.23272330657176,34.27551225464232],[133.23272536247416,34.27552969839302],[133.23272618348304,34.275538411226265],[133.23272954563208,34.27557474034216],[133.23273010545694,34.27559077409104],[133.2326750590003,34.27570596795979]]]},"properties":{"classLabel":"土砂災害警戒区域","phenomenon":"土石流","name":"東川","areaCode":"350-2235","address":"弓削大谷","noticeDate":"2021-01-29"}},{"type":"Feature","id":178,"geometry":{"type":"Polygon","coordinates":[[[133.23240886459166,34.276340315088376],[133.23258454049574,34.276485447913444],[133.23276180955176,34.276632746458745],[133.23293906601404,34.27678004268016],[133.2331163403732,34.27692734298785],[133.233293611813,34.27707464240297],[133.2334502582453,34.27722651203587],[133.23356412539218,34.27738807023833],[133.23387391697406,34.277319299239075],[133.23382779033014,34.27714270431041],[133.23379356564317,34.27696364601641],[133.2337366428547,34.276789630130594],[133.23368722658796,34.276613948197046],[133.233660219184,34.276433297433435],[133.23367027388076,34.27624441313186],[133.2337607479027,34.2759658253773],[133.2336497145035,34.2759493636944],[133.23342412255133,34.275921373263344],[133.2333137515558,34.27585901252273],[133.23326805155364,34.275794520344036],[133.23324442239556,34.275804586792404],[133.23296357610764,34.27556977968639],[133.23271748989657,34.275386546796696],[133.2326996873042,34.27557061481878],[133.23268520580766,34.27569258139703],[133.23257657906382,34.27595395019879],[133.23240886459166,34.276340315088376]]]},"properties":{"classLabel":"土砂災害警戒区域","phenomenon":"土石流","name":"東大谷川","areaCode":"350-2236","address":"弓削大谷","noticeDate":"2021-01-29"}},{"type":"Feature","id":179,"geometry":{"type":"Polygon","coordinates":[[[133.17163906487968,34.26610871275018],[133.1716736190469,34.26611258381987],[133.1717564439797,34.26612064330923],[133.17183942573112,34.266127501414324],[133.17192253902067,34.26613315604579],[133.1720057585277,34.26613760548095],[133.1720890588992,34.266140848364174],[133.1721724147575,34.2661428837076],[133.17225580070806,34.26614371089104],[133.17233919134708,34.2661433296625],[133.17242256126946,34.26614174013812],[133.17250588507625,34.2661389428021],[133.17258913738272,34.26613493850666],[133.1726722928258,34.26612972847169],[133.172755326072,34.266123314284364],[133.17283821182517,34.26611569789888],[133.17292092483385,34.26610688163545],[133.17300343989947,34.26609686817999],[133.17308573188367,34.266085660583066],[133.17316777571622,34.26607326225913],[133.17323652285992,34.266061840703344],[133.17318824246027,34.26598744832099],[133.17306928734166,34.26580414851764],[133.17295033919441,34.26562085133373],[133.1728313807099,34.265437558409396],[133.1727124336565,34.26525425912048],[133.1725987642909,34.26508378314255],[133.17249194180638,34.264897296124076],[133.1724551896994,34.26471460702615],[133.172540389246,34.26469152668136],[133.17276128687305,34.26464646056881],[133.1729209182177,34.26451707932446],[133.17304211650944,34.264334794668976],[133.1731998496983,34.2642028033267],[133.17340826070432,34.264140563242115],[133.1736002297976,34.264055688129105],[133.17384574342077,34.26404451100938],[133.17396694341727,34.263862235099374],[133.17414418440606,34.26375709634356],[133.17434973977348,34.26366827874965],[133.17456392292544,34.26370416866683],[133.1746360004381,34.26351045261462],[133.17446538070945,34.263357618661956],[133.17428037365067,34.2632439688602],[133.17382862066583,34.2633227675449],[133.17367167917314,34.263455852606604],[133.1734797435597,34.263540778590155],[133.1732391722397,34.26355875325807],[133.17298844648053,34.26356274559676],[133.17273771804764,34.263566744593234],[133.17255509643442,34.263664485689745],[133.1723569251467,34.263740814498966],[133.17224934875125,34.26394184128485],[133.1721168499427,34.2641085768316],[133.1717197379227,34.264494063686556],[133.17165313743402,34.26467115814479],[133.17171836455225,34.26485539022384],[133.17168010858353,34.26503401480677],[133.17165000982547,34.265228307425375],[133.17162476283792,34.265408083250925],[133.1716154585284,34.26558824987365],[133.17164084636352,34.26576926259648],[133.17165388555202,34.26594997658525],[133.17163906487968,34.26610871275018]]]},"properties":{"classLabel":"土砂災害警戒区域","phenomenon":"土石流","name":"深山尻川","areaCode":"351-2237","address":"生名","noticeDate":"2021-01-29"}},{"type":"Feature","id":180,"geometry":{"type":"Polygon","coordinates":[[[133.16466328809975,34.25915111940813],[133.16452856411166,34.25919123141287],[133.16435901599462,34.258956871155746],[133.16412296905253,34.259027147968936],[133.1638869269478,34.25909742511106],[133.16365087579987,34.25916770049306],[133.1634148291878,34.25923797615859],[133.16317878467132,34.259308251740435],[133.16294273993424,34.25937852688992],[133.1627297443585,34.25934319863604],[133.16253040955104,34.25924528023087],[133.1623306273871,34.259149453097606],[133.1621408359173,34.25900787546198],[133.1619276673952,34.25897334594295],[133.16169161751057,34.25904361792393],[133.16145557102126,34.259113890016856],[133.1612195257827,34.25918416189887],[133.16100470279994,34.25915718973635],[133.16079024614766,34.25912858203959],[133.16058614855174,34.25905250689717],[133.16040126111454,34.25888845247964],[133.1601652108272,34.25895872160682],[133.15992916590437,34.259028991142344],[133.15969311488234,34.25909925936066],[133.1594570655167,34.259169527429144],[133.15922101266972,34.25923979457445],[133.1590264816443,34.25911991884865],[133.15880320269596,34.25913171565854],[133.15857909907803,34.25914725188614],[133.15836007189688,34.25921514153632],[133.15818001631013,34.25917738292518],[133.15805045336097,34.25904200127134],[133.1580309214734,34.25897763810748],[133.15777377353984,34.258799349592444],[133.1576163436443,34.25867269787343],[133.15737893303293,34.2583872275412],[133.1569656108497,34.2583681945877],[133.1568025344108,34.25843240033872],[133.15659465198164,34.25849903766209],[133.15638361797087,34.25854740029214],[133.15616094081227,34.258562401803545],[133.1559527709182,34.258600425288],[133.15574454564032,34.258636844990164],[133.1555297604883,34.25866528649542],[133.15531176199352,34.25866964884793],[133.1553324120284,34.25883479780655],[133.15554309474092,34.25877190086461],[133.15575501130584,34.258720569724844],[133.15598469358318,34.25874819588118],[133.1562146941094,34.25874925763717],[133.15684462816353,34.25867631679016],[133.15691359599273,34.258779059449594],[133.1577293160162,34.25905242755783],[133.15788020985153,34.259231200566006],[133.15806295513443,34.259343742623194],[133.15829028821486,34.25940756497384],[133.15849967520788,34.259510961307356],[133.15869955561914,34.25960634983589],[133.15889087635605,34.259740953097165],[133.15908219265157,34.2598755553001],[133.15927350730058,34.2600101568654],[133.15946482532692,34.26014475854936],[133.16050006601506,34.26045758099107],[133.16071128120595,34.26050108994053],[133.1609284127944,34.26051746613235],[133.16114952776908,34.26051559618325],[133.16136901657796,34.26052122855287],[133.16157553014534,34.26058622700572],[133.16177278790633,34.26069363417511],[133.1619975373789,34.260675135530555],[133.16220898960088,34.26071754038193],[133.16240031170253,34.26085213717025],[133.16317313802494,34.26139563611195],[133.1632569165519,34.26145460198666],[133.1632839516947,34.26146870306524],[133.1633208310504,34.26147974780634],[133.1633541044411,34.26148668832075],[133.16337375579496,34.26148987620804],[133.1634017756645,34.26149366836387],[133.16342681388647,34.26149709849679],[133.16344682910898,34.26150064120094],[133.1634875499021,34.26151018002728],[133.1635091225161,34.2615201212004],[133.16354895519854,34.261538654945745],[133.16358593192726,34.26155584134275],[133.16363026162784,34.26157640928639],[133.16364536204827,34.261583476765495],[133.1636499283787,34.26159867868831],[133.16359971991835,34.26166319059964],[133.16359976922644,34.2616660971911],[133.163700825929,34.26173577560925],[133.16374900171954,34.26176899082748],[133.16379398994857,34.261800049033596],[133.16386817212094,34.261792316592334],[133.16395684910464,34.26178320852693],[133.1640019547968,34.261784747494225],[133.16402201220848,34.2617853584906],[133.16402705523177,34.26177255863284],[133.16403517284942,34.2617520587748],[133.16405724864217,34.2616967196981],[133.1640849198425,34.261627444961185],[133.16412135312416,34.26152867474093],[133.16416443113152,34.261412332334366],[133.16418003161974,34.261370168275114],[133.16419631300613,34.261325175443126],[133.16421983136908,34.26125912430623],[133.16424003859743,34.26120151316405],[133.16428430115525,34.261078931817565],[133.1643304242502,34.26094259106219],[133.1643736743284,34.26080560270608],[133.16441403822847,34.26066800848024],[133.16445150366835,34.260529850300124],[133.1644860592493,34.26039117025276],[133.1645176944589,34.26025201058395],[133.16454639967475,34.26011241368539],[133.16457216616706,34.259972422081766],[133.16459498610135,34.259832078417794],[133.16461485254075,34.259691425445226],[133.1646317594484,34.259550506009816],[133.1646457016889,34.25940936303826],[133.16465667503007,34.25926803952524],[133.16466328809975,34.25915111940813]]]},"properties":{"classLabel":"土砂災害警戒区域","phenomenon":"土石流","name":"船越川左支川","areaCode":"352-1453","address":"岩城","noticeDate":"2021-01-29"}},{"type":"Feature","id":181,"geometry":{"type":"Polygon","coordinates":[[[133.16465852235066,34.2591379721015],[133.1645128090158,34.25918132635066],[133.16434051971112,34.258959752712116],[133.1641044586274,34.259029988172735],[133.1638683965347,34.25910022308213],[133.16363232738394,34.259170455250015],[133.16339626024956,34.25924068860144],[133.163160198595,34.25931091428587],[133.16292413059992,34.25938114670931],[133.16271321007403,34.25933634439861],[133.16251374520442,34.25923913464449],[133.16231437388157,34.25914150203908],[133.1621264958985,34.25899127964126],[133.16189871063844,34.25902360494487],[133.16166264524296,34.25909383536598],[133.16142657349369,34.25916406443043],[133.1611946651383,34.25921529001409],[133.16098755647843,34.259153063587654],[133.16077508022224,34.25911538057119],[133.16056816711833,34.25905221945044],[133.16038442910627,34.258883070688476],[133.16014836425154,34.25895329030421],[133.15991229262735,34.25902352340889],[133.1596762290852,34.25909375051771],[133.15944016126346,34.25916396848875],[133.15920409402062,34.25923419424148],[133.15901266320594,34.25910022062876],[133.1587846468239,34.25913361119093],[133.1585601027506,34.25915114793278],[133.158342147476,34.25921441990023],[133.15816894859128,34.259170240254186],[133.15804237523608,34.25902601176031],[133.15797920716346,34.258971577580134],[133.1577615507281,34.25879056901879],[133.15760283620932,34.25866547637475],[133.1573166625489,34.258419874943854],[133.15701787240232,34.25824497016081],[133.15694371685274,34.25814363994835],[133.1567757641021,34.257973910398164],[133.1566959703411,34.25787573992257],[133.15658625303735,34.25764206687159],[133.1562825013436,34.257705344806254],[133.1560745617192,34.257659855314714],[133.15594547150314,34.25762548284359],[133.1558392722846,34.25749197787942],[133.15570880979595,34.25731598941952],[133.1554416429042,34.25728815965319],[133.1552542482791,34.25723140107588],[133.15505374475524,34.25714941322301],[133.15489151521177,34.25704973479363],[133.15471095825225,34.256949161015356],[133.1545332138042,34.25715933568442],[133.15466921760728,34.25731258038479],[133.154922624368,34.25739342586855],[133.155097804808,34.257459430510146],[133.15532217455106,34.2576077567241],[133.15574925201435,34.25776032537882],[133.15604648087225,34.2579329365644],[133.15630291863113,34.25805389981212],[133.15678451554695,34.25834981099219],[133.15691934809686,34.25856179810117],[133.15697592338407,34.258707318434595],[133.1577250730154,34.25904271522265],[133.15787375310563,34.2592144501359],[133.15804468594285,34.259336989997266],[133.15827312795886,34.25940314777044],[133.15848634838233,34.25948843863832],[133.15868337913204,34.25959681012863],[133.15887524182682,34.25972878745402],[133.15906651767045,34.25986343333522],[133.15925780402128,34.2599980668598],[133.1594490815892,34.26013270861942],[133.1604793914709,34.26046790173151],[133.16069376889416,34.26049690676749],[133.16091295604423,34.26050389187583],[133.16113259084145,34.260508869727694],[133.1613501065151,34.26052352460388],[133.16155972222913,34.260574313358546],[133.16175581833372,34.26068692462632],[133.16198019302828,34.260670218096685],[133.16219290375244,34.26070684842189],[133.16238418845398,34.26084148574734],[133.1631424560321,34.26137524576417],[133.16317834800518,34.261400481981106],[133.16325018696554,34.261451092779744],[133.16328394449772,34.26146878873834],[133.16332111402724,34.26147985828967],[133.16335377742266,34.26148660681203],[133.16337257996025,34.26148972288555],[133.16342666453502,34.261497060154916],[133.16344624271147,34.26150052395996],[133.16348750462046,34.261510072479496],[133.16364528738134,34.261583432767864],[133.16364990958095,34.261598689864755],[133.16359971530636,34.26166321631275],[133.1635998425009,34.261666119811],[133.16372947108906,34.26175552844632],[133.16379400857736,34.26180008218758],[133.16393220877143,34.261785784139235],[133.1639572225666,34.261783179976895],[133.16399312717388,34.261784407406914],[133.16401725530096,34.26173235510517],[133.16405879219218,34.26164311647038],[133.16411039863155,34.26153390594068],[133.16412138320106,34.261507162552725],[133.16416409398394,34.26140179848746],[133.16420147202325,34.26129757183967],[133.16422139721874,34.261241637112846],[133.16427559433708,34.26107157417486],[133.16428343127754,34.26104840806667],[133.16433340928506,34.26089011043174],[133.16438005212564,34.26073111267636],[133.1644233456092,34.26057146323663],[133.164463276566,34.26041121074692],[133.16449983285102,34.2602504040251],[133.1645330033474,34.260089092057434],[133.16456277796988,34.25992732398409],[133.1645891476679,34.25976514908365],[133.16461210442813,34.25960261675845],[133.16463164127725,34.25943977651943],[133.16464775228363,34.25927667797102],[133.16465852235066,34.2591379721015]]]},"properties":{"classLabel":"土砂災害警戒区域","phenomenon":"土石流","name":"船越川","areaCode":"352-1454","address":"岩城","noticeDate":"2021-01-29"}},{"type":"Feature","id":182,"geometry":{"type":"Polygon","coordinates":[[[133.15358187495943,34.26927791980429],[133.15360771895715,34.269280438403534],[133.1537095620659,34.26928887024889],[133.15381150950557,34.26929582119924],[133.15383212604675,34.26911658513361],[133.15384871436828,34.26893679871046],[133.15386244202512,34.2687568007001],[133.1538629337951,34.26856610799637],[133.15383211330123,34.268387613420444],[133.15384489459672,34.26822551232906],[133.15392592261387,34.268050999664794],[133.1538778047011,34.26786582337574],[133.15386051228177,34.2676831871225],[133.15387796209828,34.26750342425094],[133.15399321163358,34.267357476499335],[133.15403891090673,34.26717954199854],[133.15407789278476,34.266980542639935],[133.1541165020467,34.26679553266289],[133.15413698359876,34.2666122060322],[133.15403728971452,34.26642788798501],[133.1539675819319,34.2662565522941],[133.1539391797496,34.26607649682121],[133.15392815312384,34.26593199852459],[133.1539344485271,34.265751424276665],[133.15394681584434,34.265571303760055],[133.1540482017911,34.26543060111927],[133.15414204327513,34.2652667446011],[133.15434100703672,34.26513304243459],[133.15429341095924,34.264928616979205],[133.15437722715492,34.264739950973336],[133.15443038873028,34.26451147541445],[133.15401827644416,34.264538014903685],[133.15394376960757,34.26466601124025],[133.15392957042158,34.26482425856422],[133.15387772930677,34.265000160957214],[133.15372447051354,34.26514697883229],[133.15359417717295,34.26530038110264],[133.15368666288708,34.26555179645471],[133.15354224717174,34.26572201019494],[133.15341680284968,34.265893651514396],[133.1533952462995,34.26619128938139],[133.1534648870746,34.26636263769486],[133.1535744143095,34.26652557486868],[133.1535805691972,34.26666372107966],[133.15358088311828,34.26684512403775],[133.15355632267193,34.26702882964856],[133.15371477654077,34.26727478284269],[133.15376257858472,34.267493899009295],[133.1537114309727,34.267670880614034],[133.15370390393937,34.26785146424367],[133.1537071232967,34.268032931896165],[133.1536804679455,34.268211933238014],[133.15349155002676,34.26843038715119],[133.15335422992067,34.26872131439452],[133.1529640088653,34.26918738173693],[133.15302442709836,34.269197696547145],[133.15316819983667,34.26922162860139],[133.153228651291,34.269230697272505],[133.1533078038359,34.26924275363153],[133.15338050780719,34.26925376684582],[133.1534734116846,34.269264883714904],[133.15358187495943,34.26927791980429]]]},"properties":{"classLabel":"土砂災害警戒区域","phenomenon":"土石流","name":"長江川","areaCode":"352-1455","address":"岩城","noticeDate":"2021-01-29"}},{"type":"Feature","id":183,"geometry":{"type":"Polygon","coordinates":[[[133.14620364822687,34.27108346281947],[133.14634283547517,34.27112483431931],[133.1464828713815,34.271164182711345],[133.14657277358486,34.27118800055719],[133.1465566559066,34.27104369568421],[133.1465334982113,34.270836375439444],[133.14651034965368,34.27062905917078],[133.1464871921068,34.270421739030716],[133.1465027682456,34.27022920744597],[133.1465863234009,34.27006263933049],[133.14667143322887,34.269992944841846],[133.14671011449215,34.26992113006983],[133.14673839399612,34.26986773271769],[133.1467733499355,34.26977429203462],[133.1467965403195,34.269703364273845],[133.14682546646384,34.26960263903271],[133.14684080192953,34.26953150228891],[133.1468572923139,34.26945254269393],[133.146869865944,34.269451460896775],[133.14690508054503,34.26945715247834],[133.1470124747825,34.2694850397804],[133.1470238856997,34.269493644170105],[133.14703077422433,34.26951024804832],[133.1470428242277,34.269527053127874],[133.1470927552456,34.26960974443238],[133.14711727073106,34.26965136828734],[133.14713886766032,34.26969317007206],[133.14715181082647,34.269711095737094],[133.14716700001856,34.269728655191564],[133.1472166294594,34.26977612778474],[133.1472680413019,34.26982677322513],[133.14730625363475,34.26986713209719],[133.14738023749476,34.26994113463234],[133.1473885225871,34.26994581690671],[133.14748121501913,34.27000086677737],[133.14758062311049,34.270060221651235],[133.1476011118416,34.27007183348944],[133.1477512871344,34.27014819772881],[133.14784793466015,34.270196830044824],[133.14791467948604,34.27023074889157],[133.14783964490582,34.269547486807575],[133.14781621013128,34.26934018998765],[133.1477927766553,34.269132891006315],[133.14776935119156,34.26892559802563],[133.14774568961005,34.26871885983132],[133.1477224468261,34.26851154144235],[133.14769922053512,34.26830422822045],[133.1476759860206,34.26809691555925],[133.14778557809421,34.26794029007973],[133.14776233490045,34.267732972591766],[133.147913894644,34.267591834260045],[133.14803841318437,34.26744163111698],[133.14816119784336,34.26727651585691],[133.14817999730556,34.26707383450774],[133.14822918380113,34.26690403578397],[133.14822348258193,34.26671175260097],[133.14820305296553,34.26652070803282],[133.14830866569943,34.26636254141354],[133.14850303430333,34.26627755406555],[133.14856264471265,34.2660939473479],[133.1486646061403,34.265933706695705],[133.1487516102867,34.265765210796275],[133.14886893047947,34.26551743684212],[133.14884391101185,34.26533811770875],[133.14879330110608,34.26511553266678],[133.1486978310366,34.26495349161857],[133.14861091677508,34.26478821986441],[133.14843162884344,34.26468404023484],[133.14835739729855,34.26451113306235],[133.14820943709364,34.26453083909268],[133.14823191396877,34.264710648413725],[133.14827230793531,34.264915742786926],[133.1483554189819,34.26508243442907],[133.14847635402631,34.26523488855007],[133.14853326295525,34.26538051336343],[133.14854944959362,34.26556103828653],[133.14852202228852,34.26563855568062],[133.14834374807265,34.265756700296],[133.14811911514528,34.26584926698599],[133.1478944790086,34.26594183665831],[133.14778890244523,34.26616472558421],[133.147711613864,34.266550608555036],[133.14758001067995,34.26687441521225],[133.14747344512296,34.26703268361791],[133.14744211242717,34.26721388393755],[133.14723746891258,34.26733424252654],[133.1470328367288,34.267454604063126],[133.14682820159544,34.267574967133875],[133.14662355586262,34.26769532553537],[133.14641892341808,34.2678156833485],[133.14632895009044,34.267868827133704],[133.14639135554387,34.26792006368697],[133.14646890380266,34.2679998535353],[133.14648924367094,34.268073701878535],[133.1465031784525,34.26812274884868],[133.1465232994962,34.268141626973126],[133.14654564071552,34.2682199531789],[133.14657907703835,34.2683286843954],[133.14658019366172,34.268437322410215],[133.14658324517347,34.26867360722342],[133.14658344460517,34.2687332358132],[133.14657719122167,34.26883309470459],[133.14656177918383,34.26897615749231],[133.1465482172243,34.2691061819826],[133.14654260757078,34.26915945833956],[133.14653314486972,34.26924850038946],[133.1465256562073,34.26932170944078],[133.14652293323513,34.269328782413645],[133.14652210774796,34.269418781057595],[133.14651720168848,34.26951845748263],[133.14651598589288,34.269540814478574],[133.14649089733842,34.269743477336284],[133.1464860669946,34.269771414030934],[133.1464751998434,34.269847408390426],[133.14646850138925,34.269892669083745],[133.146451701256,34.26993827331197],[133.14642897578958,34.270005289257206],[133.14640668436155,34.27007584686217],[133.1463905855805,34.270114744953766],[133.14637869746417,34.270166512479406],[133.14634256540694,34.27032628579679],[133.14633455291914,34.27036371651244],[133.1463279222203,34.270392766027534],[133.14629933590692,34.27046572783007],[133.14628572231888,34.27050071998979],[133.146238646866,34.27059375286363],[133.1461951983926,34.2706782246637],[133.14615081144592,34.27077238328637],[133.14612340876454,34.27083062779898],[133.14611144231458,34.270901028813185],[133.14610064102985,34.27096118462881],[133.14609236566824,34.271007745101265],[133.1460861415748,34.27104685799738],[133.14620364822687,34.27108346281947]]]},"properties":{"classLabel":"土砂災害警戒区域","phenomenon":"土石流","name":"小漕川","areaCode":"352-1459","address":"岩城","noticeDate":"2021-01-29"}},{"type":"Feature","id":184,"geometry":{"type":"Polygon","coordinates":[[[133.13290227843623,34.26282025920379],[133.13274568041308,34.26281596411376],[133.1327490273306,34.26282514765023],[133.13277379151248,34.262901467990844],[133.13280218047456,34.262986926594806],[133.13283146544592,34.26307063615004],[133.1328613084923,34.26315370199653],[133.13289865924702,34.26324674749475],[133.13292457536815,34.26331357505651],[133.13295578474782,34.26338890050029],[133.13299227779825,34.26347493649843],[133.13303494609858,34.26357094814675],[133.13307631400411,34.263659580201995],[133.13311988685234,34.263751906684185],[133.13316435935153,34.26384165435287],[133.13322074622383,34.26394950808298],[133.1332824361353,34.26406364698314],[133.13333533070957,34.264157476409935],[133.13339088405942,34.264252788902],[133.1334658565394,34.2643769246059],[133.13352585355597,34.26447188153839],[133.1336088152407,34.26459751617511],[133.13367987547394,34.26470209448806],[133.13377965729327,34.26484142428815],[133.1339059688229,34.26500886084235],[133.1339885800738,34.26511310468792],[133.13409860621763,34.26524619548275],[133.1341511987735,34.26530757063991],[133.1342371962691,34.26539928576181],[133.13434378302856,34.26550618239667],[133.13444574202907,34.26560476749331],[133.13450790974463,34.265660454898516],[133.13457339775917,34.26571873365996],[133.13466818392095,34.265794132932655],[133.13469044353027,34.265776128856665],[133.1347085803716,34.26576136239952],[133.13472804547519,34.265747591005415],[133.13475285682813,34.26573012464958],[133.13477365855542,34.2657154122218],[133.13477950640925,34.26571128082554],[133.13480164496409,34.265695581269036],[133.1348293526487,34.265676003018406],[133.134855828822,34.26566515666652],[133.13487136433736,34.265661307664935],[133.13489805051302,34.26565968153259],[133.13491062288833,34.265660548746105],[133.1349381400908,34.26566577063566],[133.13494462602523,34.2656681640011],[133.13497237603517,34.265683758629805],[133.13499345156183,34.265695622485794],[133.13501374588859,34.26570838292321],[133.13504157134355,34.265725798632516],[133.1350714453891,34.26574455727729],[133.13509763721785,34.26576097700263],[133.13512798194054,34.26578003667197],[133.13515392453454,34.26579631734933],[133.1351726406815,34.26580810500433],[133.1360598190961,34.26460820925412],[133.1361861452092,34.26442834785062],[133.13631247078206,34.264248486308176],[133.1364387978411,34.26406862366519],[133.13656511599808,34.26388876485164],[133.13672534019315,34.26375813442583],[133.1369008632313,34.26364973382699],[133.13705143060457,34.26350508660523],[133.13720292301704,34.26336178001863],[133.1373763983758,34.26325041403403],[133.1375631846186,34.26315836534771],[133.13774142266266,34.26305391356523],[133.13794166513475,34.26298141606392],[133.13811934169433,34.26287614559255],[133.13827428431316,34.26273786489192],[133.1385466288485,34.2624042155971],[133.13869064606732,34.262258633732515],[133.1388872572443,34.26213119177196],[133.1390378929693,34.26198789615438],[133.13900542191388,34.26178144570762],[133.13897294337278,34.261574989028404],[133.13894046677186,34.261368528764905],[133.13898470049776,34.26124065791842],[133.1391028521515,34.26108842304635],[133.1392211938658,34.260936309601334],[133.1393499137636,34.260804775312444],[133.13947789045184,34.26065716939884],[133.13973784930977,34.26061268796436],[133.13987376286892,34.26047128577409],[133.1400024159427,34.26032420406724],[133.1401746055409,34.2602111450238],[133.14031267647232,34.260071427405144],[133.14045349206893,34.25993385537615],[133.14054233869862,34.259755672872984],[133.14066204104805,34.25961579291243],[133.14079911233694,34.25947070550853],[133.14059168626875,34.25926599641633],[133.14043456970796,34.2593913016619],[133.14032512958246,34.259585952227326],[133.1400849984707,34.25964592568939],[133.1398750174482,34.25972945822323],[133.13963488062885,34.259789420400345],[133.13939474018983,34.25984938843283],[133.13915485835759,34.259909556533515],[133.13907903317823,34.26009790889458],[133.13905141402387,34.26032393467002],[133.13884448664794,34.26040984776362],[133.138659870644,34.260570155301345],[133.13852947891974,34.260714407349596],[133.1384341806686,34.26088154660377],[133.1382262486516,34.26112219013779],[133.13815898715606,34.26129424357166],[133.13811938720016,34.26147583811488],[133.13806720599854,34.2616530895233],[133.13795521426096,34.26180971504178],[133.1378320363024,34.26196248981693],[133.13768695428664,34.26210770245308],[133.1376566743468,34.26220414275683],[133.13748811567905,34.262322651530425],[133.13732588711366,34.26245035874147],[133.1371384516823,34.262541451755965],[133.13694963581446,34.26263054535597],[133.1367550594739,34.26271127691802],[133.1365488955355,34.26277515873096],[133.13633405667778,34.26282645793524],[133.1361257327133,34.26288721780846],[133.1358749660158,34.26288631505063],[133.13562419326024,34.26288541465968],[133.1353734212718,34.26288451339648],[133.13512264993625,34.26288361131519],[133.13487187212476,34.26288271179905],[133.13462110429546,34.2628818130405],[133.13440017948506,34.2628615003127],[133.1341495495055,34.262854603212645],[133.13389890619823,34.262847701487765],[133.13364827464932,34.262840797899344],[133.1333976311951,34.26283389525558],[133.13314700124528,34.26282699617459],[133.13290227843623,34.26282025920379]]]},"properties":{"classLabel":"土砂災害警戒区域","phenomenon":"土石流","name":"赤石川","areaCode":"352-1460-1","address":"岩城","noticeDate":"2021-01-29"}},{"type":"Feature","id":185,"geometry":{"type":"Polygon","coordinates":[[[133.13292004364578,34.26282137279297],[133.132745822524,34.26281602824317],[133.1327630380002,34.26286901470155],[133.13280922467357,34.263007020775284],[133.13282912034256,34.263063702258364],[133.13286061599854,34.263151758037125],[133.13286877433217,34.26317219268673],[133.1329163090593,34.2632920310786],[133.13292493520115,34.26331431062818],[133.13295648424506,34.26339012041159],[133.13300201350398,34.263497048240005],[133.1330304444974,34.263560470860554],[133.1330727080113,34.26365250918009],[133.1331160863736,34.26374349739069],[133.13316765245523,34.2638482046828],[133.13319879700222,34.263907685019106],[133.13324347585012,34.263991434740554],[133.1332935122631,34.26408323287919],[133.13335552569282,34.26419271177959],[133.13339677566694,34.26426262491417],[133.1334459065139,34.264343885977205],[133.13349756589744,34.264427261440815],[133.13353663341084,34.26448847720163],[133.1336040729408,34.26459033482548],[133.13367672414566,34.26469734345911],[133.13372259741908,34.264761871468046],[133.13378755230298,34.26485160711659],[133.13384494931563,34.26492867899109],[133.13390929059685,34.26501367230511],[133.13398311606963,34.265106067917216],[133.13405000891694,34.26518790848509],[133.13411643863742,34.26526685070063],[133.13415147003764,34.26530803904058],[133.13423672269164,34.26539875678106],[133.13431189061623,34.26547430131717],[133.13435563555973,34.26551775413359],[133.1344462947545,34.265605327565126],[133.13447899870928,34.265634657781085],[133.13457442872607,34.26571934841184],[133.134616313425,34.26575291968198],[133.13466811751442,34.26579412495189],[133.13470918101143,34.265760866776695],[133.13476936314098,34.265718431586485],[133.13479345857237,34.26570132095238],[133.13482933287474,34.265676043466584],[133.1348558113453,34.26566511400737],[133.1348713987634,34.26566128579534],[133.1348983164633,34.26565973645459],[133.13491061269988,34.265660533526145],[133.13493789352117,34.26566579304989],[133.13494451319437,34.26566809410031],[133.13499311450218,34.26569532516292],[133.13504431148982,34.26572748872043],[133.13512452178216,34.26577784445822],[133.1351768498215,34.265810717454606],[133.13578016970658,34.26500591511183],[133.13606008692292,34.26460742326841],[133.1361864128772,34.26442756193915],[133.13631273471358,34.26424770216886],[133.1364390608907,34.26406783994323],[133.13656538137406,34.26388796803326],[133.13672588919314,34.26375776717181],[133.1369013809233,34.2636493099272],[133.137051890298,34.263504574934686],[133.13720341464725,34.26336132015181],[133.13737707337592,34.26325020957338],[133.13756375650235,34.26315801995424],[133.13774202769397,34.26305362004235],[133.13794249785386,34.26298145242316],[133.1381198494774,34.26287571263375],[133.13827495816884,34.26273766138321],[133.13854706499004,34.26240373481136],[133.13869104645048,34.26225813962572],[133.13888794745847,34.26213080270258],[133.13903792397403,34.2619872763549],[133.13900544500598,34.26178082023594],[133.13897296530766,34.261574365870096],[133.13894048685736,34.261367909303246],[133.13898501207495,34.26124012025273],[133.13910326323264,34.261087950473524],[133.13922155900408,34.26093581461907],[133.13935097517253,34.26080336370159],[133.13947635228556,34.26065403928549],[133.13988053310345,34.260404914272705],[133.13980521256613,34.2602279112033],[133.1396675291805,34.26005389628308],[133.1397722692484,34.259868264296784],[133.13963458657412,34.259694250253666],[133.13952302221364,34.259518815766974],[133.13916510295337,34.25953595296762],[133.13917669919383,34.259716190860544],[133.13907086197727,34.25990187585681],[133.13905509172213,34.26008325261834],[133.13894243201446,34.26026926008804],[133.13884052595486,34.26041168295032],[133.13866030884384,34.2605696997557],[133.13852989271436,34.26071393854387],[133.13843455855417,34.26088105548321],[133.13822624702897,34.26112155898589],[133.1381572123366,34.26129299701362],[133.13811887676144,34.261475027728245],[133.13806751985229,34.26165256637695],[133.1379556129055,34.261809224918096],[133.137832456261,34.26196199739682],[133.13768750663823,34.26210725892653],[133.13765722445612,34.26220377025103],[133.13748831855628,34.26232178042863],[133.13732643211054,34.26244998817065],[133.13713914710655,34.2625412953857],[133.1369501727473,34.26263014944308],[133.13675571132075,34.262711047104446],[133.13654959533469,34.26277501537587],[133.1363347938794,34.26282635653384],[133.13612697023578,34.26288783224697],[133.13587619903637,34.26288693162729],[133.1356254262542,34.26288603725384],[133.13537465549328,34.26288513540967],[133.13512388183486,34.262884234432384],[133.13487310770756,34.26288333316941],[133.13462233857604,34.26288242902736],[133.13440138581998,34.262862151547026],[133.1341507515558,34.26285525634817],[133.13390011232977,34.26284835281533],[133.13364948180225,34.262841454975856],[133.1333988452445,34.26283455931795],[133.13314820742588,34.2628276536853],[133.13292004364578,34.26282137279297]]]},"properties":{"classLabel":"土砂災害警戒区域","phenomenon":"土石流","name":"赤石川","areaCode":"352-1460-2","address":"岩城","noticeDate":"2021-01-29"}},{"type":"Feature","id":186,"geometry":{"type":"Polygon","coordinates":[[[133.13276177229008,34.2632412219648],[133.13277151659784,34.26326364520626],[133.13277394452646,34.26328296948274],[133.13277752027045,34.26331296428589],[133.13277721909412,34.263315937860035],[133.13277131846812,34.26335660554943],[133.13274838289527,34.263403718182445],[133.1327337164179,34.263433692517125],[133.1328155966326,34.26346637950502],[133.13293267340288,34.26351110227102],[133.1330506725528,34.26355412166296],[133.13316955813295,34.26359542457412],[133.13328929392372,34.26363499842071],[133.1334098434462,34.263672831145755],[133.13353116997354,34.26370891122261],[133.13365323654196,34.263743227658665],[133.13377600596195,34.26377576999873],[133.13380101578142,34.263782002125254],[133.13379468200932,34.26368163515758],[133.13378157402184,34.263473715307306],[133.1337684677609,34.26326579273341],[133.1337553543726,34.26305786930523],[133.1337422490225,34.2628499454257],[133.13372914260196,34.262642023379684],[133.13371602181505,34.26243409308857],[133.13370291398422,34.26222617351863],[133.1337996279816,34.262064715821424],[133.13383928559813,34.26187912219309],[133.1340516955119,34.26176661266593],[133.13419750407644,34.26162592892899],[133.13419856095575,34.26142399644764],[133.1342248602735,34.26123274634995],[133.13422005325182,34.26102833957214],[133.13424114483243,34.2608307142769],[133.1343255719331,34.26066458063794],[133.13442961698019,34.26055860517843],[133.13460216322738,34.26044340532772],[133.13478985067002,34.26029857278547],[133.1350127761377,34.26018582033839],[133.13510385400372,34.26011274955664],[133.13517210793034,34.25987053433319],[133.13516546784,34.25962514659451],[133.1350395990748,34.25947565535392],[133.13509393742783,34.259353989377864],[133.13518775763058,34.25927830567042],[133.13536221930573,34.25917033759378],[133.13570951056204,34.25921803286331],[133.13607213653955,34.25917224849434],[133.13624419903275,34.2590849269417],[133.13642950407254,34.25898949315606],[133.13664394192364,34.25886070501326],[133.13634298299297,34.258498451333985],[133.13622768926038,34.258655480409494],[133.1360457989464,34.25875656083475],[133.13584524127128,34.25883407750488],[133.13568326239292,34.25888555231848],[133.13543231390963,34.25886868052674],[133.1352436562936,34.259019337760556],[133.13507395265282,34.259133365654556],[133.13493410381403,34.259313227400305],[133.1349183990886,34.259525350642654],[133.13498661885703,34.25969847707808],[133.1349863328815,34.25980403758809],[133.1348950068185,34.25992761000926],[133.1346980074435,34.26006420920256],[133.13460484016605,34.260227094644065],[133.1345171467549,34.26034263957028],[133.1343278009104,34.26042562868617],[133.13417040546378,34.260609893597945],[133.1340818233912,34.260774556187926],[133.13393533459003,34.260907873536695],[133.13372502404886,34.26102126374206],[133.1335147021906,34.261134648210714],[133.13330437773567,34.26124803562708],[133.13309406255868,34.261361428255114],[133.13288373776223,34.26147481366162],[133.1326734119537,34.261588199434044],[133.132463097631,34.2617015881022],[133.13225277126378,34.26181497221868],[133.13204245271115,34.26192836393096],[133.1319923437989,34.26195542758281],[133.13199642747725,34.26196326921374],[133.13200421373085,34.261971908316404],[133.13202052401834,34.26198997509121],[133.13204134287722,34.262012876102226],[133.13206607521658,34.26204488323481],[133.13208810323601,34.26207380520009],[133.13211070627162,34.262103070781016],[133.1321291321046,34.262127058655096],[133.13214420101068,34.26214652345253],[133.1321695054531,34.262179557962405],[133.13219128974953,34.26220772701077],[133.13225189048904,34.262286612815025],[133.13232739591743,34.26238489449175],[133.13239323764978,34.262470702201966],[133.13243705273132,34.26252724608908],[133.13245473337977,34.26255218898147],[133.13247568746485,34.26258192820068],[133.1325028402402,34.26264450781359],[133.13252942310382,34.26270558137837],[133.13257850977993,34.262818827021405],[133.13261781132482,34.262909615077646],[133.13265597363633,34.26299725428242],[133.13266314847857,34.26301396020519],[133.13270701937395,34.26311460846731],[133.1327337835233,34.26317667401948],[133.13276177229008,34.2632412219648]]]},"properties":{"classLabel":"土砂災害警戒区域","phenomenon":"土石流","name":"地獄谷川","areaCode":"352-1461","address":"岩城","noticeDate":"2021-01-29"}},{"type":"Feature","id":187,"geometry":{"type":"Polygon","coordinates":[[[133.13341461819545,34.24851188649026],[133.13324889393283,34.248220149278524],[133.1332029558304,34.24825011300963],[133.13314638963286,34.248287238470375],[133.13309232528238,34.24832278834563],[133.13307593083857,34.24833440260717],[133.13304426663262,34.24835686624684],[133.13300939672894,34.24838157845124],[133.13297911009667,34.248403138273794],[133.1329367603587,34.24843306608586],[133.13291865094365,34.24844579263579],[133.13290638625156,34.2484553938713],[133.132872462045,34.24848180831466],[133.13284478210534,34.24850346902966],[133.13281217980935,34.2485288863708],[133.13275198221567,34.248575824969734],[133.13275282522474,34.24859473093088],[133.1327543070955,34.24862790950286],[133.13275481994432,34.24863892252324],[133.132754254734,34.24873676706113],[133.13275653325059,34.24875435035657],[133.1327609250142,34.24878884132948],[133.1327616330703,34.248793639149525],[133.13277000895175,34.24889192950934],[133.13277222293564,34.24891791672404],[133.13277456697955,34.248946232337445],[133.1327773564143,34.24896882238209],[133.13278396418548,34.24902238638599],[133.13278951816662,34.24906684471684],[133.13279480232703,34.24910888110948],[133.13279991530467,34.24913869494093],[133.13280348233047,34.249162986760034],[133.1328208862959,34.24922235655882],[133.13282361336073,34.249233492609925],[133.13282876194617,34.249255111954284],[133.13283283039445,34.24928659882193],[133.13283334750324,34.24929663408973],[133.13283417574704,34.24931249031211],[133.13283449212065,34.249336469753025],[133.13283261417783,34.24934929145867],[133.13283053402844,34.249363486084],[133.13282511930717,34.249377321520946],[133.13279611425872,34.24945226637868],[133.13278740951603,34.24947484527315],[133.13278318587624,34.249485541463415],[133.13278058122944,34.249491400244274],[133.1327353716818,34.2495922305664],[133.13272359497284,34.2496185250672],[133.13270343783097,34.249663721171885],[133.13268308118927,34.24970966163799],[133.13265437204527,34.24974226086224],[133.13262821996312,34.24976059704764],[133.13260707393482,34.24973657846787],[133.13241357922743,34.24971683893987],[133.13239665116316,34.24982529667509],[133.1323889816001,34.24987411530282],[133.13237920456322,34.249936942223044],[133.13237234191547,34.24998071148941],[133.13236343049172,34.25003788394164],[133.1323578372898,34.25007339258217],[133.1323428409572,34.25016954093008],[133.1323380260356,34.25020013980456],[133.1321730001345,34.250183558240906],[133.13217052693884,34.25020429337775],[133.1322550466555,34.250212066406746],[133.13241248435435,34.25022652990013],[133.1324536513384,34.25023030830169],[133.13247665097188,34.250234241748174],[133.13247405326234,34.25025139138458],[133.1324711961551,34.2502701698493],[133.1324695793536,34.25028094368238],[133.132467332934,34.250301120782936],[133.13246169390698,34.25034717516857],[133.13245110861195,34.25042180267023],[133.13244186006358,34.250485585657756],[133.1324274262751,34.250568419487315],[133.1324219659533,34.25059915610856],[133.13240474614054,34.2506972998763],[133.1324047148472,34.250717390495865],[133.13240473930045,34.25075689687333],[133.13240470052224,34.25077226161303],[133.1323962047892,34.250836978053925],[133.13238457720558,34.250925617028805],[133.13238011141968,34.25095973224068],[133.13237187952151,34.25100889837296],[133.13236079804625,34.25107509698003],[133.13235340131115,34.25111916727628],[133.13234899785994,34.251145390724595],[133.132345467348,34.251164283564364],[133.13234000898086,34.25119455458296],[133.13233432298878,34.25122559316117],[133.132332680027,34.251242373173675],[133.13232739821981,34.25126749982249],[133.13485626395882,34.25143611558422],[133.13488982655437,34.25144896359346],[133.13511793508522,34.25153540379437],[133.13534604389403,34.251621841574874],[133.13557415063624,34.25170827597701],[133.1358022637343,34.25179471859057],[133.13603037258355,34.2518811535082],[133.13625849688952,34.251967589391185],[133.1364866073012,34.25205402418969],[133.1367147183264,34.2521404605074],[133.13689313288722,34.25226789045632],[133.1370284365148,34.25238812545297],[133.1371935717735,34.25253131524553],[133.13738171485375,34.252649427347805],[133.13751693131275,34.252753281325866],[133.13758758824193,34.252881678600346],[133.1377823049144,34.25280286756026],[133.13763874403668,34.252652847961606],[133.13747232707837,34.252511940099055],[133.13730075871885,34.25243570552152],[133.1371489343211,34.25232938991475],[133.13711393118257,34.25210770118661],[133.1370373654848,34.25194955889102],[133.1370134594412,34.25174229470735],[133.136926067443,34.25157259719258],[133.13675032751985,34.251455167380605],[133.13668701149192,34.25127122498884],[133.13656719638504,34.251120711448294],[133.13641649461877,34.25098847731977],[133.13628713395522,34.25084360932776],[133.13607374353725,34.25074846345291],[133.13589822195678,34.25049902897979],[133.13579063214232,34.25031096259877],[133.13568304094323,34.25012289408863],[133.13557544898708,34.249934824775515],[133.13493374975374,34.248807843805366],[133.13475203088348,34.2490206281136],[133.1344591763515,34.249055673429474],[133.1342154186304,34.24903156950723],[133.1340132475726,34.24895740805119],[133.13379426226817,34.24890348271381],[133.1335945308126,34.248826376485525],[133.1334869401755,34.24863831607119],[133.13341461819545,34.24851188649026]]]},"properties":{"classLabel":"土砂災害警戒区域","phenomenon":"土石流","name":"三谷川","areaCode":"352-1462","address":"岩城","noticeDate":"2021-01-29"}},{"type":"Feature","id":188,"geometry":{"type":"Polygon","coordinates":[[[133.16012139821495,34.26445714405492],[133.15996912511804,34.264345045387465],[133.15992598724873,34.26412734308156],[133.15985732782767,34.264110184565126],[133.15988189763772,34.26392831090417],[133.15985662197397,34.26374893534418],[133.15971838760404,34.26357521446508],[133.1595801490124,34.26340150427427],[133.15958376756265,34.26322067415938],[133.1596090959799,34.26303876710694],[133.15972679150985,34.26285222504702],[133.15987237620968,34.26266429066006],[133.15979092593548,34.26248773038713],[133.15977579748474,34.26230784487684],[133.15975733426518,34.26212812886756],[133.15964594198118,34.26177260444297],[133.15959867692482,34.26158854634783],[133.15938445585164,34.26148030290967],[133.15917023916268,34.261372064489265],[133.15885205261085,34.26122737332915],[133.1586510222229,34.26115203527538],[133.15844365142323,34.26108440010133],[133.15826389369096,34.26098321585384],[133.15809357715628,34.26087056775915],[133.15791759845732,34.26076479788308],[133.1577263925551,34.26067751793955],[133.1575363217271,34.26058854780303],[133.15737474237764,34.2607848437872],[133.15753308293588,34.26091236863614],[133.15770199871193,34.261026724232046],[133.15787941879006,34.26113074532649],[133.158058100906,34.26123323851873],[133.15822810217884,34.261346269222585],[133.15840738688397,34.26144802734294],[133.15857564277454,34.26156319465631],[133.15863048615168,34.26161717921062],[133.15862469594416,34.26182532597075],[133.15861890096983,34.262033484107604],[133.15861479492628,34.26218523597217],[133.1584627133224,34.262192979043604],[133.15844070052873,34.26237472035762],[133.15855182435365,34.26254979943273],[133.1586582463337,34.26272511184461],[133.15875557274384,34.262900879581814],[133.1589489389784,34.26307183189189],[133.15904786239093,34.26324752158809],[133.15905821039996,34.26342764690049],[133.15899010998794,34.263611696750615],[133.15887802888744,34.263797954189606],[133.15876595060615,34.26398420901746],[133.1586538613154,34.26417046297296],[133.15879493718393,34.264344046841195],[133.15911813952042,34.26478712091676],[133.15926055087482,34.2649237422604],[133.15938093890276,34.265040313241066],[133.15940601351062,34.26502386724083],[133.15948520139327,34.26497003936738],[133.15956324561165,34.2649150722243],[133.15964012239192,34.264858982557236],[133.1597158083159,34.26480178745393],[133.15979028032834,34.26474350433876],[133.159863515744,34.26468415096749],[133.15993549225456,34.26462374542192],[133.1600061879352,34.26456230610437],[133.1600755812516,34.26449985173209],[133.16012139821495,34.26445714405492]]]},"properties":{"classLabel":"土砂災害警戒区域","phenomenon":"土石流","name":"船越上川","areaCode":"352-2238","address":"岩城","noticeDate":"2021-01-29"}},{"type":"Feature","id":189,"geometry":{"type":"Polygon","coordinates":[[[133.15347340071455,34.270291658402925],[133.15346839339102,34.270236397461616],[133.15342844437328,34.270208478341296],[133.15321558270205,34.2700983813908],[133.1530027208492,34.26998828292274],[133.15278984800764,34.269878188226606],[133.15257698848754,34.26976809091902],[133.1523641293279,34.26965799293757],[133.15215126760782,34.2695478897363],[133.15204113037626,34.26939230354214],[133.15194865067377,34.26922889604028],[133.15181655131437,34.269083033837354],[133.15167591927866,34.26894094364993],[133.1515560480728,34.26878966647685],[133.15136733382266,34.268668877379206],[133.15115447697397,34.268558774126674],[133.15098797783799,34.26842672194421],[133.15090023902144,34.268261004334185],[133.150786335927,34.26810722033956],[133.15069507237575,34.26794291079253],[133.15023964185465,34.26815065399543],[133.1502912282361,34.26833306315029],[133.1504590891627,34.26846223383876],[133.15065326771054,34.26857939284736],[133.15064414772684,34.26878476810438],[133.15063572681345,34.26899286136611],[133.15089733908349,34.269081369707685],[133.15111000388572,34.269191557912606],[133.15121739680288,34.26934836510183],[133.151252207193,34.26953731115085],[133.15124378543516,34.26974540093499],[133.151235362484,34.26995349610754],[133.15122694084516,34.270161586204594],[133.1512185200711,34.27036967771128],[133.1512100955974,34.27057776352381],[133.1513740287265,34.27070953957984],[133.15164899876382,34.27079212977797],[133.15167650234403,34.27098431492712],[133.15191750404966,34.27108195251179],[133.15205955981213,34.271194518047615],[133.15210700608972,34.271179157612266],[133.15217364185813,34.271156464574986],[133.15223979038115,34.27113280949026],[133.15230543150741,34.271108199564395],[133.15237054524022,34.27108264229473],[133.15243511174364,34.27105614546698],[133.15249911134842,34.27102871715326],[133.15256252455805,34.27100036570934],[133.1526253320548,34.27097109977223],[133.15268751470555,34.27094092825762],[133.15274905356745,34.27090986035696],[133.15280992989398,34.270877905534746],[133.15287012514045,34.27084507352579],[133.1529296209697,34.27081137433192],[133.15298839925765,34.27077681821938],[133.1530464420992,34.27074141571524],[133.15310373181293,34.27070517760451],[133.15316025094714,34.270668114926686],[133.15321598228496,34.270630238972544],[133.1532709088495,34.27059156128048],[133.15332501390915,34.27055209363317],[133.15337828098262,34.27051184805394],[133.15343069384397,34.27047083680309],[133.15348223652762,34.27042907237411],[133.15350581866198,34.27040907187616],[133.1534910554422,34.27036247386055],[133.15348221788918,34.27032954910483],[133.15347340071455,34.270291658402925]]]},"properties":{"classLabel":"土砂災害警戒区域","phenomenon":"土石流","name":"百山川上川","areaCode":"352-2239","address":"岩城","noticeDate":"2021-01-29"}},{"type":"Feature","id":190,"geometry":{"type":"Polygon","coordinates":[[[133.14844110842918,34.280158558699114],[133.14842225955908,34.28018851474524],[133.14848909116154,34.280209960290364],[133.1485376200762,34.28022547676833],[133.14860051055643,34.28024560050163],[133.1486718750881,34.28026845129612],[133.14872109362454,34.28028423586336],[133.14875548263163,34.28029524800898],[133.1487589104208,34.28029546259134],[133.14878434803572,34.280293979341835],[133.14880893756637,34.28028882849796],[133.14881503674394,34.28028726934443],[133.14885715039492,34.28027360984733],[133.14888245986498,34.280261417394506],[133.14889593016574,34.280254944701475],[133.14891319903768,34.28024256539882],[133.14892012633524,34.28023760963851],[133.1489412027935,34.28021715331993],[133.14895014662744,34.28020773962175],[133.14901485355642,34.28022112158746],[133.14904461316002,34.28022725740275],[133.14914138379714,34.28024732431518],[133.14917973249604,34.28025521488954],[133.14922503102346,34.28026459959924],[133.14926155575853,34.280272162434024],[133.14932381047117,34.280285056038096],[133.14939790052452,34.280299089162575],[133.1494304106249,34.280305202039834],[133.1495025785127,34.28031879961158],[133.1495599578294,34.28032963157658],[133.1496366115789,34.280344081403186],[133.14967166032517,34.280350692892554],[133.14969847675107,34.280355765634326],[133.14974918032883,34.28036444894989],[133.14979902135363,34.28037294549778],[133.14985196841607,34.28038192184261],[133.14994243160777,34.28039735281961],[133.14998739226647,34.280404975368405],[133.15002126055285,34.2804107438806],[133.1500647421682,34.280418136943744],[133.15010086071874,34.280422560460394],[133.1501973086534,34.28043430222705],[133.15025808161786,34.280441724102765],[133.1502972821485,34.28044648396947],[133.1503255112496,34.280449963497155],[133.15039363893615,34.280450465013246],[133.1504461774608,34.28045090154922],[133.15047316188333,34.28045116280007],[133.1504937308043,34.28045193811705],[133.1505094456563,34.28045251763199],[133.15050092681682,34.280571122372756],[133.15049993145212,34.28057863971756],[133.15049237593854,34.28063786753591],[133.15048625933088,34.28068535382405],[133.15047970278746,34.28073618943349],[133.1504699013622,34.28081249878432],[133.1504652899222,34.280848485716454],[133.15046380599682,34.28086026434519],[133.15045882289797,34.28091019233855],[133.15045568851903,34.280941474061194],[133.1504514103485,34.28098904004635],[133.15044694491883,34.28103850415687],[133.15044445305136,34.28106625099161],[133.15041784744392,34.281084938324994],[133.15039513217118,34.28110099351869],[133.1503665208558,34.28110040930354],[133.15032869369674,34.28109966848485],[133.15025803992071,34.2810982196986],[133.15025595694652,34.281124683308356],[133.15025150201012,34.281182412195555],[133.15024669165797,34.281244737803135],[133.1502987006077,34.28124862770903],[133.15040637214716,34.28125679016422],[133.1504618558824,34.2812609318999],[133.15054347823286,34.28126712127005],[133.15062680446047,34.28127340851524],[133.15067500238726,34.281277026795784],[133.1507825618805,34.281285188601174],[133.15088527958414,34.281292889775],[133.15098015094043,34.281300047314694],[133.15106031609483,34.28130615773324],[133.15115433612578,34.28131312657089],[133.15125158358822,34.28132051403641],[133.1513344386297,34.28132689253134],[133.151409716711,34.28133265375874],[133.15150821644158,34.28134022374576],[133.14987313197736,34.27921690420667],[133.1497380356678,34.27904147536234],[133.14960294558597,34.278866045026795],[133.1494678562627,34.27869061819924],[133.14933277264245,34.27851518609809],[133.14919768424488,34.27833975542591],[133.1490625907348,34.27816432587876],[133.14911512911794,34.27798185780418],[133.1492170583108,34.277797532077756],[133.14921354384535,34.2776171677531],[133.14921450085419,34.27758826200014],[133.14931669272298,34.277427314964164],[133.1493427427508,34.277243192836224],[133.14938490629734,34.27706396966838],[133.1494722755104,34.27689851703715],[133.14953437436031,34.27672536519244],[133.14961757273136,34.276558631750724],[133.14968603471866,34.276387419999466],[133.1496976758476,34.276198910849644],[133.14972295743544,34.27601455163831],[133.14976733450217,34.27583600735953],[133.1498048405967,34.27565537323953],[133.14985447642277,34.275478239101176],[133.14958534048543,34.27539633379784],[133.14944073249745,34.27554455109679],[133.14929599730246,34.275692548923374],[133.14916267198313,34.27584401713052],[133.14910514026136,34.276018561060724],[133.14901275617362,34.27618249580884],[133.14896513830317,34.27636005601049],[133.14896929311047,34.27655337197062],[133.1488904263184,34.27672141783688],[133.1488892408892,34.27691311138674],[133.1486967255235,34.27704656599249],[133.14850420711244,34.27718002052483],[133.14854040329672,34.2773830871146],[133.14835646763365,34.27764931468898],[133.14824098895338,34.277834143716646],[133.14837530591976,34.2780096013674],[133.1483678538589,34.27819038147055],[133.14825237455085,34.27837521229005],[133.14813690121366,34.27856003713408],[133.1480214103497,34.278744867985985],[133.14767314246927,34.27930036229004],[133.1480183461454,34.27919770603504],[133.1483004408065,34.27906522905226],[133.14835600120583,34.27903578055784],[133.14836523446172,34.27903089287182],[133.14837497443753,34.27902575069212],[133.14840523289192,34.279009712855384],[133.14843738744318,34.27899740703732],[133.14847121953878,34.2789894878336],[133.1484782724876,34.27898988174741],[133.14850028712658,34.278992872926075],[133.14853669212576,34.27900831367823],[133.14857000528514,34.27903470007991],[133.14865073857078,34.27908226031137],[133.14867355960175,34.279261899870775],[133.14869585747724,34.27944156768099],[133.14870141911655,34.279621850509976],[133.14866276634152,34.27980379751123],[133.14854728155456,34.27998862621457],[133.14844110842918,34.280158558699114]]]},"properties":{"classLabel":"土砂災害警戒区域","phenomenon":"土石流","name":"小漕東川","areaCode":"352-2240","address":"岩城","noticeDate":"2021-01-29"}},{"type":"Feature","id":191,"geometry":{"type":"Polygon","coordinates":[[[133.14658263710402,34.267669839457476],[133.14636355912785,34.267627941192906],[133.14611916964665,34.267581200549785],[133.14598130971572,34.26743953129709],[133.14578836623326,34.26734694244509],[133.14560799427596,34.26724315266953],[133.14549785002458,34.26712181888161],[133.14539453660515,34.26696311956677],[133.1452662718081,34.26679515103366],[133.14510337991985,34.26667522229748],[133.14495871920002,34.266565493949244],[133.14485712512064,34.26640484657604],[133.14476344049726,34.26625827881634],[133.1446907878683,34.26609124877999],[133.1446343536859,34.26591690436645],[133.14458643340643,34.26574029518957],[133.14450239242,34.26557313194909],[133.14438098788622,34.265605528997725],[133.1444539673148,34.26577565004497],[133.14449168953112,34.26595497942602],[133.14452864386516,34.2661345195389],[133.1446305134551,34.266300424395396],[133.1447393365359,34.26647102694425],[133.14485874618865,34.266621659643896],[133.1450156127051,34.26676990519097],[133.14518349157774,34.26688444762076],[133.14528961970183,34.26700676462494],[133.14537681432577,34.26717217815323],[133.1454683101595,34.2673676311887],[133.14561604025104,34.26750051194279],[133.14577158227385,34.26762641714614],[133.145910130219,34.26776747642017],[133.14598356969657,34.26796655962857],[133.1460494182307,34.26814506792218],[133.14610526432472,34.26810504632848],[133.14619426117272,34.26803662476577],[133.14628032744875,34.26796566621503],[133.146363358294,34.26789225713458],[133.14644325254903,34.26781648696815],[133.14651991287695,34.26773844803629],[133.14658263710402,34.267669839457476]]]},"properties":{"classLabel":"土砂災害警戒区域","phenomenon":"土石流","name":"妙見谷川","areaCode":"352-2241","address":"岩城","noticeDate":"2021-01-29"}},{"type":"Feature","id":192,"geometry":{"type":"Polygon","coordinates":[[[133.13731210537532,34.26555563163478],[133.13731323951475,34.26562342143304],[133.137318785936,34.26571771645455],[133.13732829272885,34.26581179332483],[133.13734174832385,34.265905537424985],[133.13735913634045,34.265998834540966],[133.13738043560673,34.26609157100308],[133.13740562018515,34.266183633824326],[133.13743465940425,34.26627491083804],[133.1374675178958,34.26636529083466],[133.13750415563803,34.266454663697075],[133.13754452800396,34.26654292053504],[133.1375885858162,34.26662995381759],[133.1376362754064,34.266715657504264],[133.1376875386809,34.26679992717424],[133.13774231319118,34.26688266015354],[133.13780053221026,34.266963755640276],[133.13786212481364,34.267043114827324],[133.13792701596574,34.26712064102278],[133.1379951266114,34.26719623976784],[133.1380425612874,34.267245227068635],[133.13818207129555,34.26712247826153],[133.13847780437044,34.26717011104036],[133.13887885689385,34.26735298215154],[133.13906019000282,34.26725372620148],[133.13924938116648,34.26716456340369],[133.13936929223365,34.2669864416856],[133.1396118657043,34.266965828248296],[133.1397800593393,34.266849700999515],[133.1398943504572,34.26666437465814],[133.140008644474,34.26647903466355],[133.14012293513255,34.266293707796635],[133.14023722690666,34.26610837994484],[133.14035151942596,34.265923051306935],[133.1405196117171,34.26580680023914],[133.14066895937506,34.265666160060576],[133.1404661475257,34.26540577886569],[133.14022889646515,34.26543353284736],[133.13997842801334,34.2654440155798],[133.1397279687661,34.26545450388259],[133.13947750736946,34.26546499279616],[133.13922704942416,34.26547547931386],[133.13897658461264,34.265485963530644],[133.13872612021686,34.26549645242499],[133.13847566247776,34.26550693720287],[133.1382251897832,34.26551741841141],[133.1379747337807,34.26552790117089],[133.13772426957618,34.265538387790365],[133.13747380313066,34.265548864015116],[133.13731210537532,34.26555563163478]]]},"properties":{"classLabel":"土砂災害警戒区域","phenomenon":"土石流","name":"東上赤石川上川","areaCode":"352-2242","address":"岩城","noticeDate":"2021-01-29"}},{"type":"Feature","id":193,"geometry":{"type":"Polygon","coordinates":[[[133.13780593825857,34.265519885391825],[133.13781286335316,34.265551535169315],[133.13783901328773,34.265643406107834],[133.1378709187263,34.265734014879676],[133.13790849223528,34.26582311312825],[133.1379516308438,34.26591045663636],[133.1380002163263,34.265995805996],[133.13805411552616,34.26607892726423],[133.13811318072047,34.26615959260466],[133.13817725002497,34.26623758091207],[133.13824614762373,34.26631267786625],[133.13831968531952,34.266384679278566],[133.13839766091326,34.26645338613545],[133.1384798608943,34.26651861066008],[133.13856605995753,34.266580174068416],[133.13865602183446,34.26663790761136],[133.13874949994096,34.26669165303737],[133.13884623805322,34.26674126302624],[133.13894597101,34.266786601593104],[133.13904842543954,34.26682754446119],[133.1390806155965,34.2668387256142],[133.13915579427263,34.26667868620231],[133.13924691339642,34.266484715308984],[133.13933803334527,34.26629073033196],[133.13942915576413,34.266096758595964],[133.13952027119944,34.26590277590628],[133.13961139503692,34.26570880251264],[133.13976149068174,34.265575947432374],[133.1398976540953,34.265428666087566],[133.1400212320429,34.26526805452421],[133.13984927743215,34.265089841613836],[133.13960116718863,34.26512134917656],[133.13938842630458,34.26518925912943],[133.13921194158914,34.26529476411754],[133.13900292450708,34.26536653296582],[133.13875622579943,34.26539924501794],[133.13850831755536,34.26543071342553],[133.13826042329356,34.26546218915829],[133.1380125222376,34.26549366398448],[133.13780593825857,34.265519885391825]]]},"properties":{"classLabel":"土砂災害警戒区域","phenomenon":"土石流","name":"東赤石川上川","areaCode":"352-2243","address":"岩城","noticeDate":"2021-01-29"}},{"type":"Feature","id":194,"geometry":{"type":"Polygon","coordinates":[[[133.13611171914334,34.26556768692551],[133.1361430813274,34.265604468575276],[133.1361946880895,34.265662806702785],[133.13624751338384,34.26572038815654],[133.13630154112036,34.265777195395096],[133.13635675484272,34.26583321111282],[133.136413137733,34.265888418245304],[133.13647067261712,34.26594279997429],[133.13652934197,34.265996339733],[133.1365891279207,34.26604902121111],[133.13665001225814,34.266100828359775],[133.13671197643643,34.26615174539637],[133.1367750015808,34.266201756809494],[133.1368390684929,34.26625084736366],[133.1369041576571,34.26629900210367],[133.13697024924622,34.266346206359685],[133.1370373231275,34.26639244575113],[133.13710535886898,34.2664377061915],[133.1371743357454,34.266481973892446],[133.13724423274482,34.26652523536807],[133.1373150285749,34.266567477438954],[133.13738670166927,34.266608687236186],[133.13745923019425,34.2666488522054],[133.13753259205555,34.2666879601105],[133.13760676490475,34.2667259990373],[133.13768172614638,34.26676295739739],[133.1377574529447,34.266798823931424],[133.13783392223064,34.266833587712746],[133.13791111070879,34.266867238150596],[133.13798899486463,34.26689976499347],[133.13806755097156,34.26693115833196],[133.13814675509823,34.26696140860216],[133.1382265831158,34.26699050658826],[133.1383070107052,34.26701844342559],[133.1383880133647,34.26704521060311],[133.1384436710592,34.26706267464063],[133.138472198637,34.26693342485227],[133.13851739761452,34.266728619885676],[133.1385625961844,34.26652382474175],[133.13860779073119,34.2663190236138],[133.138652989038,34.26611421857248],[133.1386981829536,34.2659094272423],[133.13874338081328,34.265704622151155],[133.1387885820596,34.265499828627306],[133.1388337720655,34.2652950252677],[133.13899316527832,34.26517086200079],[133.13911474847822,34.26502000867496],[133.13916290584024,34.264894729343574],[133.13932160543953,34.264733515596454],[133.13948489525094,34.26458236943623],[133.13968648118095,34.26451517695648],[133.13989172357736,34.264456014946376],[133.14008574775193,34.26437224280991],[133.14028594796133,34.26430202843104],[133.14048401079287,34.26422710202496],[133.14067444148282,34.264135470989515],[133.14084662989742,34.26400336953551],[133.14075495866263,34.26380235833437],[133.14054986605666,34.26386236966369],[133.14034219127674,34.26391620138825],[133.14012994983509,34.2639600215338],[133.139914283496,34.26399633036708],[133.13969810788348,34.2640315271776],[133.1394784119268,34.26405900266452],[133.13925069044342,34.26406890286666],[133.13904846636348,34.264134669905914],[133.1388635096461,34.264238330928016],[133.13857551855486,34.26440251103852],[133.13850856760607,34.264591950506606],[133.13837382894513,34.264733515388826],[133.1381898900656,34.264840340269096],[133.13803121022858,34.26496499605271],[133.1378224510984,34.265054292291424],[133.13759339401753,34.26512926100575],[133.13735717885555,34.26519916084148],[133.1371209498477,34.26526906038034],[133.13688471888332,34.26533896099253],[133.13664850189457,34.265408860101864],[133.1364122690987,34.265478760828664],[133.1361760425804,34.26554865175172],[133.13611171914334,34.26556768692551]]]},"properties":{"classLabel":"土砂災害警戒区域","phenomenon":"土石流","name":"東赤石川","areaCode":"352-2244","address":"岩城","noticeDate":"2021-01-29"}},{"type":"Feature","id":195,"geometry":{"type":"Polygon","coordinates":[[[133.13559840935383,34.26486815817514],[133.135605202057,34.264879571683984],[133.13565387158422,34.264957877530996],[133.1357041798362,34.265035466218514],[133.135756111492,34.2651123141103],[133.1358096507355,34.265188397795704],[133.1358647812613,34.26526369409688],[133.13592148627862,34.26533818007573],[133.13597974851723,34.26541183304099],[133.1360395502321,34.26548463055507],[133.13610087320933,34.26555655044102],[133.13616369877116,34.26562757078901],[133.13622800778222,34.265697669963416],[133.13629378065488,34.26576682660898],[133.13636099735552,34.26583501965766],[133.1364296374105,34.265902228334866],[133.1364996799123,34.26596843216584],[133.13657110352614,34.26603361098191],[133.1366438864963,34.26609774492666],[133.13668669152884,34.26613416814661],[133.13674317219073,34.26603964194882],[133.1368546235709,34.265853127933816],[133.1369660776253,34.2656666120595],[133.13707752295332,34.265480088144905],[133.13718897284858,34.26529357379938],[133.13730042396506,34.265107058396424],[133.13741187773155,34.26492054114753],[133.13756935375275,34.26479150586931],[133.13775268600287,34.264694769487704],[133.13792958408723,34.264590002358204],[133.138108085102,34.26448721377004],[133.13825763476893,34.26434829855597],[133.13844086435014,34.26425142306822],[133.13867891056296,34.26410630518435],[133.13885077597817,34.26398840783946],[133.1390622630652,34.26389563534347],[133.13927751086683,34.263805251049575],[133.13936163387825,34.263631696605096],[133.13939383605612,34.263425210787666],[133.1395165778329,34.26327615170313],[133.13968542584095,34.263156342475426],[133.13984631497237,34.26303147563876],[133.13988006740726,34.26304726803818],[133.14004696751087,34.26291536714406],[133.14021389863973,34.262783527209734],[133.140348177639,34.26273845969032],[133.14047842191312,34.26275798368214],[133.14067704162085,34.26274724479158],[133.1407714354719,34.26252327085846],[133.14055496897024,34.262451078355774],[133.14029866911568,34.26241529508071],[133.14000998396367,34.262404410516],[133.1397770097613,34.262413474989664],[133.13958498154074,34.262498647912146],[133.13943167119191,34.26276847531063],[133.13929178584021,34.26290665809697],[133.1390603053994,34.26298674670631],[133.13896123586335,34.26315081753529],[133.138861309354,34.26331434673016],[133.13874787555514,34.26346930670505],[133.13857362361063,34.26358569854547],[133.13847217187637,34.26374826146395],[133.13824069077822,34.26382834586656],[133.13812548471907,34.263857535106496],[133.1378954955872,34.26389601004551],[133.13774848956498,34.264038113565995],[133.13762570156325,34.2642104614417],[133.13737542039834,34.264223588411134],[133.13714980384034,34.264267512866695],[133.13706809800462,34.26449118572975],[133.13686248098358,34.264560090153864],[133.13661220268432,34.26457321334577],[133.13640324796359,34.26463795244557],[133.13626377978233,34.26478947373715],[133.13604714908462,34.26484463011277],[133.13579687322476,34.26485774975988],[133.13559840935383,34.26486815817514]]]},"properties":{"classLabel":"土砂災害警戒区域","phenomenon":"土石流","name":"赤石川上川","areaCode":"352-2245","address":"岩城","noticeDate":"2021-01-29"}}]}