{"type":"FeatureCollection","features":[{"type":"Feature","id":0,"geometry":{"type":"MultiPolygon","coordinates":[[[[133.20529315500016,34.25636295012156],[133.20525922000016,34.25627609112157],[133.20520916700013,34.256277971121555],[133.20518149800023,34.256352997121475],[133.20512129000002,34.25645342812157],[133.20500635000028,34.25654571512172],[133.204869515,34.256580097121514],[133.204869515,34.256666051121755],[133.20505889400025,34.25662352712158],[133.20520996000027,34.25651766712157],[133.20529315500016,34.25636295012156]]],[[[133.20471954400026,34.25662578812161],[133.2046724730003,34.25660226412165],[133.20463415900014,34.256673742121734],[133.20462540100016,34.256703599121614],[133.20460843400005,34.25677598112172],[133.20463963200018,34.25677960012153],[133.20465057900023,34.256708123121626],[133.20467411500007,34.25668143212154],[133.20471954400026,34.25662578812161]]]]},"properties":{"classLabel":"土砂災害特別警戒区域","phenomenon":"急傾斜の崩壊","name":"下弓削F","areaCode":"350-Ⅰ-505(1)","address":"弓削下弓削","noticeDate":"2015-03-10"}},{"type":"Feature","id":1,"geometry":{"type":"Polygon","coordinates":[[[133.13985534000005,34.24512227112182],[133.1399111730001,34.24513723512182],[133.13992534700003,34.24496472312179],[133.1398584520001,34.244851450121665],[133.13972681900017,34.244774745121866],[133.13972142400016,34.24472212312181],[133.13971926600013,34.244664149121796],[133.13965216900024,34.24460396912181],[133.13962395600007,34.24460739912171],[133.13958277800006,34.24467841912177],[133.13961919200008,34.24474665112184],[133.1396537190002,34.24480908412172],[133.13977833900017,34.24490407212179],[133.1398295900001,34.244987912121836],[133.13985534000005,34.24512227112182]]]},"properties":{"classLabel":"土砂災害特別警戒区域","phenomenon":"急傾斜の崩壊","name":"鳩岡","areaCode":"352-Ⅰ-28(2)","address":"岩城","noticeDate":"2015-03-10"}},{"type":"Feature","id":2,"geometry":{"type":"MultiPolygon","coordinates":[[[[133.1451375150002,34.24659144312171],[133.14506063000013,34.246488194121774],[133.1449753820002,34.24652967312173],[133.14486639400002,34.246617981121794],[133.14485371400008,34.24674932812172],[133.14489482500008,34.24676411312178],[133.14498617300012,34.24668621812168],[133.14505415600007,34.24663426012176],[133.1451375150002,34.24659144312171]]],[[[133.14490208200016,34.24697564712168],[133.14473285500011,34.24684075812181],[133.144715051,34.24685280012172],[133.14465947700012,34.24688491212165],[133.144604983,34.246908550121745],[133.14439887700019,34.24700488612167],[133.14429906000018,34.24715429612183],[133.14414798800007,34.24729433912173],[133.14421381200006,34.24734161512182],[133.14437135900002,34.247445978121796],[133.14449329700005,34.247353657121685],[133.14467782200006,34.24723056212167],[133.1447857310001,34.24716098612168],[133.14483644800004,34.24710033012182],[133.14490208200016,34.24697564712168]]],[[[133.14540189300024,34.2467983881217],[133.14527563900003,34.2467912521216],[133.14520118200002,34.246892048121765],[133.14520441900004,34.24702495612175],[133.14515801900032,34.24712129212177],[133.14497457200014,34.247199788121655],[133.144832132,34.24735945512167],[133.14474973400004,34.24752456912182],[133.14499125300017,34.24761679712159],[133.14512888300024,34.247441519121715],[133.14519362800013,34.247271147121786],[133.14536196700013,34.24718105612175],[133.1454418200001,34.24704904012166],[133.14541807999998,34.24691613212174],[133.14540189300024,34.2467983881217]]]]},"properties":{"classLabel":"土砂災害特別警戒区域","phenomenon":"急傾斜の崩壊","name":"新地","areaCode":"352-Ⅰ-536(1)","address":"岩城","noticeDate":"2015-03-10"}},{"type":"Feature","id":3,"geometry":{"type":"Polygon","coordinates":[[[133.1448793170001,34.27629545712126],[133.14495985800014,34.27640608112131],[133.14505901200005,34.27637756212147],[133.144984891,34.276259482121404],[133.1448793170001,34.27629545712126]]]},"properties":{"classLabel":"土砂災害特別警戒区域","phenomenon":"急傾斜の崩壊","name":"小漕","areaCode":"352-Ⅰ-540(1)","address":"岩城","noticeDate":"2015-03-10"}},{"type":"Feature","id":4,"geometry":{"type":"Polygon","coordinates":[[[133.32290887718,34.177969085000704],[133.3230335735957,34.17793367452339],[133.3231862845779,34.17794760485973],[133.32342312144203,34.17794518520731],[133.3233952187714,34.17784438433175],[133.3233867571281,34.177813815837226],[133.32334787352337,34.17774124153086],[133.32326771885815,34.17763998211916],[133.323208193946,34.17755592779391],[133.3231743033043,34.17749934862081],[133.32312858444814,34.177499651910885],[133.3230803016814,34.177494781108315],[133.32306220413716,34.177498117420505],[133.3230557267243,34.177498540333175],[133.32305569537974,34.17749849966976],[133.32305121034605,34.17749239348837],[133.32304294999375,34.17748671473409],[133.3229623273257,34.17743191023391],[133.32295236691715,34.177436031321704],[133.32289606994786,34.17745598886786],[133.32282712767287,34.177483083542086],[133.32277080970024,34.17751305791354],[133.3227225791803,34.177541207627286],[133.32268796519088,34.17756319614931],[133.32266508050628,34.17757850294174],[133.3225915095252,34.17762154494853],[133.32250645162281,34.17767130714299],[133.32249413780073,34.177678511189164],[133.32266625771493,34.17777083361755],[133.32268190061345,34.177778402198506],[133.3226785293849,34.17785691488303],[133.3226787488961,34.1778571419537],[133.32290887718,34.177969085000704]]]},"properties":{"classLabel":"土砂災害特別警戒区域","phenomenon":"急傾斜の崩壊","name":"東","areaCode":"349-Ⅰ-485(1)","address":"魚島","noticeDate":"2017-03-07"}},{"type":"Feature","id":5,"geometry":{"type":"Polygon","coordinates":[[[133.19499744989034,34.248822181801266],[133.19493284306188,34.248639697327505],[133.1948160580258,34.248438939233104],[133.19452240162838,34.24842412069274],[133.1942993585297,34.24847049351147],[133.1940659446483,34.24851136082914],[133.19383871353517,34.2486112429802],[133.19362186888122,34.24866309527583],[133.1934723766086,34.248831454356626],[133.19341817797687,34.24913962497805],[133.1934473633758,34.24917214273738],[133.19348285584263,34.24920441088576],[133.19356487121036,34.249278975370736],[133.19368930387185,34.24938870462261],[133.19372740257467,34.24941795271873],[133.19380103935902,34.249362022223394],[133.1939108036915,34.24931056915681],[133.19403121516507,34.2492727968527],[133.19420329379275,34.24916798198442],[133.19439556170576,34.24891231132096],[133.1945392295901,34.24877874260199],[133.19466567457619,34.248657031706884],[133.19466686121356,34.248760984948106],[133.19464278154857,34.24892582264278],[133.1945037939165,34.249109500139035],[133.1944634876991,34.24918961811564],[133.19432661976367,34.24927968189639],[133.19431079898035,34.2494179821759],[133.19435616237624,34.2494303665918],[133.19459259268606,34.24949358325882],[133.19459364567064,34.249493863034324],[133.19470466203737,34.24952336044845],[133.19482545240356,34.249383420428714],[133.19516181148217,34.249131630455345],[133.19506806023202,34.24897568152426],[133.19499744989034,34.248822181801266]]]},"properties":{"classLabel":"土砂災害特別警戒区域","phenomenon":"急傾斜の崩壊","name":"佐島A","areaCode":"350-Ⅰ-510(1)","address":"弓削佐島","noticeDate":"2017-03-07"}},{"type":"Feature","id":6,"geometry":{"type":"Polygon","coordinates":[[[133.20968247591014,34.274070107550436],[133.20968470826062,34.274060785405815],[133.20968505315062,34.2740356448767],[133.20968352407957,34.27402747755838],[133.20945496903119,34.274053902071266],[133.20932470623848,34.27406658877694],[133.20935070412366,34.27396448318995],[133.2093252288513,34.27365765262572],[133.20874403766518,34.27288926006085],[133.20870432552374,34.272892210888415],[133.20866202459592,34.27289700314506],[133.20847419653526,34.272909764059385],[133.20842698900802,34.27291451952572],[133.20838503550902,34.27291343316138],[133.20831909448168,34.27290836675741],[133.20830412233627,34.27290661016059],[133.2081011745902,34.27300633691356],[133.20803467350765,34.2731300166765],[133.20795006263967,34.27326949639454],[133.20790024948795,34.27336386923098],[133.2077904691436,34.273543007831314],[133.20765419955646,34.27375645489942],[133.20764877603068,34.27376495006368],[133.20760120981447,34.27385153360162],[133.20797513450955,34.273982018156666],[133.2080497494651,34.27399677793622],[133.20830790595332,34.27402643707874],[133.20842266278905,34.274008097455514],[133.20855455361317,34.27393830313793],[133.20874913249693,34.273927024954844],[133.2088645616398,34.27392825130047],[133.20895292422637,34.27396029470437],[133.20904434174238,34.27396287855347],[133.2091372242419,34.27411523282818],[133.20928883179184,34.27410689721254],[133.20942841854398,34.274105568327315],[133.20968247591014,34.274070107550436]]]},"properties":{"classLabel":"土砂災害特別警戒区域","phenomenon":"急傾斜の崩壊","name":"上弓削C","areaCode":"350-Ⅰ-2657(1)","address":"弓削上弓削","noticeDate":"2017-03-07"}},{"type":"Feature","id":7,"geometry":{"type":"MultiPolygon","coordinates":[[[[133.18124874846123,34.270750126356276],[133.18126085389045,34.27069122771205],[133.1812269721724,34.27069279042847],[133.18119921660397,34.2707504319021],[133.18118149861368,34.2707872277224],[133.18124202128797,34.27078285724678],[133.18124874846123,34.270750126356276]]],[[[133.18138728039096,34.2715366206875],[133.181620726912,34.27149885558003],[133.18183396076563,34.27144794290465],[133.18202356359728,34.27136079518011],[133.18224750159374,34.271367832202124],[133.18236109753192,34.2713476716551],[133.1826156155783,34.2710802217985],[133.18263650867482,34.27087920662577],[133.18254552220884,34.270778384148905],[133.1825825670906,34.27062125408939],[133.18258310403135,34.270620773521955],[133.18254021987016,34.27054146098266],[133.18254027898598,34.27054099267671],[133.18244193724706,34.27040113393715],[133.1822446161607,34.27039562462898],[133.18225585011703,34.27042772720939],[133.18225627326362,34.27042904591428],[133.18226147378286,34.270445253117146],[133.1824017215125,34.27045404302654],[133.18240938063443,34.27054446567653],[133.1824093383117,34.27054534848895],[133.18235309589394,34.270692839227024],[133.18235269157307,34.27069362471645],[133.18232973707148,34.27083718192388],[133.18238985757995,34.270924377971554],[133.18241419573656,34.27104301512565],[133.18231291027084,34.271158248038574],[133.1822049539374,34.27118100899366],[133.181975124375,34.27120572523879],[133.18177967632616,34.27127066501476],[133.18156764276054,34.27133694955005],[133.18136176045874,34.27138344891601],[133.18113321908663,34.27146885675277],[133.18100258430948,34.27147041277494],[133.18097385132143,34.2714698868432],[133.18096499540633,34.271508361551874],[133.1809969352558,34.271499392591274],[133.181131039041,34.271498208182784],[133.18138728039096,34.2715366206875]]]]},"properties":{"classLabel":"土砂災害特別警戒区域","phenomenon":"急傾斜の崩壊","name":"中後","areaCode":"351-Ⅰ-518(1)","address":"生名","noticeDate":"2017-03-07"}},{"type":"Feature","id":8,"geometry":{"type":"MultiPolygon","coordinates":[[[[133.17708629269038,34.27006094534208],[133.17683514439645,34.26999023189059],[133.1766698831695,34.27007781669746],[133.1766064883361,34.27010980323092],[133.17652079165603,34.27015304231198],[133.1765851660426,34.27026109400115],[133.1766776683973,34.2704249910386],[133.1768399028193,34.27055491621885],[133.17690581221876,34.27052840864784],[133.17692150619334,34.270522096795396],[133.17695232799963,34.27050798737062],[133.1770380367404,34.270296060734154],[133.17708629269038,34.27006094534208]]],[[[133.17675907854087,34.27066382111162],[133.1767153410007,34.27061336924674],[133.1766776402525,34.270636465635036],[133.17667564356103,34.270637701400524],[133.17661478126493,34.270675369585874],[133.17666694831073,34.27072383682446],[133.176800870964,34.27085664630869],[133.17685781283515,34.27081638678633],[133.17686796199038,34.27080921105274],[133.17689127900968,34.27078997606417],[133.17675907854087,34.27066382111162]]]]},"properties":{"classLabel":"土砂災害特別警戒区域","phenomenon":"急傾斜の崩壊","name":"恵生A","areaCode":"351-Ⅰ-525(1)","address":"生名","noticeDate":"2017-03-07"}},{"type":"Feature","id":9,"geometry":{"type":"Polygon","coordinates":[[[133.1813406548174,34.27275785424657],[133.18174858932835,34.27245207327549],[133.18190251170452,34.27245513826916],[133.18193893353447,34.27246408708592],[133.18215354671761,34.27247783969152],[133.1821819281224,34.27247913723326],[133.18240936097473,34.27226672423397],[133.18262164809013,34.27223930379474],[133.18280063177667,34.27222865010854],[133.18291270108008,34.27226039279009],[133.18303880991618,34.27222425274668],[133.18313462309717,34.27219679468371],[133.18283485831896,34.272086166478175],[133.1825909691148,34.27208207347091],[133.18237767118993,34.272125106010876],[133.18215961199965,34.2721181309317],[133.18213541986097,34.27216748963036],[133.18197112959743,34.272171272862785],[133.1819472272259,34.27213398406617],[133.18167653151437,34.27217927579422],[133.1814404030485,34.27225723099266],[133.18133939334837,34.2722164666512],[133.18119726473637,34.272186306375396],[133.18099106424702,34.27223025635076],[133.18083756793163,34.272190779500406],[133.18074563033557,34.27215431729486],[133.18047105494034,34.27215784296221],[133.18035295127024,34.27211490963049],[133.18016158882773,34.27215865230954],[133.18016055947123,34.27215895262041],[133.1799059536427,34.272251892548276],[133.17990472073012,34.27225176596267],[133.17973950085144,34.272213912270196],[133.17973941994168,34.27221397262386],[133.17956641574267,34.27235101469173],[133.1794809966748,34.27244537626336],[133.17952954689173,34.272489562022216],[133.17952999916338,34.27248984548041],[133.17956110188703,34.27250933830616],[133.1795631469713,34.27251013306195],[133.17971150882704,34.27246985192961],[133.17985265118014,34.27235750650359],[133.1798527923311,34.27235745031394],[133.17996117238184,34.27240733494155],[133.17996232328264,34.27240746893036],[133.18023649363346,34.272416747347584],[133.18023748112347,34.27241649249688],[133.18037521931663,34.27240089005022],[133.18047249790345,34.2721690492244],[133.18071266427094,34.27219057005249],[133.1808220792873,34.272252748599925],[133.18100183640237,34.272305170994095],[133.18115859870957,34.27225890067123],[133.18108159829595,34.272692064068345],[133.1813406548174,34.27275785424657]]]},"properties":{"classLabel":"土砂災害特別警戒区域","phenomenon":"急傾斜の崩壊","name":"尾又","areaCode":"351-Ⅰ-2559(1)","address":"生名","noticeDate":"2017-03-07"}},{"type":"Feature","id":10,"geometry":{"type":"Polygon","coordinates":[[[133.13346725975788,34.24988267411059],[133.13343370942056,34.2498650677232],[133.1332510813477,34.24990969729689],[133.1332614982388,34.250018642140276],[133.13329542829632,34.250129457932985],[133.13336438326263,34.25010767132455],[133.13341140557705,34.25009281441941],[133.1333781169397,34.25002349591078],[133.13340341704895,34.24993120248537],[133.13346725975788,34.24988267411059]]]},"properties":{"classLabel":"土砂災害特別警戒区域","phenomenon":"急傾斜の崩壊","name":"西部","areaCode":"352-Ⅰ-539(1)","address":"岩城","noticeDate":"2017-03-07"}},{"type":"Feature","id":11,"geometry":{"type":"Polygon","coordinates":[[[133.3240970660002,34.177544807122565],[133.32402312400004,34.177531238122555],[133.32396102600026,34.1776994151225],[133.32382694600017,34.1778405101226],[133.32392777299998,34.17788487912256],[133.32402109300014,34.17772692412259],[133.3240970660002,34.177544807122565]]]},"properties":{"classLabel":"土砂災害特別警戒区域","phenomenon":"土石流","name":"井ノ頭川","areaCode":"349-1419","address":"魚島","noticeDate":"2015-03-10"}},{"type":"Feature","id":12,"geometry":{"type":"Polygon","coordinates":[[[133.321502912,34.17750595912252],[133.32143757600008,34.177501294122635],[133.32142802699994,34.17756861012246],[133.32153425400017,34.17756772112268],[133.321502912,34.17750595912252]]]},"properties":{"classLabel":"土砂災害特別警戒区域","phenomenon":"土石流","name":"古殿川","areaCode":"349-1420","address":"魚島","noticeDate":"2015-03-10"}},{"type":"Feature","id":13,"geometry":{"type":"Polygon","coordinates":[[[133.3192590100002,34.17640777412248],[133.31919312600007,34.176375488122524],[133.319131325,34.176442796122636],[133.31919879300006,34.176477349122536],[133.3192590100002,34.17640777412248]]]},"properties":{"classLabel":"土砂災害特別警戒区域","phenomenon":"土石流","name":"神ヶ市川","areaCode":"349-1421-1","address":"魚島","noticeDate":"2015-03-10"}},{"type":"Feature","id":14,"geometry":{"type":"Polygon","coordinates":[[[133.3203872570002,34.17613791912249],[133.32026119900024,34.17611343912263],[133.32016435900007,34.17635237212258],[133.320324248,34.176387588122644],[133.3203872570002,34.17613791912249]]]},"properties":{"classLabel":"土砂災害特別警戒区域","phenomenon":"土石流","name":"神ヶ市川","areaCode":"349-1421-2","address":"魚島","noticeDate":"2015-03-10"}},{"type":"Feature","id":15,"geometry":{"type":"Polygon","coordinates":[[[133.32114365300006,34.177976971122625],[133.321030087,34.17796444712262],[133.32100015400025,34.17801765012266],[133.32106409100004,34.17811076512246],[133.32114365300006,34.177976971122625]]]},"properties":{"classLabel":"土砂災害特別警戒区域","phenomenon":"土石流","name":"神ヶ市川","areaCode":"349-1421-3","address":"魚島","noticeDate":"2015-03-10"}},{"type":"Feature","id":16,"geometry":{"type":"Polygon","coordinates":[[[133.3193703390001,34.17797948912268],[133.3193109670003,34.178022024122605],[133.31942968600012,34.17816626112267],[133.31950144900003,34.17833834312266],[133.31962937200007,34.178500099122544],[133.31967929300004,34.178593884122584],[133.319842578,34.17850698312251],[133.31960649100006,34.17828413712267],[133.31954929000003,34.17810603312257],[133.3193703390001,34.17797948912268]]]},"properties":{"classLabel":"土砂災害特別警戒区域","phenomenon":"土石流","name":"井ノ浦川","areaCode":"349-1422","address":"魚島","noticeDate":"2015-03-10"}},{"type":"Feature","id":17,"geometry":{"type":"Polygon","coordinates":[[[133.318196582,34.17919751712248],[133.31815386600007,34.17918126312258],[133.31807208700013,34.17925942812256],[133.318080516,34.17930731612263],[133.318196582,34.17919751712248]]]},"properties":{"classLabel":"土砂災害特別警戒区域","phenomenon":"土石流","name":"松の浦川","areaCode":"349-1423","address":"魚島","noticeDate":"2015-03-10"}},{"type":"Feature","id":18,"geometry":{"type":"Polygon","coordinates":[[[133.20963512900002,34.246610001121795],[133.20956417899998,34.246581283121785],[133.20951938599998,34.246662307121696],[133.20957837500035,34.24669480612161],[133.20963512900002,34.246610001121795]]]},"properties":{"classLabel":"土砂災害特別警戒区域","phenomenon":"土石流","name":"日比川","areaCode":"350-1424","address":"弓削日比","noticeDate":"2015-03-10"}},{"type":"Feature","id":19,"geometry":{"type":"Polygon","coordinates":[[[133.21876997000012,34.26813025712152],[133.2187986480002,34.26817017112146],[133.21894168200015,34.26813076912142],[133.2188698220002,34.26804369812142],[133.21876997000012,34.26813025712152]]]},"properties":{"classLabel":"土砂災害特別警戒区域","phenomenon":"土石流","name":"上狩尾川","areaCode":"350-1426","address":"弓削狩尾","noticeDate":"2015-03-10"}},{"type":"Feature","id":20,"geometry":{"type":"Polygon","coordinates":[[[133.21927515300013,34.26915961312142],[133.21940279100036,34.26920733512146],[133.21946183800006,34.2690210501214],[133.21956986700013,34.268877316121404],[133.21936029000028,34.268810358121435],[133.219334363,34.268988911121546],[133.21927515300013,34.26915961312142]]]},"properties":{"classLabel":"土砂災害特別警戒区域","phenomenon":"土石流","name":"狩尾川","areaCode":"350-1427","address":"弓削狩尾","noticeDate":"2015-03-10"}},{"type":"Feature","id":21,"geometry":{"type":"Polygon","coordinates":[[[133.21608261800014,34.273792517121365],[133.21606537600016,34.273735524121356],[133.21584753800008,34.273755391121476],[133.2156440160003,34.273844052121426],[133.2154028860002,34.273898894121345],[133.21522037799997,34.273923573121365],[133.2149914150002,34.27395282212137],[133.21483103,34.27395830612141],[133.21487527400006,34.274086271121334],[133.2150721610003,34.27408901312139],[133.2155544210001,34.273972017121444],[133.21589178200017,34.27389158212141],[133.21608261800014,34.273792517121365]]]},"properties":{"classLabel":"土砂災害特別警戒区域","phenomenon":"土石流","name":"柳川上川","areaCode":"350-1431","address":"弓削上弓削","noticeDate":"2015-03-10"}},{"type":"Feature","id":22,"geometry":{"type":"Polygon","coordinates":[[[133.214937533,34.270696142121444],[133.21484436800006,34.27068647812151],[133.21478809500024,34.270897371121485],[133.21489874500003,34.2710422241215],[133.2148713560001,34.27122238512137],[133.2149272280003,34.271381723121394],[133.21502911300016,34.27139892512144],[133.21499186500026,34.271216953121474],[133.21507622100012,34.27102321212148],[133.21493161,34.270853009121275],[133.214937533,34.270696142121444]]]},"properties":{"classLabel":"土砂災害特別警戒区域","phenomenon":"土石流","name":"南柳川","areaCode":"350-1433","address":"弓削上弓削","noticeDate":"2015-03-10"}},{"type":"Feature","id":23,"geometry":{"type":"Polygon","coordinates":[[[133.20621761100006,34.267972863121486],[133.2062423770002,34.26798637712153],[133.20631604600007,34.26791901912145],[133.20629951,34.267879942121546],[133.20621761100006,34.267972863121486]]]},"properties":{"classLabel":"土砂災害特別警戒区域","phenomenon":"土石流","name":"北引野川","areaCode":"350-1435","address":"弓削引野","noticeDate":"2015-03-10"}},{"type":"Feature","id":24,"geometry":{"type":"Polygon","coordinates":[[[133.20625206200017,34.26766246412145],[133.20624532900004,34.26751566112144],[133.20602260799998,34.26748454812145],[133.20579184000002,34.26754872912155],[133.20563707000008,34.26761520312153],[133.20549062100034,34.267684886121536],[133.20538078400023,34.26773439712146],[133.20515778200004,34.26776740512149],[133.20532420200018,34.26801221012144],[133.20544846100006,34.26795536412151],[133.2058045990002,34.267789410121466],[133.20603980500027,34.26769497112156],[133.20625206200017,34.26766246412145]]]},"properties":{"classLabel":"土砂災害特別警戒区域","phenomenon":"土石流","name":"引野川","areaCode":"350-1436","address":"弓削引野","noticeDate":"2015-03-10"}},{"type":"Feature","id":25,"geometry":{"type":"Polygon","coordinates":[[[133.2060400700001,34.267012371121425],[133.20586956000014,34.26704605712157],[133.205905753,34.267199534121566],[133.205869171,34.26738184112144],[133.20584073800023,34.26744352612141],[133.20581263600002,34.26752383912148],[133.20566409200023,34.26762827612149],[133.20547785800008,34.26771530612158],[133.20543240800018,34.2677272161215],[133.20555212900013,34.26789394712152],[133.20577716200012,34.2677849311214],[133.2059789160002,34.26763285612152],[133.20600884600017,34.26744138912156],[133.20605983900023,34.26720961212149],[133.2060400700001,34.267012371121425]]]},"properties":{"classLabel":"土砂災害特別警戒区域","phenomenon":"土石流","name":"南引野川","areaCode":"350-1437","address":"弓削引野","noticeDate":"2015-03-10"}},{"type":"Feature","id":26,"geometry":{"type":"Polygon","coordinates":[[[133.202039569,34.264908624121574],[133.20210136200012,34.26481443112149],[133.20189464000006,34.2647592501214],[133.20176622300005,34.264704355121474],[133.20172194100005,34.26481231412157],[133.201869178,34.26484525112156],[133.202039569,34.264908624121574]]]},"properties":{"classLabel":"土砂災害特別警戒区域","phenomenon":"土石流","name":"上明神川","areaCode":"350-1438","address":"弓削明神","noticeDate":"2015-03-10"}},{"type":"Feature","id":27,"geometry":{"type":"Polygon","coordinates":[[[133.20297135600015,34.26331816412161],[133.20300573800014,34.2633201471215],[133.20302766100008,34.263236801121536],[133.2029977230001,34.26321013412157],[133.20297135600015,34.26331816412161]]]},"properties":{"classLabel":"土砂災害特別警戒区域","phenomenon":"土石流","name":"明神川","areaCode":"350-1439","address":"弓削明神","noticeDate":"2015-03-10"}},{"type":"Feature","id":28,"geometry":{"type":"Polygon","coordinates":[[[133.20295943200003,34.261808295121455],[133.20300206500005,34.261741679121414],[133.20281115700013,34.2616445361215],[133.2026755610001,34.26163269112155],[133.2026413870001,34.26171651312153],[133.20277036800007,34.26173200112157],[133.20295943200003,34.261808295121455]]]},"properties":{"classLabel":"土砂災害特別警戒区域","phenomenon":"土石流","name":"南明神川","areaCode":"350-1440","address":"弓削明神","noticeDate":"2015-03-10"}},{"type":"Feature","id":29,"geometry":{"type":"Polygon","coordinates":[[[133.17210438900017,34.27845896012133],[133.17219059300018,34.27847931112131],[133.17227396900012,34.27831982612134],[133.17232337300015,34.27828354012136],[133.17220699800018,34.27822729412135],[133.17210438900017,34.27845896012133]]]},"properties":{"classLabel":"土砂災害特別警戒区域","phenomenon":"土石流","name":"大江谷川","areaCode":"351-1441","address":"生名","noticeDate":"2015-03-10"}},{"type":"Feature","id":30,"geometry":{"type":"Polygon","coordinates":[[[133.180645301,34.26150897812141],[133.18062347300017,34.26154720412163],[133.1807224790002,34.261605605121616],[133.18075295000017,34.26154534412156],[133.180645301,34.26150897812141]]]},"properties":{"classLabel":"土砂災害特別警戒区域","phenomenon":"土石流","name":"稲浦川","areaCode":"351-1442-1","address":"生名","noticeDate":"2015-03-10"}},{"type":"Feature","id":31,"geometry":{"type":"Polygon","coordinates":[[[133.18063358500012,34.2617492601215],[133.180655945,34.261799008121564],[133.18076456000003,34.26178023912163],[133.18072758399998,34.26168406712155],[133.18063358500012,34.2617492601215]]]},"properties":{"classLabel":"土砂災害特別警戒区域","phenomenon":"土石流","name":"稲浦川","areaCode":"351-1442-2","address":"生名","noticeDate":"2015-03-10"}},{"type":"Feature","id":32,"geometry":{"type":"Polygon","coordinates":[[[133.1782994630003,34.262430461121646],[133.17825237900013,34.26239510612141],[133.17809277000012,34.262556520121635],[133.17819254800008,34.26272323912154],[133.1782684670002,34.26270979412154],[133.17818712600013,34.26255472712164],[133.1782994630003,34.262430461121646]]]},"properties":{"classLabel":"土砂災害特別警戒区域","phenomenon":"土石流","name":"奥里川","areaCode":"351-1443","address":"生名","noticeDate":"2015-03-10"}},{"type":"Feature","id":33,"geometry":{"type":"Polygon","coordinates":[[[133.141511237,34.24918547112178],[133.1415791080002,34.249124978121735],[133.141446287,34.249033017121654],[133.141338848,34.24910569212174],[133.141511237,34.24918547112178]]]},"properties":{"classLabel":"土砂災害特別警戒区域","phenomenon":"土石流","name":"由之左近川","areaCode":"352-1444","address":"岩城","noticeDate":"2015-03-10"}},{"type":"Feature","id":34,"geometry":{"type":"Polygon","coordinates":[[[133.1451828630001,34.2507716811217],[133.14529197800022,34.25084088812156],[133.14549436299998,34.25074891712176],[133.14576806,34.250448172121665],[133.14581476100005,34.250376352121755],[133.14560840400017,34.25028208812176],[133.1456051460001,34.25037096512178],[133.14548133000014,34.250507423121675],[133.1453173300002,34.25063669812164],[133.1451828630001,34.2507716811217]]]},"properties":{"classLabel":"土砂災害特別警戒区域","phenomenon":"土石流","name":"由之左近川","areaCode":"352-1446","address":"岩城","noticeDate":"2015-03-10"}},{"type":"Feature","id":35,"geometry":{"type":"Polygon","coordinates":[[[133.14612411500016,34.250865435121604],[133.1462293300002,34.25096451912163],[133.1464165440001,34.250838767121685],[133.14684585400002,34.250423715121656],[133.146678477,34.25029345012165],[133.1465219690002,34.25044348012154],[133.14642849900005,34.25062405412167],[133.1462491670002,34.25074084312176],[133.14612411500016,34.250865435121604]]]},"properties":{"classLabel":"土砂災害特別警戒区域","phenomenon":"土石流","name":"西高原川","areaCode":"352-1447","address":"岩城","noticeDate":"2015-03-10"}},{"type":"Feature","id":36,"geometry":{"type":"Polygon","coordinates":[[[133.14704835600014,34.25224399512166],[133.14713092600005,34.25224846612171],[133.1472454100001,34.2520910801217],[133.1475871400001,34.25105927412172],[133.147619789,34.25086766512161],[133.14763720100007,34.25084697412175],[133.14747830799996,34.250811891121614],[133.1474576300001,34.250835280121684],[133.1474108330002,34.25101429612174],[133.14741518700026,34.251204106121705],[133.14734227000005,34.25137052712158],[133.1472835010003,34.251545043121716],[133.14725194,34.25172855512166],[133.14718337700003,34.25189857412176],[133.14709195900028,34.25205779612177],[133.14704835600014,34.25224399512166]]]},"properties":{"classLabel":"土砂災害特別警戒区域","phenomenon":"土石流","name":"高原川","areaCode":"352-1448","address":"岩城","noticeDate":"2015-03-10"}},{"type":"Feature","id":37,"geometry":{"type":"Polygon","coordinates":[[[133.1484554330001,34.25248470812171],[133.14855097200004,34.252542319121595],[133.1486951700001,34.25238654712173],[133.14892046300022,34.251653362121694],[133.14900209100006,34.25128092012161],[133.1487887710001,34.25124583512166],[133.14870061200003,34.25162817312166],[133.14870931900035,34.25181979212162],[133.1485950410001,34.25197812312164],[133.14861354299998,34.252170640121655],[133.14851885500002,34.2523316711216],[133.1484554330001,34.25248470812171]]]},"properties":{"classLabel":"土砂災害特別警戒区域","phenomenon":"土石流","name":"東高原川","areaCode":"352-1449","address":"岩城","noticeDate":"2015-03-10"}},{"type":"Feature","id":38,"geometry":{"type":"Polygon","coordinates":[[[133.15016617800018,34.25256340212164],[133.15026358000017,34.25257854812165],[133.15026566500012,34.25237608212164],[133.15027759300008,34.252349195121624],[133.1501713330001,34.25235726112155],[133.15016482700014,34.252372497121584],[133.15016617800018,34.25256340212164]]]},"properties":{"classLabel":"土砂災害特別警戒区域","phenomenon":"土石流","name":"小村川西川","areaCode":"352-1450","address":"岩城","noticeDate":"2015-03-10"}},{"type":"Feature","id":39,"geometry":{"type":"Polygon","coordinates":[[[133.1509206110002,34.253389423121675],[133.15101361000012,34.25344680512169],[133.15115190900008,34.253283353121624],[133.15123310300007,34.253137499121664],[133.15135868200002,34.25287621312168],[133.15140956300013,34.252784046121626],[133.1514377100002,34.25263819012155],[133.15119846100004,34.25259881812176],[133.15116923100015,34.25273841012173],[133.15111618500023,34.252898582121695],[133.15108262500007,34.25308380912164],[133.15103282700022,34.253262773121655],[133.1509206110002,34.253389423121675]]]},"properties":{"classLabel":"土砂災害特別警戒区域","phenomenon":"土石流","name":"小村川","areaCode":"352-1451","address":"岩城","noticeDate":"2015-03-10"}},{"type":"Feature","id":40,"geometry":{"type":"Polygon","coordinates":[[[133.15229104300022,34.25284989012172],[133.1524062790002,34.25288248412159],[133.15249426200018,34.25274143712167],[133.15253331600016,34.25265535412158],[133.152356486,34.25258361812173],[133.15231526200006,34.252653561121534],[133.15229104300022,34.25284989012172]]]},"properties":{"classLabel":"土砂災害特別警戒区域","phenomenon":"土石流","name":"中川","areaCode":"352-1452","address":"岩城","noticeDate":"2015-03-10"}},{"type":"Feature","id":41,"geometry":{"type":"Polygon","coordinates":[[[133.15076181200004,34.266208828121435],[133.1507253550002,34.26619737112142],[133.15066825700023,34.26625122412156],[133.15069401200017,34.26627517012145],[133.15076181200004,34.266208828121435]]]},"properties":{"classLabel":"土砂災害特別警戒区域","phenomenon":"土石流","name":"長江川北川","areaCode":"352-1456","address":"岩城","noticeDate":"2015-03-10"}},{"type":"Feature","id":42,"geometry":{"type":"Polygon","coordinates":[[[133.1484886920001,34.27575481412139],[133.1484039280002,34.27570642512131],[133.14824858900022,34.2758217441212],[133.14819103300013,34.27585584412143],[133.1482637930001,34.27592045512135],[133.14833763900012,34.27587827912136],[133.1484886920001,34.27575481412139]]]},"properties":{"classLabel":"土砂災害特別警戒区域","phenomenon":"土石流","name":"長谷川上川","areaCode":"352-1457","address":"岩城","noticeDate":"2015-03-10"}},{"type":"Feature","id":43,"geometry":{"type":"Polygon","coordinates":[[[133.14747064400026,34.273769741121384],[133.14739447800005,34.27371331112136],[133.14729260300015,34.27380745212146],[133.14740231200005,34.273869387121294],[133.14747064400026,34.273769741121384]]]},"properties":{"classLabel":"土砂災害特別警戒区域","phenomenon":"土石流","name":"小漕川右支川","areaCode":"352-1458","address":"岩城","noticeDate":"2015-03-10"}},{"type":"Feature","id":44,"geometry":{"type":"Polygon","coordinates":[[[133.1380991930001,34.251865672121674],[133.1381248680002,34.251806391121605],[133.1380140350002,34.25173036912172],[133.1379473580001,34.2518180071217],[133.1380991930001,34.251865672121674]]]},"properties":{"classLabel":"土砂災害特別警戒区域","phenomenon":"土石流","name":"伊勢免川","areaCode":"352-1463","address":"岩城","noticeDate":"2015-03-10"}},{"type":"Feature","id":45,"geometry":{"type":"Polygon","coordinates":[[[133.1384238830002,34.2509883571217],[133.13845951500014,34.25085036512177],[133.13826529000028,34.25078940812155],[133.138043689,34.25078850512167],[133.13786684500008,34.25065857112172],[133.137517524,34.25056924112165],[133.13745311800005,34.25072985412169],[133.13758520500008,34.25082910912165],[133.1379880160001,34.25093648612167],[133.1382281740002,34.250977090121665],[133.1384238830002,34.2509883571217]]]},"properties":{"classLabel":"土砂災害特別警戒区域","phenomenon":"土石流","name":"伊勢免川下川","areaCode":"352-1464","address":"岩城","noticeDate":"2015-03-10"}},{"type":"Feature","id":46,"geometry":{"type":"Polygon","coordinates":[[[133.21699697606633,34.267585323340974],[133.2170015600725,34.26761296372721],[133.2170071111446,34.26764642905951],[133.21722717234556,34.267615765812394],[133.21743637654652,34.267587770137325],[133.2176025316353,34.26759209693385],[133.21758236004334,34.267495521514626],[133.217422349583,34.267520643998665],[133.21720489251533,34.26755057411408],[133.21699697606633,34.267585323340974]]]},"properties":{"classLabel":"土砂災害特別警戒区域","phenomenon":"土石流","name":"下狩尾川","areaCode":"350-1425","address":"弓削狩尾","noticeDate":"2017-03-07"}},{"type":"Feature","id":47,"geometry":{"type":"Polygon","coordinates":[[[133.32487431816733,34.17919431706198],[133.32504618441985,34.1783416888361],[133.3250260975133,34.17830916913396],[133.32518254444798,34.178236266968256],[133.32518002196824,34.178229180569296],[133.32518189267785,34.17822311516187],[133.3251641279119,34.1781939310998],[133.32515629028575,34.178163760512966],[133.32513039566248,34.17816618230811],[133.32506838691975,34.17816997622085],[133.3249214422201,34.178178948789316],[133.3247620666637,34.17818967536229],[133.32465189874867,34.17818403271313],[133.32458051718507,34.17817562738429],[133.3244828462476,34.178156124705744],[133.32434367785996,34.178133865590475],[133.3243054898563,34.178131627375386],[133.32418514785482,34.17812447130339],[133.3240848857787,34.17812336791447],[133.32400480286856,34.17813578743714],[133.32388011028218,34.1781551250989],[133.32390822806315,34.1782802729531],[133.32400251825217,34.178449827300135],[133.32396648537716,34.178585763671215],[133.32389603060716,34.17878096842501],[133.323947560471,34.17871802859131],[133.3240664318284,34.178781256726815],[133.32414760870475,34.17891779107503],[133.32420776003957,34.17901419888653],[133.32416906530153,34.17910123731498],[133.3241336828857,34.179096069578364],[133.3240861753345,34.179252217529765],[133.32415438619879,34.17941020696279],[133.32405253516194,34.17944586624749],[133.3241014852111,34.17955558029783],[133.32412723956668,34.17970176350655],[133.32414428862603,34.17980431416773],[133.32412156395316,34.17980537234156],[133.32410824162184,34.17994621848196],[133.32409245534015,34.18008924951588],[133.32407922786822,34.180169102893515],[133.32410383459725,34.18017348744422],[133.32419116629376,34.180189048541365],[133.32429364044665,34.1802073077266],[133.32447332859414,34.18022344477349],[133.32461921865044,34.180142966012276],[133.3247336410486,34.1799640175935],[133.32484090209445,34.17982427951683],[133.32484385575742,34.179822746363],[133.325004202829,34.17954014334493],[133.32497874807856,34.17942763433529],[133.32481920870796,34.17930652649316],[133.32481942843316,34.17930530303284],[133.32482288138877,34.17926466942819],[133.32483161459646,34.179249605145],[133.32482890786846,34.179246409605014],[133.32487431816733,34.17919431706198]]]},"properties":{"classLabel":"土砂災害特別警戒区域","phenomenon":"急傾斜の崩壊","name":"篠塚","areaCode":"349-Ⅰ-483(1)","address":"魚島","noticeDate":"2021-01-29"}},{"type":"Feature","id":48,"geometry":{"type":"MultiPolygon","coordinates":[[[[133.32364495821594,34.177758793083],[133.3238377700836,34.177724443417056],[133.32390227739472,34.17772997268549],[133.32405576158584,34.17762357992031],[133.32404882387033,34.177550540721384],[133.32404881396857,34.17755043659935],[133.3240351545163,34.177498205578466],[133.3240149891181,34.17746075149578],[133.32340849442102,34.176931695736926],[133.32339315803281,34.177007198349365],[133.3233080664061,34.177141748274714],[133.32319749490813,34.177170173106674],[133.32317226718655,34.177495903749126],[133.32320827402418,34.177556015835684],[133.32321777474255,34.17756960570589],[133.3232676709331,34.17763992583517],[133.32333978608224,34.1777311457205],[133.32334765074341,34.177741093887946],[133.32335782138276,34.177759852476576],[133.3233866979607,34.17781356428762],[133.32338935958632,34.177823175065704],[133.3234868205219,34.17780252120424],[133.32364495821594,34.177758793083]]],[[[133.3251553541836,34.178143326325305],[133.32521039845588,34.177960144874945],[133.32499572843864,34.17782368745523],[133.3249870844761,34.1777255603615],[133.32497529598402,34.17762788844421],[133.32485627814367,34.177607057516795],[133.32472814295966,34.17758718963103],[133.32469332069746,34.17758366646607],[133.32458604530635,34.177582355914836],[133.3244432372862,34.177583887863534],[133.32431504890033,34.177590073460934],[133.32423632212584,34.17759459306347],[133.32418070701027,34.177596505992845],[133.3241805311714,34.177596519670125],[133.3240542548264,34.17760635766479],[133.32408228252515,34.177726974280496],[133.32409217671943,34.17787473800097],[133.32403795072102,34.17798757515082],[133.3239285288283,34.178087051143365],[133.32388007360504,34.17815503160031],[133.32400476645813,34.17813569497077],[133.32408483630653,34.17812327814644],[133.3241844158299,34.178124340386404],[133.3243437283902,34.17813376440959],[133.32448309605368,34.17815603316475],[133.3245804254466,34.17817548472829],[133.32465122242178,34.17818386225766],[133.32476185639567,34.178189538040044],[133.32492231731996,34.17817873157305],[133.3251292515904,34.178166153713676],[133.32515639475233,34.178163621266684],[133.3251553541836,34.178143326325305]]]]},"properties":{"classLabel":"土砂災害特別警戒区域","phenomenon":"急傾斜の崩壊","name":"春日","areaCode":"349-Ⅰ-484(1)","address":"魚島","noticeDate":"2021-01-29"}},{"type":"Feature","id":49,"geometry":{"type":"Polygon","coordinates":[[[133.32236770348067,34.17753868957247],[133.3224288299595,34.17753679802758],[133.32252462586138,34.17757849591998],[133.32263469048556,34.17759628197691],[133.32263580862434,34.17759562778589],[133.3226651428341,34.177578460986794],[133.32266682628762,34.17757733257531],[133.32268674720063,34.1775640085943],[133.32268806727956,34.17756313774306],[133.32271656453676,34.17754503368047],[133.32272269517665,34.177541147590276],[133.32272636852605,34.177539012856656],[133.3227297803973,34.17753703010644],[133.3227638126806,34.17751711092023],[133.32277087594193,34.17751304402886],[133.32279870826545,34.177498175787456],[133.32282667497634,34.177483312686284],[133.32287385458577,34.17746470672995],[133.3228957452714,34.17745610648841],[133.32290754813087,34.177451922063774],[133.32294402082243,34.17743899722224],[133.32295245172298,34.17743600535741],[133.3229660215381,34.1774303823378],[133.3231553917201,34.17716292703987],[133.32241837790306,34.17660810559336],[133.3221274607752,34.177298682240306],[133.32212358965467,34.17747330703929],[133.32194476203296,34.17746805482728],[133.3219193328083,34.17752731529784],[133.32191440528055,34.17753050484563],[133.3218440491122,34.177389508276754],[133.3218253292461,34.17738572675116],[133.3217484570628,34.177362099919876],[133.3217102432347,34.177429455721985],[133.32165448646313,34.17752830623519],[133.3216194138575,34.17756874099376],[133.32154927576354,34.177649602132654],[133.3216474590562,34.17778803320946],[133.3217177817139,34.17788715599688],[133.32191593730442,34.17791373817841],[133.32201970627767,34.17775064648843],[133.3221364061936,34.17767640534953],[133.3222458768826,34.17761464543136],[133.32236770348067,34.17753868957247]]]},"properties":{"classLabel":"土砂災害特別警戒区域","phenomenon":"急傾斜の崩壊","name":"中上","areaCode":"349-Ⅰ-486(1)","address":"魚島","noticeDate":"2021-01-29"}},{"type":"Feature","id":50,"geometry":{"type":"Polygon","coordinates":[[[133.32096691817628,34.17880930924694],[133.32119562414755,34.17865792237477],[133.32119671894475,34.17862822679716],[133.321300647377,34.178589112101335],[133.32130729044843,34.178475572107935],[133.3213109421988,34.17845875921641],[133.32133868376772,34.178370417305494],[133.32126448546103,34.17828192613571],[133.32128808405662,34.17824340091852],[133.32129225863645,34.17808979841228],[133.32127883382077,34.17809062941932],[133.32127796746246,34.178090622018445],[133.32125962700414,34.17824022956681],[133.32124917180292,34.178263662570004],[133.3212266089046,34.178236753307395],[133.3212038986322,34.17812048637542],[133.32118668359996,34.178063502041866],[133.32123921477785,34.178054338977695],[133.32122445242,34.17788919212282],[133.32118897623172,34.17775188320099],[133.32122620803844,34.17758343210849],[133.3211302486574,34.1775329067061],[133.3211217442887,34.17752842892023],[133.3210497579417,34.177487966865314],[133.32095785627047,34.17743897924961],[133.32095445987747,34.177437289687326],[133.32088178495025,34.17751369641857],[133.32085643805632,34.17752278341995],[133.3208372407113,34.17753440601238],[133.32081946420658,34.177535817551],[133.3208309927884,34.17758015291507],[133.32085687270717,34.17766908605164],[133.32089008834728,34.17773413083266],[133.320940162498,34.17780302416283],[133.32097420085714,34.17784067012564],[133.32099367689435,34.17787638368383],[133.3210265403151,34.17794464105029],[133.3210377888847,34.177979469292815],[133.3210385720718,34.177982471986766],[133.32104042886445,34.17798959091066],[133.32103661049968,34.17799019704212],[133.32103436024252,34.17799055426861],[133.3209836608341,34.17800068598169],[133.32089351636313,34.17802668107365],[133.32079146402754,34.17806444755308],[133.32073161782728,34.17808411442007],[133.32062059792406,34.1781082521292],[133.32063664355258,34.17818360650996],[133.3206980899547,34.17824023286518],[133.32079228582342,34.178293868253846],[133.32078136330313,34.17831873575474],[133.32078017644332,34.178321074538296],[133.32078526514456,34.178329264424185],[133.32077952469447,34.17832869849477],[133.32077901162174,34.17833034087415],[133.32078844941563,34.17833573400775],[133.32077841974154,34.178333879468944],[133.32066620598854,34.17839336810609],[133.3205235306885,34.17828419702913],[133.32054005093516,34.17832834656391],[133.32055868929265,34.178385031579225],[133.32057414537135,34.1784680762862],[133.32060019347747,34.178554813506466],[133.32061841193982,34.17859438610944],[133.3206300373708,34.178627076272505],[133.3206304392223,34.1786282062937],[133.32066325506472,34.178726861782266],[133.32073789777323,34.178676758379304],[133.32086220174466,34.17874395130848],[133.32096691817628,34.17880930924694]]]},"properties":{"classLabel":"土砂災害特別警戒区域","phenomenon":"急傾斜の崩壊","name":"恵比須","areaCode":"349-Ⅰ-487(1)","address":"魚島","noticeDate":"2021-01-29"}},{"type":"Feature","id":51,"geometry":{"type":"MultiPolygon","coordinates":[[[[133.32041897732688,34.17692146587627],[133.3202602944048,34.17677767770133],[133.32017990945766,34.17679713403584],[133.3200958347103,34.176817483358725],[133.32007308455962,34.1768949742973],[133.3201082651307,34.17701250026284],[133.32014528533256,34.17720150844622],[133.32023556698618,34.17736925020175],[133.32038252582757,34.17753141564837],[133.32045129173613,34.17749036548644],[133.32051449122116,34.17745263814765],[133.32053247979286,34.17724510485195],[133.3204465569148,34.177102653617766],[133.3204167999191,34.1770057724936],[133.32041897732688,34.17692146587627]]],[[[133.31946151535354,34.17744816743965],[133.31943905808862,34.177290791675134],[133.3194302940916,34.17729305983161],[133.3193763849294,34.17730701163175],[133.31938925552043,34.177465762778326],[133.31940163427157,34.1776113263772],[133.31946024054633,34.17777788259411],[133.31955456517238,34.17811925950026],[133.31960748774864,34.178041142160254],[133.31964046589897,34.17799246408403],[133.3196949793556,34.177937445947535],[133.3197303661446,34.17791032242503],[133.31957077178862,34.17774206113296],[133.31951248270724,34.17758113705836],[133.31946151535354,34.17744816743965]]],[[[133.31783838345885,34.180234625107026],[133.31785444911173,34.18008432039195],[133.31791325442677,34.17998860543275],[133.31798989392743,34.17989277045097],[133.31812012701303,34.179777219012664],[133.31832673064136,34.17968637561388],[133.3184309871479,34.17950569483613],[133.3184564763833,34.17953224374612],[133.31859415916662,34.17953627513127],[133.31864618983346,34.179531522803316],[133.31871648834695,34.179558826491935],[133.3188889745467,34.179486101313096],[133.3189411903674,34.17941635540191],[133.3190177915355,34.1792761596454],[133.3191479744565,34.17921238306094],[133.319283956036,34.179136056457374],[133.31943190498927,34.17901812421026],[133.31958523015558,34.17895523639159],[133.31975887466334,34.17898163688818],[133.31993027845405,34.178763324670165],[133.31987086766048,34.17865797534246],[133.31982874934715,34.17856406478131],[133.3198284627845,34.17854072368508],[133.31986519351307,34.17856590421151],[133.32005506645666,34.17855666315633],[133.32018357919569,34.17871110376993],[133.3202837013308,34.178687693047216],[133.32041538038982,34.17873651403337],[133.32056220461848,34.17873735951024],[133.32066296718136,34.17872702166765],[133.32062974540952,34.178627227347185],[133.32061860724468,34.17859376952093],[133.3206005543214,34.17855606924328],[133.32057439323347,34.1784679671411],[133.32055757657653,34.17838176288611],[133.3205394587411,34.178327220356756],[133.3205235185408,34.17828414913623],[133.32050764304446,34.178288582948696],[133.32044019472062,34.178295875931084],[133.32037132244574,34.17828143494893],[133.32034967812658,34.17827840229788],[133.32026777715026,34.17823742399496],[133.32011492333095,34.17818861487082],[133.3199002951624,34.17805701760901],[133.31988330178248,34.17808226087604],[133.31985229020466,34.17812505150666],[133.31980967714688,34.17818430680219],[133.3197909809706,34.17821674034929],[133.31976894209686,34.17828296278464],[133.31975743119614,34.178326893061815],[133.31974574201604,34.17836445657547],[133.31974567314072,34.17836467789685],[133.31971923766847,34.178465844920765],[133.31978846368995,34.17851330252072],[133.31961350702582,34.178502071219306],[133.31949235644097,34.17852218979752],[133.31944415587358,34.178530194104525],[133.31935871016356,34.17854278443498],[133.31927871940297,34.17853776578686],[133.31916274056815,34.178518522466156],[133.31913051435458,34.17851412682977],[133.31913350441738,34.178535843164944],[133.31913126835673,34.178560828802894],[133.31913409082782,34.17856821058443],[133.31913867565365,34.178575782405495],[133.31913528520852,34.178576828460564],[133.3191189526394,34.17858634450762],[133.3190395050287,34.17868343496764],[133.31892901811182,34.17873612532318],[133.31886197595122,34.17874978487969],[133.31871954603645,34.178920133947514],[133.31863317796177,34.17896620707977],[133.31862876187708,34.178970161601754],[133.3186242740555,34.17897079939154],[133.31862087511908,34.178973231219345],[133.31861798751777,34.178973771015144],[133.3186101666397,34.178971899856734],[133.3185988570176,34.178969959844785],[133.31858283093823,34.17896616247821],[133.3185745303489,34.17899770436084],[133.31855368918,34.179072080318875],[133.31851043547599,34.17916055069574],[133.31843769316774,34.17926028036476],[133.31840635425152,34.17934587473852],[133.3183710590053,34.17944227463632],[133.31838729665805,34.179459522246965],[133.31836533759852,34.17946006258055],[133.31825456165387,34.17946278834069],[133.3181940799885,34.17955183042166],[133.3180739521803,34.17960548020613],[133.31779222782814,34.179637383200806],[133.3176165311048,34.17980965496265],[133.31743716108426,34.18007632711451],[133.31737198081092,34.180208441770226],[133.31756496904515,34.180195102820576],[133.3177196385354,34.18021746050276],[133.31783838345885,34.180234625107026]]]]},"properties":{"classLabel":"土砂災害特別警戒区域","phenomenon":"急傾斜の崩壊","name":"井の浦","areaCode":"349-Ⅰ-488(1)","address":"魚島","noticeDate":"2021-01-29"}},{"type":"Feature","id":52,"geometry":{"type":"MultiPolygon","coordinates":[[[[133.31343410642125,34.180442848335744],[133.3134301851266,34.180442233788945],[133.3133942762227,34.18052299133077],[133.3133962848677,34.18052421884654],[133.31341891968478,34.180538051273466],[133.3134867391925,34.18045109676198],[133.31343410642125,34.180442848335744]]],[[[133.31315719921838,34.18069010632768],[133.31337268656068,34.18063329050134],[133.31336471449194,34.1806251055569],[133.3133464369234,34.18060633987442],[133.3133376563421,34.180597324791556],[133.31314389957242,34.18066605620525],[133.31281600227385,34.180576069171146],[133.3129016852305,34.18061928662438],[133.31298753678726,34.18068671780528],[133.31299804520768,34.180711314461306],[133.31301653873385,34.18075460159715],[133.31302964821919,34.18078528645059],[133.31305098488968,34.18079019789308],[133.31315719921838,34.18069010632768]]]]},"properties":{"classLabel":"土砂災害特別警戒区域","phenomenon":"急傾斜の崩壊","name":"大木B","areaCode":"349-Ⅰ-490(1)","address":"魚島","noticeDate":"2021-01-29"}},{"type":"Feature","id":53,"geometry":{"type":"Polygon","coordinates":[[[133.27417071367142,34.191702509590336],[133.2741585423701,34.19152780526877],[133.2740442818116,34.19148962916863],[133.27394428864122,34.191456219905696],[133.27375042121042,34.191448680766555],[133.2737119221494,34.19143774871356],[133.2736738264852,34.19151376842274],[133.27366922630694,34.19152327691463],[133.273639155301,34.19153245673912],[133.27355212133193,34.191560301219965],[133.2734789388871,34.191555610749525],[133.27345127400199,34.19155463360617],[133.27332650611578,34.191360389482035],[133.27324522396069,34.191200379800705],[133.27318783128797,34.191135112308366],[133.27299656865074,34.19098904853482],[133.2728067239721,34.190917471295336],[133.27274936898482,34.190892003333644],[133.27274706264018,34.19089621065147],[133.2727061369821,34.190972111361525],[133.27266645248443,34.19105779186124],[133.2726394513306,34.19114543585378],[133.27263199272542,34.19116964598839],[133.27262138011844,34.191244670064826],[133.27266985933517,34.1913181868956],[133.2728309003486,34.19141324167931],[133.2729486082798,34.19152003857791],[133.27299827058462,34.191666887575906],[133.27313018906293,34.191695113129455],[133.27328765583803,34.191782352263],[133.27341909202087,34.19195638457287],[133.27362670617708,34.191984982714146],[133.27383732996452,34.19192760497862],[133.27409135723707,34.19185015800226],[133.27417071367142,34.191702509590336]]]},"properties":{"classLabel":"土砂災害特別警戒区域","phenomenon":"急傾斜の崩壊","name":"浦A","areaCode":"349-Ⅰ-491(1)","address":"魚島","noticeDate":"2021-01-29"}},{"type":"Feature","id":54,"geometry":{"type":"MultiPolygon","coordinates":[[[[133.27174599245416,34.192145515038085],[133.27184937882535,34.192034584329164],[133.27188141640553,34.19187207753651],[133.27181993465197,34.191858600380286],[133.27181508643932,34.1918576872762],[133.27176073209102,34.19184745022982],[133.2716937551543,34.19198406218815],[133.27163169314753,34.1920595250927],[133.27148111753124,34.19203471692165],[133.27150614732517,34.19206096948625],[133.2715310607056,34.19208234226041],[133.27160389097145,34.192135936606604],[133.27160448437016,34.19213634083097],[133.27167626702368,34.192185238821374],[133.27174599245416,34.192145515038085]]],[[[133.27179553320116,34.19245535892479],[133.27168312088122,34.19234209552759],[133.27162294939873,34.192400997265345],[133.27149392806157,34.19252729560698],[133.2716114825505,34.19262002432593],[133.27167817178344,34.1925644349007],[133.27172911015106,34.19251845523988],[133.27172999941436,34.19251761051834],[133.27179553320116,34.19245535892479]]],[[[133.27258935933295,34.19377342351882],[133.27269136745673,34.19375112176915],[133.27286456701202,34.1937589401945],[133.27294308930433,34.19377036308525],[133.27300512925666,34.19377938821538],[133.27300516957834,34.19377920623787],[133.27306557820216,34.193762158353614],[133.27304779516103,34.19356552346899],[133.27300578385632,34.193549951586185],[133.27301444185605,34.19352882323763],[133.27286798927233,34.19345006286339],[133.27271928316242,34.19335745505104],[133.27274184801948,34.19332961909886],[133.27270395977345,34.193337080073924],[133.27274141273745,34.19319943123226],[133.27276460955056,34.19307115167856],[133.27278562826692,34.19300318178895],[133.272746635429,34.19288146557445],[133.27262073092788,34.19276781293346],[133.27266633432833,34.192662518516215],[133.27267668176523,34.19262783530761],[133.27261142163238,34.192607441935614],[133.27259697131908,34.1926029263238],[133.27257793325646,34.19259515038775],[133.27254004337746,34.19261592375453],[133.27222998515865,34.19287806646042],[133.27225672452948,34.19293890270513],[133.27226344899543,34.192971028189575],[133.27226492762784,34.193002183375896],[133.27213069626603,34.19316629476222],[133.27224064489235,34.193445827188185],[133.27224107028732,34.193447615275936],[133.27225394931568,34.19358569056115],[133.27243529957624,34.19372815623455],[133.272484634849,34.19379061165968],[133.27249064499833,34.193814731744936],[133.27249145438734,34.19381445575874],[133.27258935933295,34.19377342351882]]]]},"properties":{"classLabel":"土砂災害特別警戒区域","phenomenon":"急傾斜の崩壊","name":"浦B","areaCode":"349-Ⅰ-492(1)","address":"魚島","noticeDate":"2021-01-29"}},{"type":"Feature","id":55,"geometry":{"type":"Polygon","coordinates":[[[133.3148644581038,34.18026867753184],[133.3148648890387,34.180257673334374],[133.31464595242883,34.18027263511972],[133.3146463520259,34.180277100182025],[133.3146503929574,34.18032225435226],[133.31486254737692,34.18031746717567],[133.3148644581038,34.18026867753184]]]},"properties":{"classLabel":"土砂災害特別警戒区域","phenomenon":"急傾斜の崩壊","name":"大木A","areaCode":"349-Ⅱ-1(1)","address":"魚島","noticeDate":"2021-01-29"}},{"type":"Feature","id":56,"geometry":{"type":"MultiPolygon","coordinates":[[[[133.22539712254797,34.28892211078089],[133.22531936240756,34.28887566620951],[133.22528016837546,34.28892370917834],[133.22525955453406,34.288948977009774],[133.22534017970173,34.28898802563541],[133.22535813637435,34.28896723969392],[133.22539712254797,34.28892211078089]]],[[[133.2246923092945,34.28885606340694],[133.2246682628351,34.28879409150139],[133.22448454311893,34.288818795658905],[133.2242830750807,34.28889639505367],[133.2242740688,34.28902781430516],[133.2242586133875,34.28911025102751],[133.2242497095465,34.28930514631172],[133.22432000395165,34.28930556886069],[133.2243741107336,34.289305894082695],[133.22448798723337,34.28915825809451],[133.22451645303167,34.28907850898681],[133.22452682367893,34.289036105199756],[133.22459539275482,34.28902533013311],[133.2247142876816,34.288908635183915],[133.22469280857928,34.28885725766854],[133.2246923092945,34.28885606340694]]],[[[133.2235425564909,34.28985740957969],[133.22359824458815,34.2898116879009],[133.22369649187155,34.28981544268281],[133.22389056022647,34.28986217188343],[133.22405780248428,34.289741476608775],[133.2241673749893,34.28967610277617],[133.22420372590085,34.2895723424542],[133.22416263999207,34.28954314423375],[133.22410925932127,34.28950520855576],[133.22403477090523,34.28954677026366],[133.22395123611813,34.28961059614131],[133.22381091613036,34.28965479502479],[133.22366394531744,34.28969983831582],[133.22351958448687,34.28972194978518],[133.2234556884719,34.28980833118375],[133.22338553554292,34.28983713366969],[133.2233291935313,34.2898804330002],[133.2234005206955,34.28989675177002],[133.2234439542273,34.28990668880875],[133.22350592860406,34.28988110353612],[133.2235425564909,34.28985740957969]]]]},"properties":{"classLabel":"土砂災害特別警戒区域","phenomenon":"急傾斜の崩壊","name":"久司浦A","areaCode":"350-Ⅰ-493(1)","address":"弓削久司浦","noticeDate":"2021-01-29"}},{"type":"Feature","id":57,"geometry":{"type":"MultiPolygon","coordinates":[[[[133.2120369638344,34.27823615406244],[133.2119909596434,34.27821940621961],[133.21197551376653,34.278277853621255],[133.21200905959,34.27829497788588],[133.21201115076718,34.27829602805418],[133.21203804670768,34.27823656904069],[133.21203718955977,34.27823623624041],[133.2120369638344,34.27823615406244]]],[[[133.21154277123617,34.278353769639416],[133.211482458853,34.27834403826639],[133.2114487433326,34.27844857432223],[133.2115168344511,34.278524077899306],[133.2115306696361,34.27861079927367],[133.21155399897165,34.27868737676993],[133.2116837381062,34.27876932437763],[133.21179968641994,34.278836768193194],[133.21186099181347,34.27898745536244],[133.21189213586055,34.2790464636814],[133.21190257811705,34.27911619640162],[133.21186762333681,34.27926377208048],[133.211894553633,34.27946456488641],[133.21197546197496,34.2796222024123],[133.21194369191028,34.2797793565772],[133.2119739355881,34.2798003548192],[133.21202395980373,34.27979978886884],[133.21202402943345,34.279799787759934],[133.21203019939736,34.27979969051793],[133.21209316214436,34.279772299569835],[133.21213842124908,34.27958339238735],[133.21199739718088,34.27943054701604],[133.2120335454396,34.27929232185966],[133.212027521371,34.27911745278026],[133.21199984951264,34.27901188912664],[133.21198339765468,34.27893635366971],[133.21192923055048,34.27877748556671],[133.21177943001288,34.27863579920266],[133.21163904222084,34.27860222927046],[133.21157832383125,34.27858019774942],[133.21154328013134,34.278529744220954],[133.21153777196662,34.27846723533801],[133.21158192942514,34.27835999218209],[133.21154277123617,34.278353769639416]]]]},"properties":{"classLabel":"土砂災害特別警戒区域","phenomenon":"急傾斜の崩壊","name":"上弓削A","areaCode":"350-Ⅰ-495(1)","address":"弓削上弓削","noticeDate":"2021-01-29"}},{"type":"Feature","id":58,"geometry":{"type":"MultiPolygon","coordinates":[[[[133.20661898943857,34.27158429517096],[133.2065251053143,34.271547564784555],[133.2063355049928,34.271703951839854],[133.2062965529658,34.27187720748954],[133.20621882124038,34.27199896744327],[133.20615600156853,34.272166564981994],[133.2061663187379,34.27229317516335],[133.20616438858926,34.27236915325721],[133.2062546514415,34.272386374487525],[133.20625791606207,34.272386997351894],[133.20633489446348,34.272397726820984],[133.20636949407677,34.27240114282934],[133.20637271081497,34.272316578682556],[133.20654050249203,34.27220886103555],[133.20672032660428,34.271984558034205],[133.20688858287792,34.27182952513709],[133.20686857692615,34.271691361629074],[133.20687105224678,34.27163624022031],[133.20679820835977,34.27162742312213],[133.2067319212007,34.27161203170076],[133.20662332603237,34.27158599177858],[133.20661898943857,34.27158429517096]]],[[[133.2060012265849,34.27256685388085],[133.20599003537413,34.27252603826353],[133.20595173449115,34.27253016890678],[133.2059455448026,34.272570021487844],[133.20596302798666,34.27259832740959],[133.2059989939842,34.27259892349164],[133.2060109624413,34.27259912185974],[133.2060012265849,34.27256685388085]]],[[[133.2061777301911,34.272914589227675],[133.20612366543958,34.272857049588545],[133.20610271839212,34.272868291012536],[133.2060799088636,34.27288013519903],[133.20602127736345,34.27291058041521],[133.2060998427188,34.27300517296896],[133.20614388023165,34.27295395701282],[133.2061777301911,34.272914589227675]]],[[[133.20793498109097,34.27327417939016],[133.2079970889349,34.27317229027011],[133.20802121085217,34.2731320310069],[133.2080550011913,34.27306989367006],[133.208091256259,34.273002122419534],[133.20802269924613,34.2729648131174],[133.207979701446,34.2729301986244],[133.20794454478545,34.2728839400874],[133.20793759481214,34.27287122422297],[133.20775068729685,34.27289513390974],[133.20768463318657,34.27292060943788],[133.2076385160996,34.27293919674197],[133.20688420392446,34.27323550002428],[133.206886195299,34.27323133601184],[133.20679121223824,34.273164558735914],[133.20665620321262,34.27306595650952],[133.20648401961182,34.273022074089106],[133.2064090503829,34.27302114493735],[133.20625073102244,34.272989725444184],[133.20623319449115,34.2730150322823],[133.20623262066636,34.27301586038345],[133.20620397406373,34.27305551063734],[133.20640115212046,34.27311797798675],[133.20648273718132,34.27311371982646],[133.2065646461701,34.27316579863098],[133.2067195912878,34.27324492281137],[133.20681660322617,34.273302883509594],[133.2068101494314,34.27331264728244],[133.20694057204324,34.27345905708585],[133.20704836928152,34.27353736945151],[133.2071222793624,34.27358626035914],[133.2072960213183,34.27369120519761],[133.20744929820535,34.27377968632828],[133.207591528379,34.273847397703484],[133.2076426851365,34.27375500013113],[133.20764443637205,34.27375227643894],[133.2077226999919,34.273630553373444],[133.2077859988467,34.273531155569025],[133.20786378445766,34.273403919537486],[133.20788971342517,34.273361176248386],[133.20793498109097,34.27327417939016]]]]},"properties":{"classLabel":"土砂災害特別警戒区域","phenomenon":"急傾斜の崩壊","name":"上弓削B","areaCode":"350-Ⅰ-496(1)","address":"弓削上弓削","noticeDate":"2021-01-29"}},{"type":"Feature","id":59,"geometry":{"type":"Polygon","coordinates":[[[133.20037204571867,34.26949808946496],[133.20036246522992,34.26946823345393],[133.20058836423328,34.2694998014446],[133.20060188028134,34.26955801698312],[133.20071638684828,34.26951543454951],[133.20086908110972,34.269477892053175],[133.2008707024243,34.26945660523063],[133.20087071324215,34.269456463285],[133.20087071819782,34.26945119726371],[133.2005092617392,34.26900878968823],[133.2003861065712,34.26899982117579],[133.20021901573023,34.26905490106127],[133.2002187789862,34.26905638142088],[133.20017436724405,34.269066775584555],[133.2000654763894,34.26922775410942],[133.20006549142056,34.26922801944934],[133.20007334540057,34.26931869770038],[133.20008420172996,34.26938611364485],[133.200097454754,34.26943656759675],[133.200119648515,34.26949575884607],[133.20012001648277,34.26949674024052],[133.20013579173133,34.269537531631485],[133.2002594554181,34.269573086798374],[133.2003076326594,34.26956388027772],[133.2002912677501,34.26950438322593],[133.20037204571867,34.26949808946496]]]},"properties":{"classLabel":"土砂災害特別警戒区域","phenomenon":"急傾斜の崩壊","name":"引野A","areaCode":"350-Ⅰ-497(1)","address":"弓削引野","noticeDate":"2021-01-29"}},{"type":"Feature","id":60,"geometry":{"type":"MultiPolygon","coordinates":[[[[133.20128194021186,34.26667579532908],[133.20129502903347,34.26659575896809],[133.201287210146,34.2665959194414],[133.2012868853699,34.26659594361883],[133.2012309572883,34.26660010849241],[133.20123013195752,34.26669269414572],[133.2012755372443,34.26667770356928],[133.20127652937668,34.26667737602603],[133.20128194021186,34.26667579532908]]],[[[133.20173002429135,34.267120686610426],[133.20164918860905,34.26711861623603],[133.20157638115174,34.26727066316597],[133.20152421608935,34.26732494586987],[133.2015518788603,34.267369008955264],[133.20149976012883,34.26740792387011],[133.20150746026695,34.26764399362075],[133.20154580719418,34.26763011978033],[133.2015621574082,34.26762541422504],[133.20157742211683,34.26762102105945],[133.20171955159952,34.267498600893695],[133.20175035727866,34.26743501741874],[133.20189547623306,34.26740660894378],[133.20191119070657,34.267341200038615],[133.2017957173768,34.26712299354514],[133.20173009292702,34.26712068839388],[133.20173002429135,34.267120686610426]]],[[[133.1995736739395,34.268027294032095],[133.19956523397423,34.26798234813765],[133.1994177012449,34.268016685989004],[133.19945445970984,34.268065761227916],[133.19947277559783,34.26809021428874],[133.19957452944226,34.26803184986139],[133.1995736739395,34.268027294032095]]]]},"properties":{"classLabel":"土砂災害特別警戒区域","phenomenon":"急傾斜の崩壊","name":"引野B","areaCode":"350-Ⅰ-498(1)","address":"弓削引野","noticeDate":"2021-01-29"}},{"type":"Feature","id":61,"geometry":{"type":"Polygon","coordinates":[[[133.20056578870305,34.26074771058953],[133.20052131125934,34.26071324379779],[133.20051123691806,34.26071908846913],[133.20050961637654,34.260720028618024],[133.2005577209812,34.26075520956155],[133.2005579763001,34.26075497225803],[133.20056578870305,34.26074771058953]]]},"properties":{"classLabel":"土砂災害特別警戒区域","phenomenon":"急傾斜の崩壊","name":"下弓削E","areaCode":"350-Ⅰ-500(1)","address":"弓削下弓削","noticeDate":"2021-01-29"}},{"type":"Feature","id":62,"geometry":{"type":"MultiPolygon","coordinates":[[[[133.20134447464315,34.26054683136595],[133.20131390105774,34.26050546046235],[133.20123832975094,34.26055803207582],[133.20126977069563,34.260586521030156],[133.20135383998996,34.260559504121325],[133.20134447464315,34.26054683136595]]],[[[133.20177259665687,34.26056034240543],[133.2016904647808,34.26055841508832],[133.20167832946254,34.260571988852476],[133.20167185455622,34.26057923125167],[133.20178457479992,34.26060760496044],[133.2017833954652,34.260602951572636],[133.20177259665687,34.26056034240543]]]]},"properties":{"classLabel":"土砂災害特別警戒区域","phenomenon":"急傾斜の崩壊","name":"下弓削D","areaCode":"350-Ⅰ-501(1)","address":"弓削下弓削","noticeDate":"2021-01-29"}},{"type":"Feature","id":63,"geometry":{"type":"MultiPolygon","coordinates":[[[[133.20293041475924,34.26033774076199],[133.2027574875593,34.26025367844745],[133.20273140428603,34.2602848699613],[133.20273125761472,34.26028504535127],[133.2027288226587,34.260288071419936],[133.2028990760622,34.2603968214504],[133.20311080007266,34.26044064377224],[133.20311117571944,34.260437663987574],[133.20311123379983,34.26043734379654],[133.20311921881674,34.26039331766317],[133.20293041475924,34.26033774076199]]],[[[133.20486228104323,34.26009431589026],[133.2047786093766,34.26003962949361],[133.2047714083887,34.26008274694941],[133.20460885356596,34.26020991931517],[133.20457471732098,34.260272205472965],[133.2045832119111,34.26040763818936],[133.20449760887365,34.26051458109691],[133.20450651963597,34.26052975054722],[133.20450691234186,34.260530419086635],[133.2045115544059,34.26054114532837],[133.20497024514074,34.260607060140714],[133.2047177675673,34.26033463738412],[133.20476400142795,34.26031821008429],[133.20496913616572,34.26020188250395],[133.20498782223245,34.260176367246515],[133.20486228104323,34.26009431589026]]],[[[133.20439005972568,34.260578223554305],[133.20437896328275,34.26056032211857],[133.20433945625496,34.26057535059002],[133.2042341365457,34.26048459736702],[133.2041601328286,34.26043301307359],[133.20412545279356,34.26046118985653],[133.2041225212285,34.26046357168328],[133.2041698381132,34.260538636630926],[133.20436189062846,34.26060713267281],[133.20439836405183,34.26059000096541],[133.20439151050803,34.260580281076116],[133.20439005972568,34.260578223554305]]],[[[133.2035572340257,34.26056194620271],[133.20364006348487,34.26051321535591],[133.20376107756803,34.2604605580803],[133.2038668857274,34.26027934224613],[133.2038495028413,34.26024161504848],[133.20371639915075,34.26035862543321],[133.20358337398625,34.260401610412416],[133.20353078034418,34.260478873251365],[133.2035085524055,34.26049005482943],[133.20339412609022,34.26053748097959],[133.20327289362663,34.26055911257997],[133.20323664054447,34.26052860386232],[133.20322488727126,34.26056848401222],[133.20324714078606,34.26088446906746],[133.20343763307966,34.26071236155076],[133.20353279919794,34.260573912202716],[133.2035572340257,34.26056194620271]]]]},"properties":{"classLabel":"土砂災害特別警戒区域","phenomenon":"急傾斜の崩壊","name":"下弓削C","areaCode":"350-Ⅰ-502(1)","address":"弓削下弓削","noticeDate":"2021-01-29"}},{"type":"Feature","id":64,"geometry":{"type":"MultiPolygon","coordinates":[[[[133.20445521609741,34.25979048681894],[133.2046347717144,34.25978090997633],[133.20479664542782,34.259782887544056],[133.20491554589267,34.25977018333459],[133.20510874314826,34.25978717547819],[133.2053209489881,34.25974412315676],[133.20545375746505,34.25970032461398],[133.20552644287963,34.2596616929482],[133.20566964114585,34.25952915193817],[133.205702462666,34.259340064673346],[133.20572608820737,34.259219332469726],[133.2056988530511,34.25920700278538],[133.20568614116,34.259201039695185],[133.20567552804692,34.25919549655418],[133.20567547935718,34.25919547834683],[133.20560454474497,34.259168974937545],[133.20557013932205,34.25930242151719],[133.2054874291462,34.25946848909177],[133.20541090765025,34.259571023898594],[133.20538702684507,34.25959037515781],[133.2052701673669,34.25962338229469],[133.20511213335988,34.259648305882216],[133.20491191434158,34.25964062291851],[133.20478690667113,34.25968552942217],[133.2046306408913,34.25969159823994],[133.20439037848695,34.259785882114706],[133.20446162318154,34.25987184569134],[133.2044970494278,34.25985710789638],[133.20445521609741,34.25979048681894]]],[[[133.20695271511494,34.25986501615006],[133.20696050373718,34.259774973629405],[133.20673269744876,34.25979889279514],[133.2065100112481,34.25979443357519],[133.20653036385332,34.259882877572664],[133.20653045555707,34.25988329628018],[133.20655110386525,34.2599775698912],[133.2065675944069,34.26005675821011],[133.20675651082107,34.26003902818439],[133.20696544143541,34.26001382317966],[133.20695984225617,34.25994664632515],[133.2069549321877,34.259912745589425],[133.20695272976235,34.259865331323645],[133.20695271511494,34.25986501615006]]],[[[133.20485765430655,34.259902956809064],[133.20474934277476,34.25985313771882],[133.20474758543702,34.259854351083746],[133.20474688939203,34.25985484070406],[133.20470953058634,34.25988111927234],[133.20475391643677,34.259914028312046],[133.20463694011215,34.259997528632475],[133.20460875538342,34.26008112050786],[133.20461785931133,34.260088155180185],[133.20468055901105,34.260030104065805],[133.20485765430655,34.259902956809064]]],[[[133.20599162236272,34.260084503441014],[133.20592376579302,34.26000794511807],[133.20571656142897,34.260086191059095],[133.20556740413352,34.2602204624933],[133.20553423717942,34.260389216292666],[133.20561515146792,34.26045353803807],[133.2056152982758,34.26045365474049],[133.20571172178214,34.260540445315534],[133.20584753694507,34.26067829617986],[133.2059531837694,34.26078149713416],[133.20607490203165,34.26089023658279],[133.20618435210474,34.26098873110655],[133.2063008612601,34.26108023573116],[133.20648373780818,34.26123576687251],[133.20659229422807,34.26131932924441],[133.20662621646852,34.261345205910274],[133.20667248206203,34.26130515056599],[133.20673542484656,34.26125349169747],[133.20682231710703,34.261201018264835],[133.20678456477827,34.26116154257088],[133.20670070427983,34.261069342836926],[133.20663713361623,34.26098918495749],[133.20655904536028,34.260884212634124],[133.20649798863604,34.26078635874255],[133.20642165651668,34.26066723072957],[133.20632004505995,34.2605155112018],[133.20625385096577,34.26042401711818],[133.20615460682487,34.260295540896585],[133.20605003428133,34.26015968356568],[133.205991726219,34.2600846370986],[133.20599162236272,34.260084503441014]]]]},"properties":{"classLabel":"土砂災害特別警戒区域","phenomenon":"急傾斜の崩壊","name":"下弓削B","areaCode":"350-Ⅰ-503(1)","address":"弓削下弓削・弓削藤谷","noticeDate":"2021-01-29"}},{"type":"Feature","id":65,"geometry":{"type":"MultiPolygon","coordinates":[[[[133.20689355108235,34.257802920055326],[133.2068130763001,34.25779625610439],[133.2068046500378,34.25784734236867],[133.20680311028266,34.25785667749184],[133.2067989920343,34.2578787814098],[133.20688424604006,34.257865901282784],[133.20688624048205,34.2578507149294],[133.20689355108235,34.257802920055326]]],[[[133.20657489144799,34.25811756418955],[133.20657412117134,34.25811456699857],[133.20647387627727,34.258126083256016],[133.20642393968978,34.25814590159606],[133.20640677456413,34.2581561597707],[133.2064065839214,34.25815627370357],[133.20637300532164,34.25817831715393],[133.20647861601432,34.25822181608839],[133.20658583350993,34.25816014014513],[133.20657489144799,34.25811756418955]]],[[[133.20842552206526,34.2583174760369],[133.20834586823875,34.258152326665964],[133.20822034138934,34.258168604102025],[133.20810671622726,34.25804783958468],[133.20798015532083,34.25790729493072],[133.2078563893041,34.25777232478146],[133.20765548020628,34.25767420723632],[133.207438715498,34.25757807565829],[133.2072855046019,34.25758925605672],[133.20711549393883,34.25765503844033],[133.20713593004157,34.25772585427101],[133.2071499464512,34.257761409860954],[133.20717044164493,34.25778562740625],[133.20734884088674,34.257727974283675],[133.2074333202609,34.257712926468464],[133.2075832600648,34.25777671683043],[133.2076078105173,34.25784221965385],[133.20746130536472,34.25779004704189],[133.20732220215163,34.25787650399705],[133.2072589607224,34.25797040664454],[133.20731078968805,34.25806826574888],[133.2073533707832,34.258072379264576],[133.20737028507133,34.258074013220856],[133.20735085819777,34.258016652474055],[133.20741058301115,34.257942028124],[133.20747546517464,34.25783771635939],[133.20757290347476,34.257917907039264],[133.207590208782,34.257895151998305],[133.2075905378566,34.2578947193],[133.2076174743953,34.25786800372383],[133.20765768387773,34.257975285955446],[133.20777720051575,34.258059642537496],[133.20791240587135,34.25817729587416],[133.2081261690048,34.25829196211935],[133.20820523896265,34.25831422299758],[133.20824632364508,34.258388572231965],[133.20831772845727,34.2584768656849],[133.20836511064297,34.25846642208644],[133.20839630391038,34.25845122737701],[133.2084695040574,34.258409820336354],[133.20842552206526,34.2583174760369]]],[[[133.20878568886275,34.258540894692565],[133.20860036263406,34.258489214418795],[133.20858895276714,34.25852448787395],[133.20858859398646,34.25852551198671],[133.20858318261594,34.25854095838505],[133.2087683672724,34.258586128120676],[133.20893665047944,34.25862397407494],[133.2089379642989,34.25862201420745],[133.20893802154728,34.25862192880923],[133.20895976326943,34.25858465557813],[133.20878568886275,34.258540894692565]]],[[[133.2072960333997,34.25834503656372],[133.207102909494,34.25824233227415],[133.20697554927642,34.25820025622613],[133.20682193567572,34.258234934932034],[133.20682210552698,34.258238181406824],[133.2068221120061,34.25823830176173],[133.2068245119218,34.25828291022301],[133.2069566375215,34.258274081699156],[133.20706395328472,34.258311993118305],[133.2072377198503,34.258402037200035],[133.20738088498933,34.2585218163922],[133.20747388697157,34.25863062058126],[133.2074981618443,34.25860225502305],[133.20749896961766,34.25860143032652],[133.20750012835109,34.25860024727204],[133.20743200670208,34.258495249379514],[133.2072960333997,34.25834503656372]]],[[[133.20804060027837,34.25874527906907],[133.20824287290114,34.25863545738102],[133.2081997880475,34.25861621553116],[133.2081983922705,34.258615400957986],[133.20819647629637,34.25861428280186],[133.20800582122936,34.25866177822308],[133.20791103080236,34.258660079119416],[133.20781949359434,34.25860371079073],[133.20779828889656,34.258625276524704],[133.20775521004424,34.25866908890465],[133.20783934663027,34.258730538194605],[133.20804060027837,34.25874527906907]]]]},"properties":{"classLabel":"土砂災害特別警戒区域","phenomenon":"急傾斜の崩壊","name":"下弓削A","areaCode":"350-Ⅰ-504(1)","address":"弓削下弓削・弓削藤谷","noticeDate":"2021-01-29"}},{"type":"Feature","id":66,"geometry":{"type":"MultiPolygon","coordinates":[[[[133.2036618620451,34.255912890238285],[133.20362752291985,34.255877725439305],[133.2035853148123,34.25599949920491],[133.20362049607786,34.256003924639465],[133.20362182058628,34.25600412528923],[133.20362875464804,34.256005175858505],[133.2036648541378,34.25591655879611],[133.2036643146816,34.25591540186889],[133.2036618620451,34.255912890238285]]],[[[133.203538943076,34.256133536921276],[133.20350955818202,34.25610691548044],[133.20349280107092,34.2561423792436],[133.20349388901164,34.25615667069504],[133.2034938947752,34.25615673976918],[133.20349434381765,34.256162133224244],[133.20354434569737,34.256138686613106],[133.20353900058203,34.25613359171011],[133.203538943076,34.256133536921276]]],[[[133.2042968787698,34.255990417361964],[133.20422931184095,34.25579954179737],[133.20422927471506,34.255799551612874],[133.20418129244905,34.25580928169113],[133.20421137486392,34.25598960656112],[133.20430027234218,34.256092541143175],[133.20414943064054,34.25618768866386],[133.20414461010805,34.25624936572598],[133.2042593798796,34.25636368427502],[133.2043388824847,34.25635989522071],[133.20433893850765,34.25635989459921],[133.20439717275065,34.25635925838763],[133.20439070372169,34.25625458589913],[133.20438053465173,34.256190484291146],[133.2044020331138,34.25610710874842],[133.2042968787698,34.255990417361964]]]]},"properties":{"classLabel":"土砂災害特別警戒区域","phenomenon":"急傾斜の崩壊","name":"下弓削G","areaCode":"350-Ⅰ-506(1)","address":"弓削下弓削","noticeDate":"2021-01-29"}},{"type":"Feature","id":67,"geometry":{"type":"MultiPolygon","coordinates":[[[[133.2029503957643,34.25344126340477],[133.2029579709795,34.253396718767014],[133.20295857252938,34.25339318147341],[133.20277435412964,34.253360980509214],[133.2026299961211,34.253338084257095],[133.2024732836823,34.25340699365944],[133.202473165722,34.25340913516828],[133.20247127539312,34.253443458629505],[133.20262034732258,34.253440154852136],[133.20275044815415,34.253484475012165],[133.2029503957643,34.25344126340477]]],[[[133.203420780426,34.25366236178752],[133.203627205792,34.25360171590259],[133.20375136016418,34.253608264637265],[133.203909993603,34.25362361988527],[133.20404255769415,34.25359280474138],[133.20426446331922,34.25361148009452],[133.20448697960003,34.253507627466256],[133.20445008856234,34.25347843972855],[133.20444759484508,34.25347646670409],[133.20426226816983,34.253515400865076],[133.20410571065997,34.253474699863496],[133.2039552084848,34.25333611919351],[133.20379757546706,34.253328446069226],[133.20369018125163,34.25331058092786],[133.2034742290179,34.25342495793576],[133.20322789395803,34.253593844199656],[133.2032261299762,34.253598137035794],[133.20321137522802,34.25363404402517],[133.203420780426,34.25366236178752]]],[[[133.202445992798,34.25373545378151],[133.20244236655512,34.253730570801096],[133.2023950871001,34.25377669338803],[133.20240340709267,34.253805264719],[133.20247513658805,34.25377469785307],[133.202445992798,34.25373545378151]]],[[[133.20470065391453,34.25367895299599],[133.20466319634843,34.2536492964604],[133.20445240751275,34.253701576494855],[133.2043071738662,34.25380885062387],[133.20421337488105,34.25400961761189],[133.20425931858824,34.25419169013432],[133.20411226665928,34.254309461497094],[133.20406831457913,34.25442603667578],[133.20410569458573,34.25445543587763],[133.2044957510655,34.254448871194356],[133.20454819848678,34.254214527620874],[133.20461484414176,34.254058267612756],[133.20462354839802,34.25395840479039],[133.20468734858682,34.25387987009911],[133.20470065391453,34.25367895299599]]],[[[133.2036804636009,34.254441256909054],[133.20340187010368,34.254437944033484],[133.20327434218353,34.25454756880149],[133.20314716809943,34.25469907978226],[133.2030453751448,34.25485625283155],[133.2031452229094,34.25489386984595],[133.20318389493508,34.254908439267425],[133.2032242768236,34.254907994459224],[133.20329078455632,34.25490742467922],[133.2033516130206,34.25490694264675],[133.20339188941543,34.254842720161655],[133.20353314304776,34.25475479095082],[133.20362147750953,34.25470406835191],[133.2036995114693,34.25447580670605],[133.20369910339227,34.25447506652104],[133.2036804636009,34.254441256909054]]]]},"properties":{"classLabel":"土砂災害特別警戒区域","phenomenon":"急傾斜の崩壊","name":"太田","areaCode":"350-Ⅰ-507(1)","address":"弓削太田・弓削下弓削・弓削土生","noticeDate":"2021-01-29"}},{"type":"Feature","id":68,"geometry":{"type":"MultiPolygon","coordinates":[[[[133.2024811410079,34.251471788456826],[133.20237583114258,34.25145409609187],[133.2020943509375,34.25154466274536],[133.20206159170334,34.25166481981549],[133.20206255920516,34.25174318802079],[133.20207220026543,34.25190666710454],[133.20218799885708,34.252048964355794],[133.20229013937373,34.252108614553215],[133.20234263865865,34.25207453424853],[133.20236818307384,34.25205795185982],[133.20233781400398,34.251949513207165],[133.20229270165987,34.251870024950996],[133.20229291271642,34.25174688626166],[133.20231164459398,34.25169554148062],[133.2023158643943,34.251673194819304],[133.20242542476572,34.251619786633206],[133.20248644993248,34.251490183400016],[133.20248554983604,34.251487166399414],[133.20248552657577,34.25148708521096],[133.2024811410079,34.251471788456826]]],[[[133.20148004608296,34.25261545471478],[133.20147310914015,34.25256542838885],[133.20138942176152,34.25260599795637],[133.20141915236255,34.252625178727904],[133.20143016147208,34.252632281255444],[133.20149038198898,34.252642065624855],[133.20148180466967,34.25262813694658],[133.20148004608296,34.25261545471478]]]]},"properties":{"classLabel":"土砂災害特別警戒区域","phenomenon":"急傾斜の崩壊","name":"土生","areaCode":"350-Ⅰ-509(1)","address":"弓削土生","noticeDate":"2021-01-29"}},{"type":"Feature","id":69,"geometry":{"type":"MultiPolygon","coordinates":[[[[133.18976010786906,34.25506530441838],[133.18992606466549,34.25500301062608],[133.1900690821411,34.25497197389001],[133.19003122313913,34.254919114929535],[133.19003111175599,34.25491894722516],[133.19000931691588,34.25488613757948],[133.1899064524339,34.25492648489954],[133.18974472385048,34.25495688625502],[133.18968890741544,34.25496166455066],[133.18961922049897,34.254960263790146],[133.18961662633293,34.25496036043385],[133.18945664873024,34.254994799017275],[133.1894523645678,34.25506977033801],[133.18945178661326,34.25507988419272],[133.189617620352,34.25506238100907],[133.18961892635613,34.25513261416632],[133.18968638387054,34.255142727682156],[133.18976010786906,34.25506530441838]]],[[[133.18983871471784,34.25577876321092],[133.18977648462166,34.2557654359928],[133.1896767030205,34.25593810779192],[133.18973305631354,34.256119410345],[133.18977192447696,34.25611731189394],[133.18979559520665,34.25611603392689],[133.18991074444313,34.25596160156218],[133.18987566149474,34.255789275930745],[133.18987040317563,34.25578690663793],[133.18984181757753,34.255779560576],[133.18983871471784,34.25577876321092]]]]},"properties":{"classLabel":"土砂災害特別警戒区域","phenomenon":"急傾斜の崩壊","name":"佐島B","areaCode":"350-Ⅰ-511(1)","address":"弓削佐島","noticeDate":"2021-01-29"}},{"type":"Feature","id":70,"geometry":{"type":"MultiPolygon","coordinates":[[[[133.18934989533324,34.252370580769366],[133.18932633974023,34.2523630724123],[133.1892863195674,34.25252900991155],[133.18923140433873,34.2525781578841],[133.18926778661395,34.252584645294306],[133.1892687235238,34.25258481234054],[133.18933575241468,34.25259676372287],[133.1894057726846,34.25256378334599],[133.18939845958212,34.2523860606699],[133.18934989533324,34.252370580769366]]],[[[133.18836549811422,34.25247957268135],[133.18835724826957,34.25246164097735],[133.18835716972495,34.25245878612941],[133.18822019964367,34.252466150828624],[133.18807445630355,34.25246171983792],[133.18804032174137,34.25254589338953],[133.18803027047497,34.25261872149253],[133.18801939308523,34.25269753533265],[133.1882700137866,34.25259453469058],[133.18838721018255,34.25252676561214],[133.18836549811422,34.25247957268135]]],[[[133.1885398235514,34.25298840562642],[133.18851379706473,34.25293572379131],[133.18848962146328,34.252944398028085],[133.18852871509748,34.25299289403541],[133.1885398235514,34.25298840562642]]]]},"properties":{"classLabel":"土砂災害特別警戒区域","phenomenon":"急傾斜の崩壊","name":"佐島C","areaCode":"350-Ⅰ-512(1)","address":"弓削佐島","noticeDate":"2021-01-29"}},{"type":"Feature","id":71,"geometry":{"type":"MultiPolygon","coordinates":[[[[133.18870760681256,34.25066763290238],[133.18873272759038,34.25055756050986],[133.18892312319215,34.2505676623011],[133.188917617959,34.25054722972437],[133.18891379119447,34.25051644574528],[133.18890563224872,34.250450811994],[133.18868563915171,34.25050859477373],[133.18859961068108,34.25062064507422],[133.18843375261915,34.25074608252773],[133.18840743939526,34.250789546659306],[133.18838633003506,34.250902582875455],[133.18847426143836,34.25093900968449],[133.18846537333818,34.25101021372333],[133.18840988515225,34.25110627037014],[133.18853220556258,34.25128812881759],[133.18857178051178,34.251466509021895],[133.18849304080942,34.251587517736525],[133.18840880972692,34.251601302812624],[133.1882094790177,34.251663262616184],[133.18825709785386,34.25172848729254],[133.1883064611113,34.251796101231804],[133.1884826731952,34.25174766957199],[133.1886892414098,34.2516645321734],[133.18885449543183,34.25142225813826],[133.1888236543345,34.25128288993783],[133.18884612303194,34.25117309440226],[133.18887680966498,34.25108984915288],[133.18871135450513,34.250954030798994],[133.18867209026135,34.25088983283601],[133.18866281903925,34.25087659237853],[133.18868007159537,34.25083781286819],[133.18870760681256,34.25066763290238]]],[[[133.18804731991239,34.25245136962489],[133.1879786952262,34.25235683589261],[133.18797316159873,34.25236068794064],[133.18790284762042,34.252397969840835],[133.18784487369894,34.25242588268276],[133.1877640335117,34.25247734452829],[133.1878379946414,34.252638798973805],[133.1880193891291,34.25269774312219],[133.18803012174817,34.25261877586695],[133.18803952615485,34.25254958099487],[133.1880750766548,34.25245943317856],[133.18804731991239,34.25245136962489]]]]},"properties":{"classLabel":"土砂災害特別警戒区域","phenomenon":"急傾斜の崩壊","name":"佐島D","areaCode":"350-Ⅰ-513(1)","address":"弓削佐島","noticeDate":"2021-01-29"}},{"type":"Feature","id":72,"geometry":{"type":"MultiPolygon","coordinates":[[[[133.18550986873691,34.249857730070374],[133.18544482330512,34.24985114503188],[133.1854508807796,34.24994115744542],[133.1854748725161,34.25010081999564],[133.18553843380536,34.25028279773089],[133.1855231237778,34.25037713366579],[133.18552736856492,34.25037751245118],[133.18557684250231,34.250381927650146],[133.1855928553212,34.25028868832831],[133.1855285721057,34.25010548260667],[133.1856022033302,34.249943948406745],[133.18559110673226,34.24986595434243],[133.18550986873691,34.249857730070374]]],[[[133.18696957157673,34.25096888226255],[133.18706601483174,34.2509599298212],[133.18725056048817,34.25098323141031],[133.18734229933452,34.250894528492026],[133.18740885194075,34.250843483737114],[133.1875641712709,34.25074712192331],[133.18764998950817,34.25067850377752],[133.1877427915951,34.250581138750825],[133.18788627825552,34.25048621580416],[133.18796373126503,34.25034007273125],[133.18801191948322,34.25016403556679],[133.18810094175817,34.250030826057035],[133.18801403524918,34.25002806586147],[133.18789612244768,34.25002432080735],[133.18787913872677,34.25013409641208],[133.18764555848855,34.25022457428389],[133.187550804854,34.250317116391464],[133.18749382023742,34.25035574525495],[133.18742637765624,34.25039995275756],[133.18734984309498,34.25042943288627],[133.18714774390313,34.25053683485724],[133.18710590339452,34.2505634478073],[133.18705699882216,34.250591090857704],[133.1870086902633,34.25075081325763],[133.18695220314171,34.2507609583463],[133.18683702076518,34.250763574535995],[133.1867789641072,34.25073995500106],[133.18675255658013,34.25070947641405],[133.18676585234346,34.25058093455828],[133.18674833570788,34.2504700728306],[133.18663283014791,34.25038309958221],[133.1865998350173,34.25028216862582],[133.18624313247207,34.250230950692625],[133.18623352192415,34.25023177376887],[133.1861776200636,34.25023656126507],[133.1862134010911,34.25039757396844],[133.18626349101325,34.25054693198262],[133.18644504603688,34.25070908030374],[133.1864931997708,34.250736707540746],[133.1865486589923,34.25085925412402],[133.18659400141783,34.250920158089066],[133.18678136543662,34.25098232636762],[133.18696957157673,34.25096888226255]]]]},"properties":{"classLabel":"土砂災害特別警戒区域","phenomenon":"急傾斜の崩壊","name":"佐島E","areaCode":"350-Ⅰ-514(1)","address":"弓削佐島","noticeDate":"2021-01-29"}},{"type":"Feature","id":73,"geometry":{"type":"MultiPolygon","coordinates":[[[[133.20622892688294,34.256077433778124],[133.20606012796208,34.25606761346702],[133.20605070719654,34.256077524126106],[133.20602214646115,34.25610756997163],[133.20618841234966,34.25619070272832],[133.2062114340091,34.256126339709326],[133.20622892688294,34.256077433778124]]],[[[133.20646934587165,34.25643906055307],[133.20641386976075,34.25639301371906],[133.2064080763719,34.25639838791422],[133.2063771053648,34.256427118022714],[133.20644275068153,34.25647273586375],[133.20646483602545,34.256444770984665],[133.20646934587165,34.25643906055307]]]]},"properties":{"classLabel":"土砂災害特別警戒区域","phenomenon":"急傾斜の崩壊","name":"下弓削H","areaCode":"350-Ⅰ-2656(1)","address":"弓削下弓削","noticeDate":"2021-01-29"}},{"type":"Feature","id":74,"geometry":{"type":"MultiPolygon","coordinates":[[[[133.2257540774499,34.28987427455421],[133.22591133153338,34.289853483443736],[133.22598662963213,34.2898728229127],[133.22615876081358,34.289809997397825],[133.22635781937618,34.28980433451096],[133.2265607907988,34.289795177549294],[133.226583624916,34.289748592948456],[133.22659083382962,34.289733885769124],[133.22637717621848,34.28973459058923],[133.22616032663458,34.289727500097634],[133.2259616186318,34.289806156480275],[133.22588407371083,34.28980635504797],[133.22565331078425,34.28973741020679],[133.22563084016895,34.28991866824518],[133.22544697369707,34.29000066480873],[133.2254324746965,34.29012218941593],[133.2254433286118,34.29013891879177],[133.22544381797144,34.290139673046504],[133.22547258938957,34.29018353737972],[133.2255367822774,34.2901157135377],[133.22568819199702,34.29002881209162],[133.2257540774499,34.28987427455421]]],[[[133.2266599285374,34.29030747579225],[133.22667409620314,34.29018645445742],[133.22663380297945,34.29019120883493],[133.22656236229835,34.29019963843676],[133.22655702781495,34.29029490453346],[133.22662552863548,34.290303273202824],[133.2266599285374,34.29030747579225]]]]},"properties":{"classLabel":"土砂災害特別警戒区域","phenomenon":"急傾斜の崩壊","name":"久司浦A","areaCode":"350-Ⅱ-1(1)","address":"弓削久司浦","noticeDate":"2021-01-29"}},{"type":"Feature","id":75,"geometry":{"type":"Polygon","coordinates":[[[133.22629751097628,34.287347936121826],[133.22624614378614,34.28733909908888],[133.22636787141082,34.28751935932689],[133.22640089202488,34.28749515971756],[133.22640230117372,34.28749412703456],[133.2263031208314,34.28734890121788],[133.22629751097628,34.287347936121826]]]},"properties":{"classLabel":"土砂災害特別警戒区域","phenomenon":"急傾斜の崩壊","name":"久司浦B","areaCode":"350-Ⅱ-2(1)","address":"弓削久司浦","noticeDate":"2021-01-29"}},{"type":"Feature","id":76,"geometry":{"type":"MultiPolygon","coordinates":[[[[133.21504182269166,34.28169106531548],[133.21497995007294,34.2816306943623],[133.21505292760475,34.281782580846674],[133.21523529460492,34.282182943337695],[133.21530311969644,34.28226444570456],[133.2154113244223,34.28238641363005],[133.21541142803238,34.28238653448479],[133.21546978995585,34.28245461010663],[133.21560409418043,34.28236538600601],[133.21571610889384,34.28226700848175],[133.21563090541534,34.28220445498199],[133.21563055918404,34.28220420208232],[133.2155209718423,34.282124156353206],[133.215395813699,34.28201968321224],[133.21527523570978,34.28191903236177],[133.21515470086757,34.28180567666808],[133.21504182269166,34.28169106531548]]],[[[133.21570295084516,34.28244485600431],[133.21569773846602,34.282442833848386],[133.21564457463404,34.28249207471296],[133.2156446807067,34.28249213497379],[133.215667136617,34.28250561668826],[133.2157528601002,34.28246413542823],[133.21570298442444,34.282444868944935],[133.21570295084516,34.28244485600431]]]]},"properties":{"classLabel":"土砂災害特別警戒区域","phenomenon":"急傾斜の崩壊","name":"沢津","areaCode":"350-Ⅱ-3(1)","address":"弓削沢津","noticeDate":"2021-01-29"}},{"type":"Feature","id":77,"geometry":{"type":"MultiPolygon","coordinates":[[[[133.21216147745523,34.28073835644769],[133.2121907627292,34.28065253659149],[133.2121320882088,34.28048850017056],[133.21214293962615,34.28033371682538],[133.21203153914922,34.28019917280887],[133.211991902848,34.280103239850405],[133.21197563879156,34.28010107586573],[133.21197511756725,34.28010100650935],[133.21191748193667,34.28009361884493],[133.21193039883542,34.280218367042686],[133.21195664860647,34.280376948969646],[133.21200241796922,34.28050457456434],[133.2120270258084,34.280665079410035],[133.21210291707675,34.28066041710054],[133.21210299681468,34.28066041047818],[133.21211812683978,34.2806591537284],[133.212124514092,34.280740718221615],[133.21213646654164,34.280785678515755],[133.21214558634017,34.280785447566906],[133.21216147745523,34.28073835644769]]],[[[133.21217185633384,34.281039082313995],[133.21212804861145,34.28087734590154],[133.2121205391626,34.28087765168672],[133.21212034815187,34.28087766018002],[133.21206467633354,34.28088013477945],[133.21210870488613,34.28103449122901],[133.21216155197286,34.28103763192726],[133.21216357217386,34.28103791628258],[133.21217185633384,34.281039082313995]]]]},"properties":{"classLabel":"土砂災害特別警戒区域","phenomenon":"急傾斜の崩壊","name":"上弓削A","areaCode":"350-Ⅱ-4(1)","address":"弓削上弓削","noticeDate":"2021-01-29"}},{"type":"Feature","id":78,"geometry":{"type":"MultiPolygon","coordinates":[[[[133.21150312332736,34.275496164813404],[133.2114683960296,34.27546901942129],[133.21142848788367,34.2755352749388],[133.21129682715718,34.275694107455124],[133.21132193668421,34.27582523274587],[133.2113719882162,34.27578441223641],[133.2114020663408,34.275768198500614],[133.2113888220148,34.27568955937649],[133.21151222265152,34.27557387183472],[133.21150312332736,34.275496164813404]]],[[[133.21166427075124,34.27581468161941],[133.21166688703872,34.27579951865406],[133.21155568284982,34.275826297666775],[133.21151414858116,34.27587070517309],[133.21152613057487,34.27588141727976],[133.2115599903477,34.27591168836219],[133.21158873120797,34.27588547321329],[133.21165758462377,34.27585343133886],[133.21166427075124,34.27581468161941]]]]},"properties":{"classLabel":"土砂災害特別警戒区域","phenomenon":"急傾斜の崩壊","name":"上弓削B","areaCode":"350-Ⅱ-5(1)","address":"弓削上弓削","noticeDate":"2021-01-29"}},{"type":"Feature","id":79,"geometry":{"type":"Polygon","coordinates":[[[133.20560679599902,34.272363488206445],[133.20568393562596,34.27219664569675],[133.20583372655554,34.27206675274355],[133.20584652726743,34.27193626544963],[133.20591022634173,34.27177218043864],[133.2058523136195,34.271747967717104],[133.20585226497133,34.271747947377634],[133.20582745512286,34.27173797610233],[133.20569316265878,34.2718639259004],[133.20567945694722,34.272006186906715],[133.20562148368265,34.27216378743648],[133.20554094636867,34.27232270976517],[133.2054957945827,34.27234659529331],[133.20535601998498,34.27233629595517],[133.20527487683347,34.272399294365854],[133.20527628057454,34.272419035042304],[133.20527688732284,34.272427567750434],[133.20528041470044,34.27247157347331],[133.20537128064524,34.272420944353755],[133.20555049747753,34.27239718476218],[133.20560679599902,34.272363488206445]]]},"properties":{"classLabel":"土砂災害特別警戒区域","phenomenon":"急傾斜の崩壊","name":"上弓削C","areaCode":"350-Ⅱ-6(1)","address":"弓削上弓削・弓削引野","noticeDate":"2021-01-29"}},{"type":"Feature","id":80,"geometry":{"type":"MultiPolygon","coordinates":[[[[133.20435099039756,34.27091631595996],[133.20434338134874,34.270908549194495],[133.20425483587064,34.27094225438281],[133.2042366289057,34.27094937986062],[133.20424097028692,34.270969829832325],[133.2042631153119,34.27102199964538],[133.20430502856152,34.271094133397575],[133.20430521145528,34.271094508510046],[133.20434313831336,34.27117230126112],[133.2043791905661,34.271166948408435],[133.20461020983785,34.27107294224012],[133.20451581897012,34.27102970434902],[133.20451488203807,34.271029275176836],[133.2044545391661,34.27100391974686],[133.20440478148288,34.27096976499254],[133.20435099039756,34.27091631595996]]],[[[133.20540278970765,34.271473827066735],[133.2053253448559,34.271437050842934],[133.20525358001112,34.27159848465628],[133.20504444215663,34.27168738310739],[133.20505033482428,34.271781016283626],[133.20504200283722,34.271844718535135],[133.20500850417778,34.27195461834716],[133.20504398751507,34.27199527031179],[133.20513471673155,34.27215214685392],[133.20515087226028,34.272149254385695],[133.20515916639357,34.27214797382377],[133.20510954528976,34.271999048972695],[133.20520450997375,34.271991327654526],[133.20530326113524,34.271887475512564],[133.2053167701296,34.27182801424084],[133.2053550933363,34.271780929037924],[133.20542017678287,34.27167553238506],[133.2054954017909,34.271520649125875],[133.20548166868213,34.271514643740915],[133.20540284305292,34.27147385467453],[133.20540278970765,34.271473827066735]]]]},"properties":{"classLabel":"土砂災害特別警戒区域","phenomenon":"急傾斜の崩壊","name":"上弓削D","areaCode":"350-Ⅱ-7(1)","address":"弓削上弓削・弓削引野","noticeDate":"2021-01-29"}},{"type":"Feature","id":81,"geometry":{"type":"Polygon","coordinates":[[[133.21991074607917,34.26870899459105],[133.21987669342897,34.26867164874469],[133.2200564567547,34.2687034483016],[133.22018515669964,34.26862929590761],[133.22024586298716,34.268385899751266],[133.22024520878304,34.26838531905447],[133.22024518546652,34.26838529836576],[133.22021144791043,34.26836192241641],[133.22001801179374,34.268429868057694],[133.21988565814556,34.268524913780375],[133.21982468833184,34.26864304469114],[133.21982086946804,34.26866606746297],[133.219777092661,34.26881266329851],[133.2198211164459,34.268830431835916],[133.21982213098505,34.268830841327514],[133.21991074607917,34.26870899459105]]]},"properties":{"classLabel":"土砂災害特別警戒区域","phenomenon":"急傾斜の崩壊","name":"狩尾","areaCode":"350-Ⅱ-8(1)","address":"弓削狩尾","noticeDate":"2021-01-29"}},{"type":"Feature","id":82,"geometry":{"type":"MultiPolygon","coordinates":[[[[133.20089811448918,34.26478754687304],[133.20082300805714,34.26471613814386],[133.20082038091985,34.264716503789145],[133.20081944530196,34.26471669365616],[133.200768837316,34.26472696476059],[133.2007564550949,34.26479224273582],[133.2007802900559,34.26496474208045],[133.2008321294079,34.26514920082975],[133.20088336832885,34.26527888794622],[133.2009996498766,34.26547237894165],[133.20112349072298,34.265533851213085],[133.2011392331378,34.26548946571044],[133.20113927173705,34.265489356883606],[133.20114221065523,34.26548115773199],[133.20110208254857,34.2654034896355],[133.20113689427572,34.265261519808455],[133.20106256225594,34.265058749126695],[133.2009360821492,34.264950184654495],[133.20089811448918,34.26478754687304]]],[[[133.20184430425167,34.265749181165745],[133.20202904362242,34.26566782686741],[133.20209162515533,34.265686256280674],[133.20211152377647,34.26563473193654],[133.2021116113272,34.26563452056685],[133.20212114131274,34.26561151491067],[133.20201663620153,34.26559059363089],[133.20186784650573,34.265647695880176],[133.20175059395243,34.26558582668449],[133.2017802877725,34.2653990557037],[133.20175687732896,34.26536356755406],[133.20171805814994,34.26538085009177],[133.20165705093063,34.265403674128855],[133.2015784272629,34.265435369979606],[133.20156233872694,34.265441855815304],[133.20149009036018,34.26547395721097],[133.2015379419227,34.265566419575826],[133.2016925660557,34.265675510268814],[133.20184430425167,34.265749181165745]]]]},"properties":{"classLabel":"土砂災害特別警戒区域","phenomenon":"急傾斜の崩壊","name":"明神A","areaCode":"350-Ⅱ-9(1)","address":"弓削明神・弓削引野","noticeDate":"2021-01-29"}},{"type":"Feature","id":83,"geometry":{"type":"Polygon","coordinates":[[[133.20988505078748,34.258876966664246],[133.20986963263837,34.25883084207302],[133.2098215989251,34.258909614378986],[133.2098741911939,34.25893248442323],[133.20988737558545,34.2589383034402],[133.20989157173378,34.25889343857086],[133.20988520609671,34.25887743129635],[133.20988505078748,34.258876966664246]]]},"properties":{"classLabel":"土砂災害特別警戒区域","phenomenon":"急傾斜の崩壊","name":"藤谷","areaCode":"350-Ⅱ-11(1)","address":"弓削下弓削・弓削藤谷","noticeDate":"2021-01-29"}},{"type":"Feature","id":84,"geometry":{"type":"Polygon","coordinates":[[[133.2017873205452,34.24992860095383],[133.2016793203747,34.249827795142565],[133.20165855703223,34.24982861736155],[133.20165848242988,34.2498286203097],[133.20159864640638,34.24982823888687],[133.20174396446032,34.249990192388346],[133.20196385381954,34.25007294773935],[133.20195872857676,34.250027397234504],[133.20195866027566,34.25002681108814],[133.20195794667166,34.25002068720362],[133.2017873205452,34.24992860095383]]]},"properties":{"classLabel":"土砂災害特別警戒区域","phenomenon":"急傾斜の崩壊","name":"土生","areaCode":"350-Ⅱ-12(1)","address":"弓削土生","noticeDate":"2021-01-29"}},{"type":"Feature","id":85,"geometry":{"type":"Polygon","coordinates":[[[133.1902751499801,34.252716995587974],[133.19024241843377,34.25261212553638],[133.19024117554122,34.25261225872786],[133.1902141491246,34.25261515565598],[133.19018493822114,34.25271404354172],[133.19024649633872,34.25271605794445],[133.1902751499801,34.252716995587974]]]},"properties":{"classLabel":"土砂災害特別警戒区域","phenomenon":"急傾斜の崩壊","name":"本浦","areaCode":"350-Ⅱ-13(1)","address":"弓削佐島","noticeDate":"2021-01-29"}},{"type":"Feature","id":86,"geometry":{"type":"MultiPolygon","coordinates":[[[[133.1925669933837,34.24732755274509],[133.1925760581021,34.247318840694454],[133.19266953055734,34.247319711719065],[133.1926857330722,34.247303783078266],[133.19275105796766,34.247239562321354],[133.19256182351816,34.247112596850485],[133.1923715888127,34.24705659359858],[133.19221531089372,34.24700694063059],[133.1921935321063,34.247043210927444],[133.19219334096604,34.24704350869981],[133.19219230087805,34.24704512907336],[133.19229835983228,34.24716178536334],[133.19244227524663,34.24727293168164],[133.1925669933837,34.24732755274509]]],[[[133.19274580399698,34.2473212263209],[133.1926705839916,34.24732103778538],[133.19266717315134,34.247321068133175],[133.1925868334652,34.247321783342606],[133.19251814979967,34.24745090001689],[133.19233490754985,34.24762539585914],[133.1921659288196,34.24772241412091],[133.19212061824715,34.24776227632231],[133.19209544685776,34.24780744616108],[133.19203317498645,34.24797628709145],[133.19193644634086,34.24809681771805],[133.19226023504916,34.248107500839446],[133.19230560896364,34.24810899785662],[133.19237402809694,34.248111687638634],[133.19235463254415,34.247983707613244],[133.19244318144604,34.24794661626886],[133.19259795807054,34.24785083227436],[133.1926323983218,34.24780203511004],[133.19259485520558,34.247583522216914],[133.19266536108196,34.24750602583512],[133.19274580399698,34.2473212263209]]],[[[133.19369757232124,34.24826181991551],[133.19369471484626,34.24806495970051],[133.1934928571116,34.24810166169086],[133.19347797789965,34.24802241905652],[133.19345563401632,34.2479278697828],[133.19335131241226,34.247734470241234],[133.19331042631666,34.24777228338925],[133.1933075803483,34.24777552265203],[133.19328733168425,34.247798569658926],[133.1933238754659,34.24794828227821],[133.19337359232875,34.24806801320766],[133.19344197296147,34.24812811664296],[133.19363583440895,34.248126735753104],[133.19361655745953,34.24824317306285],[133.19363601968018,34.24824707252996],[133.19363717644455,34.248247349666855],[133.19369757232124,34.24826181991551]]]]},"properties":{"classLabel":"土砂災害特別警戒区域","phenomenon":"急傾斜の崩壊","name":"江尻B","areaCode":"350-Ⅱ-15(1)","address":"弓削佐島","noticeDate":"2021-01-29"}},{"type":"Feature","id":87,"geometry":{"type":"Polygon","coordinates":[[[133.191837408934,34.24731581875861],[133.19171062199214,34.24729800361905],[133.19173987928465,34.24738359575649],[133.19183423170102,34.24765962245744],[133.19189703082705,34.2474932200358],[133.1920866829251,34.24737647335705],[133.19208531904172,34.24737228872531],[133.19207148539894,34.247329844622044],[133.191837408934,34.24731581875861]]]},"properties":{"classLabel":"土砂災害特別警戒区域","phenomenon":"急傾斜の崩壊","name":"江尻C","areaCode":"350-Ⅱ-16(1)","address":"弓削佐島","noticeDate":"2021-01-29"}},{"type":"Feature","id":88,"geometry":{"type":"MultiPolygon","coordinates":[[[[133.2588669226161,34.23290630215913],[133.25873991471994,34.23287991082144],[133.2587412421234,34.23292135317365],[133.2587415915258,34.2329322616701],[133.2587422975289,34.232934545687435],[133.25875685257228,34.23297659263443],[133.25886443716118,34.23294357927793],[133.25886677649143,34.23290849375353],[133.2588669226161,34.23290630215913]]],[[[133.2596284781642,34.23334308800134],[133.25959559122242,34.233283342928786],[133.25955695979238,34.233287122680366],[133.25948785832728,34.2332938836642],[133.25949254892694,34.23334416564343],[133.25943869462313,34.23344682599751],[133.2593598765252,34.23363457946658],[133.25936027010823,34.23363541808818],[133.25936182923968,34.23363835038073],[133.25937021848813,34.23364039009012],[133.2594446244132,34.23365848067804],[133.259529557908,34.23367913080376],[133.25956641008273,34.23348774554676],[133.2596284781642,34.23334308800134]]]]},"properties":{"classLabel":"土砂災害特別警戒区域","phenomenon":"急傾斜の崩壊","name":"豊島","areaCode":"350-Ⅱ-17(1)","address":"弓削豊島","noticeDate":"2021-01-29"}},{"type":"Feature","id":89,"geometry":{"type":"Polygon","coordinates":[[[133.21458310344423,34.283692312869896],[133.21458003486066,34.283683301797794],[133.2144862102606,34.2837477333997],[133.21438525052932,34.283784413940694],[133.2143475700979,34.28379563800337],[133.21434825234644,34.283800689013916],[133.21434825909662,34.28380073903619],[133.21435515358885,34.28384507333243],[133.2143986202173,34.28383299592802],[133.2143936888417,34.283814844931236],[133.21450477709863,34.28379510435448],[133.2145923060533,34.28372703019578],[133.21458312918818,34.28369238848996],[133.21458310344423,34.283692312869896]]]},"properties":{"classLabel":"土砂災害特別警戒区域","phenomenon":"急傾斜の崩壊","name":"沢津A","areaCode":"350-Ⅱ-18(1)","address":"弓削沢津","noticeDate":"2021-01-29"}},{"type":"Feature","id":90,"geometry":{"type":"Polygon","coordinates":[[[133.20269896379358,34.261137028700226],[133.20264156534822,34.26108246273357],[133.20270563760536,34.26119584923838],[133.20273892143075,34.2612247724315],[133.20278991261065,34.2612177132419],[133.2027819357178,34.26121117927445],[133.20273622169,34.26117145707496],[133.20270292537342,34.26114091007785],[133.20269896379358,34.261137028700226]]]},"properties":{"classLabel":"土砂災害特別警戒区域","phenomenon":"急傾斜の崩壊","name":"下弓削A","areaCode":"350-Ⅱ-19(1)","address":"弓削下弓削","noticeDate":"2021-01-29"}},{"type":"Feature","id":91,"geometry":{"type":"MultiPolygon","coordinates":[[[[133.19040237625748,34.25228431797752],[133.19039771377317,34.25223445461246],[133.19025144815225,34.25226590558353],[133.1902744180045,34.25230777705557],[133.19027759896215,34.25231357562437],[133.1904037197742,34.25229897520087],[133.19040239955663,34.25228457202516],[133.19040237625748,34.25228431797752]]],[[[133.19080589154157,34.2523353989186],[133.19062742958766,34.25232097750884],[133.19062462448923,34.25235592599718],[133.1906244668065,34.25235789040993],[133.1906243973118,34.25235944505195],[133.1908263353558,34.252373609263465],[133.19082166744056,34.252364884728834],[133.19080589154157,34.2523353989186]]],[[[133.19095953989168,34.252499702299545],[133.19076110761628,34.25242272187447],[133.19062150349401,34.25243544908541],[133.19062643900662,34.25248357482833],[133.19062651438983,34.25248430984927],[133.1906289441027,34.25249769907592],[133.19083297415756,34.25263332658815],[133.19096973321325,34.252580785264946],[133.19096642550846,34.25255447034131],[133.19095953989168,34.252499702299545]]]]},"properties":{"classLabel":"土砂災害特別警戒区域","phenomenon":"急傾斜の崩壊","name":"本浦A","areaCode":"350-Ⅱ-22(1)","address":"弓削佐島","noticeDate":"2021-01-29"}},{"type":"Feature","id":92,"geometry":{"type":"Polygon","coordinates":[[[133.19509876993033,34.24623128661341],[133.19520830868504,34.24607362514499],[133.19534054540236,34.245959371983325],[133.1954125165427,34.24592428786587],[133.1953957282506,34.24585955194449],[133.19540364335828,34.245793687105284],[133.19540640774326,34.24577068348784],[133.1953102873272,34.24575688294713],[133.1951700451733,34.24582325708289],[133.1950117902591,34.24595851044668],[133.19495950336145,34.24610922365711],[133.19483581123347,34.24613058567049],[133.1946371059695,34.24613951094109],[133.19447228339817,34.246135502056426],[133.1943488019234,34.246154930345114],[133.19431328355765,34.24620407898154],[133.19430005282197,34.24622238703177],[133.19429557429294,34.246228839775526],[133.19442002615241,34.24627992012874],[133.19462782811127,34.24631932429152],[133.19483820420425,34.246310064420236],[133.19509876993033,34.24623128661341]]]},"properties":{"classLabel":"土砂災害特別警戒区域","phenomenon":"急傾斜の崩壊","name":"江尻D","areaCode":"350-Ⅱ-23(1)","address":"弓削佐島","noticeDate":"2021-01-29"}},{"type":"Feature","id":93,"geometry":{"type":"Polygon","coordinates":[[[133.207185603515,34.25599600174349],[133.2070089271612,34.25593924192384],[133.20699506833634,34.25599048361889],[133.2069890556408,34.256007682981476],[133.20714400354962,34.25601983722811],[133.2071011115539,34.256192113803465],[133.20714534931062,34.256236509912995],[133.20712276334012,34.25640655511841],[133.20713336117916,34.25641532129793],[133.20717531032707,34.25644728580576],[133.20721224224357,34.25623854037912],[133.2071338919833,34.25619483057975],[133.207185603515,34.25599600174349]]]},"properties":{"classLabel":"土砂災害特別警戒区域","phenomenon":"急傾斜の崩壊","name":"下弓削C","areaCode":"350-Ⅱ-24(1)","address":"弓削下弓削","noticeDate":"2021-01-29"}},{"type":"Feature","id":94,"geometry":{"type":"Polygon","coordinates":[[[133.20646341633025,34.25567238772458],[133.2063639416938,34.255606086018894],[133.20635002426835,34.255641784625276],[133.20634678158493,34.255650102222134],[133.20641658223425,34.25573342269688],[133.2065682237932,34.255789122934196],[133.20664287419538,34.2558888890468],[133.20682885942327,34.255995607987586],[133.20698904713606,34.256007680932],[133.20698983941298,34.25600541233436],[133.20699506833634,34.25599048361889],[133.2070089271612,34.25593924192384],[133.2068656785904,34.255931238149934],[133.20667380857356,34.25584532851648],[133.20660290949692,34.25572361129059],[133.20646341633025,34.25567238772458]]]},"properties":{"classLabel":"土砂災害特別警戒区域","phenomenon":"急傾斜の崩壊","name":"下弓削D","areaCode":"350-Ⅱ-25(1)","address":"弓削下弓削","noticeDate":"2021-01-29"}},{"type":"Feature","id":95,"geometry":{"type":"Polygon","coordinates":[[[133.19034378411504,34.25166143152154],[133.19042108298237,34.25144025233862],[133.19038039284652,34.25130635059078],[133.1903322161986,34.251202555058605],[133.1903877100476,34.25108487331433],[133.190456710575,34.25112688683075],[133.1905900250042,34.2511940797049],[133.19073202781362,34.25111963618314],[133.19086535200657,34.251007405200674],[133.19078933664022,34.250938401633775],[133.19078618497093,34.25093550436759],[133.190673460558,34.25083187985041],[133.19060349542784,34.25076709760567],[133.19056716664937,34.25073649474946],[133.19047209514108,34.2508101118252],[133.19043573037774,34.250831812801266],[133.1903612669604,34.250857427302755],[133.19024164756007,34.25092355880591],[133.1900942812529,34.251152517262184],[133.19028690951978,34.25129329684016],[133.19034692840225,34.25143130562325],[133.1902570396868,34.25154786839345],[133.19008262893675,34.25152720899194],[133.1900770208193,34.25158526426425],[133.1900761759988,34.251589257852714],[133.19006625445152,34.25163615835145],[133.19006407500987,34.2516576872773],[133.19034378411504,34.25166143152154]]]},"properties":{"classLabel":"土砂災害特別警戒区域","phenomenon":"急傾斜の崩壊","name":"本浦B","areaCode":"350-Ⅱ-26(1)","address":"弓削佐島","noticeDate":"2021-01-29"}},{"type":"Feature","id":96,"geometry":{"type":"MultiPolygon","coordinates":[[[[133.18846688213483,34.2491566684915],[133.1885842624732,34.24901351090966],[133.18858291761032,34.24880706260251],[133.18863069146045,34.24869470777088],[133.1885442290253,34.24868534316872],[133.1885398641971,34.24868489254317],[133.18844617764054,34.248675220621415],[133.1884138987535,34.24878980529267],[133.1884964683221,34.24897377496254],[133.18843397197577,34.24909321835284],[133.1882812555307,34.249045852857265],[133.18812522269275,34.24894556157719],[133.18807691988394,34.24892382170452],[133.18804352239468,34.24898937661531],[133.18800870825058,34.249057712124895],[133.18808356765098,34.24906413116603],[133.18826945382625,34.24908727425519],[133.18846688213483,34.2491566684915]]],[[[133.18811423770984,34.24922834760134],[133.18799220264637,34.24907434971157],[133.18790775888195,34.24908925435522],[133.18782107624247,34.24910455411903],[133.1878822358083,34.24923521729122],[133.1880183867714,34.24937748383579],[133.18802801713892,34.24937849809112],[133.18802896180384,34.2493785903627],[133.18808584303738,34.24938414748332],[133.18811423770984,34.24922834760134]]],[[[133.18919131392593,34.24928380987589],[133.1891336054755,34.24926892528867],[133.1890260878493,34.249369414024414],[133.18888815188663,34.24944989492854],[133.18874110043612,34.249590649362894],[133.18864388606306,34.249777034105975],[133.18869688636119,34.24977624292058],[133.18869960116183,34.249776202421174],[133.1888052835162,34.249623357685785],[133.1889851707346,34.249512606615546],[133.18918207490566,34.24940844266934],[133.18921945487372,34.249291068156694],[133.18919131392593,34.24928380987589]]]]},"properties":{"classLabel":"土砂災害特別警戒区域","phenomenon":"急傾斜の崩壊","name":"佐島","areaCode":"350-Ⅱ-28(1)","address":"弓削佐島","noticeDate":"2021-01-29"}},{"type":"Feature","id":97,"geometry":{"type":"MultiPolygon","coordinates":[[[[133.20563887237398,34.25264138412957],[133.2056364795099,34.25264006445117],[133.20546344820568,34.252747262669146],[133.20539042159265,34.25284313510868],[133.20521597991714,34.252884325343544],[133.20503505794863,34.252940475040674],[133.2050418218416,34.25295855111328],[133.20504359858515,34.25296377565998],[133.20506170729817,34.25301702483265],[133.20527380170006,34.25300995422158],[133.20551364092987,34.25295040820362],[133.20561558763058,34.25285525887646],[133.2057497852248,34.25272018064596],[133.2056879663444,34.252675556672756],[133.20568788290225,34.25267549858978],[133.20563887237398,34.25264138412957]]],[[[133.20541466513558,34.25322526299102],[133.20535130962315,34.25320098023749],[133.20532318797035,34.253234727904],[133.20539093155645,34.25326314643067],[133.20539195207388,34.253261517473014],[133.20541466513558,34.25322526299102]]],[[[133.20494176082877,34.25330966423074],[133.2048327968009,34.25329886494103],[133.2048162566664,34.25334225649428],[133.20481556784688,34.25334397198632],[133.2048120239312,34.25335279820809],[133.20491103143388,34.25336657288909],[133.20491754590677,34.25335450853489],[133.20494176082877,34.25330966423074]]],[[[133.2058636974997,34.25356688236082],[133.20583274140535,34.253432324383496],[133.2057831175353,34.25343824930317],[133.20579054103496,34.25357579644913],[133.20577283822047,34.25365046762325],[133.2057893842474,34.25373474948142],[133.20574541076786,34.25374872334918],[133.20574663601323,34.253860902776296],[133.20575033497573,34.253861854044786],[133.20576083577814,34.25386455457591],[133.20580014716563,34.2538773411121],[133.205878703133,34.253786161814226],[133.20591151349296,34.25373971812308],[133.20589557201825,34.25364033603698],[133.2058636974997,34.25356688236082]]]]},"properties":{"classLabel":"土砂災害特別警戒区域","phenomenon":"急傾斜の崩壊","name":"土生B","areaCode":"350-Ⅱ-29(1)","address":"弓削下弓削","noticeDate":"2021-01-29"}},{"type":"Feature","id":98,"geometry":{"type":"Polygon","coordinates":[[[133.19592685156266,34.24776508819209],[133.19609075312533,34.247671597815874],[133.1960199706182,34.24760539852427],[133.19599500966,34.2475820537976],[133.19587625829868,34.2474768223483],[133.19574782583547,34.247376576516196],[133.1957401995277,34.24737029009603],[133.19574421285088,34.24754755614954],[133.19570335458178,34.247754030867995],[133.1955777469774,34.247558234519076],[133.19550770113113,34.247538344107724],[133.19524755012299,34.247603180596606],[133.1950528895226,34.2475284590901],[133.1950477127348,34.2475340036385],[133.19503133888367,34.24755568580021],[133.19499794138466,34.24759991054968],[133.19520863955924,34.24769193890177],[133.19541638932907,34.24775719514015],[133.19552692928818,34.247778574122464],[133.19570276263542,34.247806227879494],[133.19592685156266,34.24776508819209]]]},"properties":{"classLabel":"土砂災害特別警戒区域","phenomenon":"急傾斜の崩壊","name":"江尻E","areaCode":"350-Ⅱ-30(1)","address":"弓削佐島","noticeDate":"2021-01-29"}},{"type":"Feature","id":99,"geometry":{"type":"Polygon","coordinates":[[[133.2257199593843,34.26982631349182],[133.22572712643603,34.26981386449611],[133.22575331193772,34.269768381031156],[133.22560106652145,34.26981763933705],[133.22543938895652,34.2697576141336],[133.22540995515465,34.26980123852877],[133.2254021030719,34.26981287623476],[133.2255606905887,34.269887156402355],[133.2257199593843,34.26982631349182]]]},"properties":{"classLabel":"土砂災害特別警戒区域","phenomenon":"急傾斜の崩壊","name":"大谷A","areaCode":"350-Ⅱ-31(1)","address":"弓削大谷","noticeDate":"2021-01-29"}},{"type":"Feature","id":100,"geometry":{"type":"MultiPolygon","coordinates":[[[[133.21904479279496,34.2681456708081],[133.2190399413983,34.26812565448093],[133.21903981531938,34.268125386377775],[133.2189597033694,34.268132001000005],[133.2189627955417,34.26811051602866],[133.21896286417612,34.26811003912807],[133.21897665485497,34.268041658448276],[133.21884849086172,34.268073389580536],[133.2188992072398,34.26801942887776],[133.21905227616878,34.267946608549806],[133.21898171676423,34.26792150320446],[133.21898151590497,34.26792143650401],[133.2189319888015,34.267904995834584],[133.21885349784537,34.26797826644103],[133.21861544411038,34.26801308599988],[133.21865313953748,34.268039696180445],[133.21871525320762,34.26808369492393],[133.21871552337467,34.26808388542476],[133.2187895608135,34.26813608926751],[133.21880802709498,34.26811644174767],[133.2188350492615,34.2681762412166],[133.2188352413681,34.26817679080186],[133.21885801195128,34.26824193563519],[133.2188780208192,34.2683188880459],[133.2188900187111,34.268410242153685],[133.21889127235949,34.268468526232304],[133.2188862662526,34.26849455342636],[133.2189631504515,34.26818276802965],[133.21904479279496,34.2681456708081]]],[[[133.2194686555907,34.26833986639846],[133.21938435830745,34.26815076067458],[133.21932574536692,34.26819453079363],[133.21932535385199,34.26819482316166],[133.21928037029633,34.268224874565576],[133.21901273739766,34.268552181285585],[133.21908435074505,34.26863809866071],[133.21911476583986,34.26873837835547],[133.21915148423264,34.26883414526692],[133.21918115378577,34.26892379967619],[133.21923224211167,34.26891975997651],[133.21932555010534,34.26891438890268],[133.21932577040556,34.268914377954474],[133.21942961285424,34.26890922011792],[133.21944937546323,34.26880826049145],[133.21944850497977,34.26869729023751],[133.2195138142888,34.2685240259033],[133.2194686555907,34.26833986639846]]]]},"properties":{"classLabel":"土砂災害特別警戒区域","phenomenon":"急傾斜の崩壊","name":"狩尾A","areaCode":"350-Ⅱ-32(1)","address":"弓削狩尾","noticeDate":"2021-01-29"}},{"type":"Feature","id":101,"geometry":{"type":"MultiPolygon","coordinates":[[[[133.23048218848464,34.27571462959517],[133.2304114003197,34.2756812087725],[133.23040332191502,34.27569557935434],[133.23038029816837,34.27572609766803],[133.23034462453947,34.275764221615034],[133.23040346470964,34.275812247080864],[133.23052037326838,34.275912030973885],[133.2306452631205,34.27601514882833],[133.23077018346345,34.27610942143654],[133.2309097245512,34.27621367781657],[133.2311356597733,34.276378944293334],[133.23133802715702,34.276512318444226],[133.2314897697955,34.27661203909566],[133.23149003593196,34.2766122314166],[133.23157404955148,34.27667294986433],[133.23165031648617,34.276513272534864],[133.23169253677634,34.276410863130565],[133.23171004198176,34.27635125086517],[133.23161690564228,34.276307388177514],[133.23161058562405,34.276304747579914],[133.23155135103173,34.276279998633505],[133.23135555553947,34.276198753962106],[133.23118951796377,34.27612450556807],[133.23105175615265,34.27605657787859],[133.23089865891149,34.27598011620119],[133.23076961492617,34.27590370552525],[133.2306451251321,34.275813577461605],[133.23058263904437,34.27577100809224],[133.23048218848464,34.27571462959517]]],[[[133.23126038993254,34.27724758549388],[133.23146559612215,34.277154713649296],[133.23156638550066,34.27715681875134],[133.23161878481258,34.2771108052132],[133.23170238218648,34.2771239508712],[133.2317338424594,34.27709155239029],[133.2317977726861,34.27701577999514],[133.23179785635887,34.27701568081848],[133.23185251525743,34.27694493942313],[133.23175941874356,34.27689687906139],[133.2317360660519,34.276907116854446],[133.23166928427375,34.27683883507484],[133.23151249590404,34.27674891819746],[133.23146137601717,34.276836698538396],[133.23146134679428,34.27683674872173],[133.23142345932504,34.276915227372356],[133.23138507758702,34.27699694166749],[133.23133076491894,34.277110656063826],[133.23128701610568,34.27720075526502],[133.23126038993254,34.27724758549388]]],[[[133.23235698036154,34.27752255691322],[133.23227404303321,34.277441403999035],[133.23213741289078,34.27754813757651],[133.2319960071382,34.277641264264076],[133.23204299070244,34.27773871579482],[133.23208086993145,34.277814494856884],[133.2321553583383,34.27790229619786],[133.2322403414937,34.277988737572485],[133.23234134392285,34.27806526263288],[133.23243570201822,34.27813624225008],[133.23253673850112,34.27820170826851],[133.2326710514269,34.27827609253007],[133.23278849161034,34.278349010505686],[133.2328287079024,34.27824332520275],[133.23273440024005,34.27792383262693],[133.23266194145342,34.27784969732252],[133.23258318378637,34.27777082129982],[133.23248870361664,34.27766731784155],[133.23242217718115,34.27759495289926],[133.23235895794605,34.27752449195452],[133.23235698036154,34.27752255691322]]]]},"properties":{"classLabel":"土砂災害特別警戒区域","phenomenon":"急傾斜の崩壊","name":"大谷B","areaCode":"350-Ⅱ-33(1)","address":"弓削大谷","noticeDate":"2021-01-29"}},{"type":"Feature","id":102,"geometry":{"type":"MultiPolygon","coordinates":[[[[133.18583274260996,34.2630327759801],[133.18574799388873,34.26296045700039],[133.18569199938872,34.26296837203124],[133.1856803946356,34.26297001240576],[133.18564866829308,34.2631024623258],[133.18576576828167,34.26324505698697],[133.1857859327785,34.26328344688375],[133.18578595161998,34.263283520944604],[133.18576466920908,34.26334572059012],[133.1857123433698,34.263445926812274],[133.18567059856537,34.26347330997004],[133.1855597082216,34.26351942792407],[133.18556376800242,34.2635438681273],[133.18557251218647,34.26359650871514],[133.18569485096364,34.263583264526766],[133.18580965295854,34.26355536480833],[133.185918203141,34.263395098559585],[133.1859878011389,34.26323183314231],[133.18598775255148,34.26323178792933],[133.18592665298806,34.26315964239565],[133.18583274260996,34.2630327759801]]],[[[133.18394386752615,34.265637716388184],[133.18407619108356,34.26548694066269],[133.18407618341783,34.265486869244214],[133.18408090547769,34.26543433412591],[133.1840988923295,34.26538798940868],[133.18415131080536,34.265425704812706],[133.18430267814455,34.26546057213685],[133.1843027517287,34.26546056283406],[133.1844047726392,34.26549948143324],[133.18462844980928,34.265521629751035],[133.18472814456416,34.265509359257756],[133.18479605901427,34.26555421886346],[133.18501625762053,34.26555898707309],[133.18501633759297,34.26555897537882],[133.18508965003466,34.26550172747762],[133.18508973100808,34.26550172507184],[133.18515443656145,34.26547426291719],[133.1851544935293,34.265474238266556],[133.1852324537441,34.265437933220035],[133.18527197372399,34.26534149634119],[133.18529958582604,34.26511457931366],[133.18533431931567,34.264947681347174],[133.18533602589343,34.26482556563402],[133.18532626408972,34.264630051127845],[133.185129226677,34.26451190413962],[133.1851598561487,34.26447342951563],[133.18521269592017,34.264413914615645],[133.18534991998382,34.264381582707585],[133.1855006139879,34.26439313764985],[133.1855006659813,34.26439308034785],[133.1856014421288,34.26428137005238],[133.1856668369795,34.26416317562512],[133.18566685794644,34.264163129352255],[133.18571740433813,34.26405721230705],[133.18559983289822,34.26402010439698],[133.18564954171862,34.26393150606099],[133.18570042223948,34.263832354149436],[133.18580505968927,34.26383262685193],[133.18569909548108,34.26377571025692],[133.1855527853607,34.26363025550942],[133.1855099139605,34.26367461541495],[133.18548966630587,34.26369556607701],[133.1856508445909,34.26378734977457],[133.18565955078262,34.26383214114168],[133.18565951518568,34.26383222280125],[133.18546462664082,34.26388933279355],[133.18544319629112,34.26397235470237],[133.18544316280938,34.263972413358765],[133.18539909043054,34.264065310207286],[133.18539905675473,34.26406538203548],[133.1853414336355,34.26413700409169],[133.1852659890236,34.2641219440473],[133.18526593961957,34.26412200125265],[133.1852325410137,34.264134662880245],[133.18512238543298,34.26408322798247],[133.184804451941,34.26427549879702],[133.18467180358564,34.26428038148731],[133.18466762896838,34.26428382983743],[133.18472152799887,34.264316797081904],[133.1848144627335,34.26438012120641],[133.18488728764788,34.26443874865548],[133.1849517327171,34.26450688271058],[133.18498041804435,34.26453721000944],[133.1849771835407,34.26454053548402],[133.18490311149193,34.26461669075902],[133.1848578270395,34.26465121441384],[133.18475690191752,34.26471507806134],[133.18476231768074,34.26491482862116],[133.18479174829588,34.26497520073961],[133.18480570179665,34.265013278144835],[133.18481583163037,34.26508890471198],[133.1848119680757,34.26512624308467],[133.18481674894463,34.26512998754382],[133.18481552735074,34.265130550399086],[133.18481543654968,34.26513059446309],[133.18481210838712,34.265133242411935],[133.18481198702008,34.265133290627574],[133.18480820683882,34.26514463722453],[133.18480822005878,34.2651447301181],[133.1847794469927,34.26516192746163],[133.1847458434111,34.265169609706305],[133.184621199266,34.26517745313411],[133.1845642308213,34.26516202710883],[133.18452906429238,34.26511691867622],[133.18452894072098,34.26511690264082],[133.18429075440758,34.26505075751442],[133.18364715444233,34.26473043127306],[133.18392329932382,34.265387341857135],[133.18391384983744,34.265442533907326],[133.18391385750311,34.26544260532579],[133.18386127924805,34.265524491029296],[133.18375820208865,34.26556133140751],[133.18367707131125,34.26557028664433],[133.1836769897,34.26557027130105],[133.1836608793151,34.26555559663193],[133.18366086645247,34.26555551925012],[133.1836402084833,34.265346079738435],[133.1833330763405,34.26527372444436],[133.18317265020295,34.26540744570259],[133.18313023232676,34.265410240423684],[133.18310062055744,34.26537601213503],[133.18307792110278,34.265300336873],[133.18307796350302,34.26530025344341],[133.18290691518183,34.265204052271834],[133.18285724204353,34.26521126224389],[133.1828180878403,34.2654036542057],[133.18281809176293,34.26540370724902],[133.1828490345769,34.26548858446881],[133.18297241177038,34.26563508986456],[133.18320186957513,34.26564952933675],[133.18338762457,34.26564590522122],[133.183557136564,34.265607705436715],[133.18354637474513,34.26563808590357],[133.1835463909721,34.265638166389344],[133.18358277259117,34.26569455682524],[133.18358286196926,34.26569455014312],[133.18379765001143,34.265676079328465],[133.18394386752615,34.265637716388184]]]]},"properties":{"classLabel":"土砂災害特別警戒区域","phenomenon":"急傾斜の崩壊","name":"脇","areaCode":"351-Ⅰ-515(1)","address":"生名","noticeDate":"2021-01-29"}},{"type":"Feature","id":103,"geometry":{"type":"MultiPolygon","coordinates":[[[[133.18676158436665,34.267440679216456],[133.18675589635166,34.267425300115335],[133.18667477695274,34.26743519722534],[133.18656639981876,34.267502726879776],[133.18648970812313,34.26760595305822],[133.1865746227542,34.26778678847247],[133.1866601542205,34.267766194580894],[133.18669888951996,34.26775686801046],[133.18673084385128,34.2677524129468],[133.1867564277973,34.267749269417195],[133.18670954359285,34.267646620264195],[133.18672688044416,34.26762618862757],[133.18675995967004,34.26760449708462],[133.18676080109094,34.267603739057506],[133.18676004925095,34.267600157125614],[133.18675635824647,34.267575812326214],[133.18674534188628,34.26755046789808],[133.18674046121183,34.26753857263047],[133.18673839486604,34.267529147673336],[133.18673884744513,34.26752042697673],[133.18674359977038,34.267503758687475],[133.186758472729,34.26745159303684],[133.18676158436665,34.267440679216456]]],[[[133.18644420994315,34.26800588786431],[133.18647680279253,34.267997370587636],[133.186500831785,34.26799754633757],[133.18654174753252,34.26799944599528],[133.18654166417002,34.267999287783226],[133.18653751074635,34.267986020356226],[133.1865379698462,34.267975554227284],[133.18654254778258,34.26795593015934],[133.186556723559,34.26789516320132],[133.18653088373992,34.26786158657278],[133.1864978554359,34.26783419866439],[133.18635391138662,34.267880754609166],[133.18630703889988,34.26790685166257],[133.1863460664997,34.26796882800401],[133.18637310496044,34.26801176533461],[133.18637904912148,34.26802171173841],[133.18644420994315,34.26800588786431]]]]},"properties":{"classLabel":"土砂災害特別警戒区域","phenomenon":"急傾斜の崩壊","name":"厳島","areaCode":"351-Ⅰ-516(1)","address":"生名","noticeDate":"2021-01-29"}},{"type":"Feature","id":104,"geometry":{"type":"MultiPolygon","coordinates":[[[[133.1824662798251,34.26869601532852],[133.18239700101705,34.26869383170942],[133.1824028229529,34.268767921889456],[133.182378707401,34.268769271962874],[133.18222164487597,34.268781658959526],[133.18210839351525,34.26899269581896],[133.18217840587332,34.26899797224793],[133.18220402651448,34.268999903130066],[133.18221474100537,34.26900136669172],[133.1823554589497,34.268903856370784],[133.18246583555378,34.26886864275994],[133.18251723678569,34.26882275190559],[133.182502796267,34.2686971662914],[133.1824662798251,34.26869601532852]]],[[[133.18397904330848,34.2697384175491],[133.18409417334746,34.26962424147849],[133.18412498740454,34.26945958738248],[133.18405983697465,34.26930561045001],[133.18409274623133,34.2692505565522],[133.18412738404126,34.269182042946944],[133.18409652185815,34.26903823329754],[133.1838974902798,34.26893772319891],[133.18371896860907,34.26886721029644],[133.18353022649922,34.26878062282561],[133.1835136689564,34.26880011631126],[133.18346800798926,34.26885387368517],[133.18345541922662,34.268868694608344],[133.1834448665782,34.26888157634439],[133.18343430015364,34.26889724905808],[133.1834237147931,34.268918504300416],[133.18340046521277,34.26896992062709],[133.183395954814,34.26898228498708],[133.1836088448121,34.26904417348716],[133.18375605845003,34.26912913969982],[133.1838146316249,34.26916879846329],[133.18381090063133,34.26917537983681],[133.18381044197787,34.269227337903075],[133.18389293795676,34.26931429018081],[133.1839373026847,34.26947988628623],[133.18392939362207,34.26953984737641],[133.18381622901953,34.269614557316],[133.18373754007956,34.26967275183295],[133.1837383459466,34.26967503836023],[133.1836904681622,34.26967930021886],[133.18366645125064,34.269675949802355],[133.18365230568946,34.26967633979238],[133.18362541015807,34.269647257438095],[133.18355019987138,34.26962676221724],[133.1835081762284,34.26960024672464],[133.18346386564562,34.26955231358662],[133.18346145369813,34.26946432466255],[133.18345614201536,34.26946878814975],[133.18340387977753,34.26950959004855],[133.18336006738255,34.26953831642691],[133.18330929993408,34.26956636107904],[133.18329797578582,34.2695726166959],[133.18326388732447,34.26954380195138],[133.18321691214223,34.26950409411139],[133.1831767162772,34.269464915881045],[133.18315181134713,34.269440806244106],[133.1830883035531,34.26961262664997],[133.18298656318498,34.26963290090246],[133.18289808286372,34.2695324753683],[133.18281548014332,34.26942586595243],[133.1826168467393,34.269337329944584],[133.1825431421762,34.269301090162315],[133.18240912186408,34.26926006703921],[133.182390847657,34.269251726055536],[133.1823488377467,34.26925273414722],[133.1822771350164,34.26925007155637],[133.18222586559088,34.26925392007804],[133.18214933414947,34.26925966484558],[133.182149539585,34.2693295941142],[133.1822097202414,34.269413078982886],[133.18231871160586,34.269456099758635],[133.18244038436308,34.26948376856806],[133.18252885157597,34.26950475144765],[133.18270701930246,34.269540033048976],[133.18274616496004,34.26964526351965],[133.18294597483512,34.269732164282864],[133.18313129065723,34.269728310086165],[133.18323355457593,34.269665459668396],[133.1832690771338,34.269743561421905],[133.18333978493337,34.269782378887484],[133.1833920506788,34.269831544986204],[133.1835191050097,34.26993252887806],[133.18371393061727,34.269921020180924],[133.18380026292016,34.26989340984271],[133.1839021840682,34.269831161599164],[133.1838932205571,34.26982317581039],[133.18397904330848,34.2697384175491]]]]},"properties":{"classLabel":"土砂災害特別警戒区域","phenomenon":"急傾斜の崩壊","name":"中側","areaCode":"351-Ⅰ-517(1)","address":"生名","noticeDate":"2021-01-29"}},{"type":"Feature","id":105,"geometry":{"type":"MultiPolygon","coordinates":[[[[133.17963732820905,34.27308693627032],[133.17964007205944,34.27305172989209],[133.17958997300605,34.273067618215705],[133.17946985265132,34.27299710008528],[133.17941218972922,34.27292674268516],[133.17940728192053,34.272922450401005],[133.17938597087374,34.27292123346192],[133.17935897850305,34.272915940119596],[133.17929073310492,34.27290255690161],[133.17926810726348,34.27293821949383],[133.1792784685473,34.273102749470034],[133.1794850738839,34.273238433100175],[133.17963260437332,34.273147547435464],[133.17963732820905,34.27308693627032]]],[[[133.17970148061565,34.27392559009785],[133.1797778877609,34.27391788618539],[133.179784083143,34.273925976984664],[133.17984647948083,34.2739109702368],[133.17983363038923,34.27389897251966],[133.18005281257615,34.27377951240295],[133.18017847819993,34.27370003360899],[133.1801992771243,34.27357874408501],[133.17997574496528,34.27336333241184],[133.17978677927746,34.27339577202758],[133.17976959745337,34.27340420234906],[133.17971599169945,34.273430504106656],[133.17974140114697,34.27346579540606],[133.17974707432995,34.27357674995228],[133.1797092743769,34.27367734629025],[133.17975814917398,34.273743130192116],[133.17972624316013,34.273809431290466],[133.17959233648867,34.27382195366557],[133.17951317097504,34.27391492020377],[133.17939765578814,34.274021814173665],[133.17947275806694,34.27424180809169],[133.1795991408942,34.27430315582494],[133.1797566156066,34.274347975009164],[133.1797714693528,34.274306733254384],[133.1796460065921,34.27424714411023],[133.17953269018378,34.27420306080244],[133.1794864475578,34.27403743068599],[133.17957344313876,34.27395839526194],[133.17970148061565,34.27392559009785]]]]},"properties":{"classLabel":"土砂災害特別警戒区域","phenomenon":"急傾斜の崩壊","name":"深浦","areaCode":"351-Ⅰ-519(1)","address":"生名","noticeDate":"2021-01-29"}},{"type":"Feature","id":106,"geometry":{"type":"Polygon","coordinates":[[[133.17679891169595,34.27405127890513],[133.17668201144778,34.27393827832848],[133.17663170969456,34.274012974305265],[133.17660161946026,34.27405765694465],[133.1765615379406,34.27410516509402],[133.17651653722936,34.274154498071695],[133.17656205958602,34.27419679295062],[133.1766247564814,34.27426526285009],[133.17676959411773,34.274378995811304],[133.1768308476053,34.274457370794096],[133.17698460293406,34.27450296797736],[133.17702292517004,34.27449967661484],[133.177091227646,34.27449381034787],[133.17706014207602,34.27437115452279],[133.1769799359858,34.27419902612704],[133.17682912746818,34.27411584128785],[133.17679891169595,34.27405127890513]]]},"properties":{"classLabel":"土砂災害特別警戒区域","phenomenon":"急傾斜の崩壊","name":"丸山","areaCode":"351-Ⅰ-520(1)","address":"生名","noticeDate":"2021-01-29"}},{"type":"Feature","id":107,"geometry":{"type":"MultiPolygon","coordinates":[[[[133.17617439688445,34.27609814714765],[133.17614952859338,34.27606970724227],[133.17599382594486,34.27615804016147],[133.17600271442421,34.27616947168062],[133.1760355886032,34.27621175136037],[133.17617439688445,34.27609814714765]]],[[[133.17690839999744,34.27651105380476],[133.17688372478284,34.27646745185416],[133.17683385491227,34.27644282892877],[133.17683378696552,34.27644287806825],[133.1767502987625,34.276467789938906],[133.17675023849318,34.27646780862694],[133.1767171848783,34.27647816120911],[133.17668239117924,34.27642568133843],[133.17668231593947,34.27642571456935],[133.17658768174263,34.27645634853188],[133.17658760250106,34.276456388149114],[133.17657334586593,34.276495175801905],[133.17641195057726,34.276639272770716],[133.1764603143522,34.27667843013186],[133.17650053564424,34.276710994938945],[133.17668198162428,34.27662248529107],[133.17672253657616,34.276621875953246],[133.17672262841896,34.276621829249926],[133.17676653694855,34.276584470346215],[133.1767666250497,34.27658443240302],[133.17677153127335,34.276579416593485],[133.1767987014729,34.27657113427524],[133.17679875786362,34.2765711168838],[133.1768804382498,34.276544456796096],[133.17688052412214,34.27654441664587],[133.17691878554578,34.276529405441934],[133.17690839999744,34.27651105380476]]]]},"properties":{"classLabel":"土砂災害特別警戒区域","phenomenon":"急傾斜の崩壊","name":"南立石","areaCode":"351-Ⅰ-521(1)","address":"生名","noticeDate":"2021-01-29"}},{"type":"Feature","id":108,"geometry":{"type":"MultiPolygon","coordinates":[[[[133.17597467474786,34.280765185681986],[133.17588933431708,34.28060202813119],[133.17587745317107,34.28060489845831],[133.17592736833336,34.28078209415555],[133.17581757645846,34.280934322649266],[133.17590809130056,34.28090584985539],[133.17599427627113,34.28087873903915],[133.17597467474786,34.280765185681986]]],[[[133.1759889294994,34.28110744148446],[133.1759337361112,34.28106663879576],[133.17591446614267,34.281074496561715],[133.17593472797006,34.28112619445205],[133.17600468182803,34.281318466256465],[133.17600955456498,34.28134329607234],[133.17600953267714,34.281343380069394],[133.17589787456805,34.28146873163845],[133.17585342971006,34.28158248834246],[133.1758263604311,34.281787719774556],[133.17575705087967,34.28187370064302],[133.1756489859828,34.28209008208534],[133.1756957545196,34.28210797363781],[133.17579426239374,34.28189541441053],[133.1758666953667,34.28180202345754],[133.17595365244276,34.28161955022489],[133.17604430893743,34.28152804672086],[133.1761718867772,34.28135639666904],[133.17606801432964,34.28134788616596],[133.17606120958953,34.28130526778795],[133.1759889294994,34.28110744148446]]],[[[133.17526920741838,34.28244033935436],[133.17524029868446,34.282420408905836],[133.17507005361213,34.2824332702936],[133.17497260885102,34.282531256339155],[133.17489768060088,34.28257140680648],[133.17491747092635,34.282596861111536],[133.1749468934566,34.28264662405292],[133.17498724857055,34.28271487744674],[133.17514957601813,34.28267221761313],[133.17524596454803,34.28256263032936],[133.17526920741838,34.28244033935436]]]]},"properties":{"classLabel":"土砂災害特別警戒区域","phenomenon":"急傾斜の崩壊","name":"北立石","areaCode":"351-Ⅰ-522(1)","address":"生名","noticeDate":"2021-01-29"}},{"type":"Feature","id":109,"geometry":{"type":"Polygon","coordinates":[[[133.17176902138104,34.27379365242247],[133.17164213780234,34.27366198906885],[133.17158516539962,34.27368430244643],[133.17156544986153,34.27369202408007],[133.17169801541644,34.27383591147907],[133.17169808890296,34.273836046769205],[133.17171503408346,34.273908383265095],[133.17167375683673,34.27400570717049],[133.1716720333215,34.27400729921955],[133.17170440098403,34.27409654635687],[133.17180196717274,34.27419918127578],[133.1718502497354,34.274265881146476],[133.1718613760784,34.2742699039274],[133.1718469334211,34.27428384627545],[133.1718397466507,34.274295067046744],[133.1718043860787,34.27435552757335],[133.17193083149036,34.27447264187356],[133.17193101773879,34.27447291806145],[133.1718573743908,34.27455502403373],[133.17174239559586,34.274693841514534],[133.1717433919901,34.27475550005378],[133.171776726599,34.27478720559459],[133.17179189001237,34.27473482568491],[133.17193774789772,34.27464662722464],[133.17200767836067,34.27450917953527],[133.17200745945593,34.27450891656996],[133.1720594473986,34.27444263386196],[133.172092595939,34.274360339221715],[133.17210935319054,34.27434739281577],[133.1721697578414,34.274250129392556],[133.17208736713167,34.27414062284572],[133.1719923622486,34.27406778740874],[133.17193130622272,34.27399292778615],[133.17188974405852,34.2739216615011],[133.17189612010307,34.2739181057184],[133.17182699789254,34.273854548999765],[133.1717691173468,34.273793775976195],[133.17176902138104,34.27379365242247]]]},"properties":{"classLabel":"土砂災害特別警戒区域","phenomenon":"急傾斜の崩壊","name":"西浦","areaCode":"351-Ⅰ-523(1)","address":"生名","noticeDate":"2021-01-29"}},{"type":"Feature","id":110,"geometry":{"type":"MultiPolygon","coordinates":[[[[133.17979921929802,34.26925322406599],[133.17977230416867,34.269242795265626],[133.1797365317177,34.26928587649127],[133.17967126906657,34.269329654016985],[133.17967217384714,34.26933173382134],[133.17967960714847,34.26934882048632],[133.1797893716226,34.26934009319236],[133.17985906810392,34.26927641359609],[133.17979921929802,34.26925322406599]]],[[[133.17956356894547,34.269201412534734],[133.17950068122312,34.2691672463459],[133.17947507917467,34.26917896870343],[133.17948452117514,34.26920287796772],[133.1794390562308,34.26927992791374],[133.1794472186437,34.269346312150525],[133.1794599427355,34.26935073820017],[133.17950387510598,34.26936601997326],[133.17952074632413,34.269307441111565],[133.17956356894547,34.269201412534734]]],[[[133.18158318282164,34.27002095798229],[133.18150534882008,34.269932167756124],[133.1813419460428,34.26986874051644],[133.18117268339353,34.26982812058966],[133.18101224409816,34.26979580457207],[133.18081097427185,34.26974137313935],[133.18081088413217,34.26974135543324],[133.18077196803975,34.269760451169034],[133.18067175139703,34.26975732005537],[133.18060057902505,34.26967995880592],[133.1805100689923,34.2695849532535],[133.18042414662403,34.26953746532747],[133.18038639784513,34.269504145399665],[133.18038632896446,34.269504120388696],[133.1802470289226,34.26945743593056],[133.18024698443242,34.26945741899661],[133.18015132583693,34.26946370829004],[133.18017081213145,34.269570137091954],[133.1800431912917,34.269607386380876],[133.17999070152604,34.26961925363734],[133.1799388389262,34.26951006656406],[133.17992430724053,34.269521236760234],[133.1797171857878,34.269597744397295],[133.17975497313117,34.269673476224376],[133.1798016662629,34.26976705641407],[133.18001950377567,34.26974989414495],[133.18003358801815,34.269757207455775],[133.18003407068332,34.269757195818684],[133.180079754606,34.26975499633735],[133.18014406005423,34.2697530710863],[133.180144481337,34.26975311098037],[133.18014561425198,34.269758838967455],[133.18014567945067,34.26975886269643],[133.18019061279116,34.2697665745196],[133.18019071787538,34.26976661689014],[133.18019791907363,34.26977453015013],[133.18023558680062,34.2697903683609],[133.1802270807193,34.26995359073549],[133.18052458779326,34.270056445206095],[133.18062371396005,34.270069463413726],[133.18063837652005,34.27007446011315],[133.18063846487186,34.270074479637515],[133.18095484567064,34.26998954269712],[133.1811144719893,34.27002120277164],[133.18123102682617,34.27004499203712],[133.18131324399022,34.27006328796881],[133.18133068130393,34.27007920444545],[133.1813342065072,34.270083013732446],[133.18129378000864,34.270179070361394],[133.18124332567882,34.27023811092399],[133.18120739020543,34.27029830512695],[133.1812562683957,34.270332471698985],[133.1813179914965,34.27037561698068],[133.18134473409492,34.27030688342073],[133.1814432114561,34.27025535372632],[133.18156423945715,34.27009484895433],[133.18158318282164,34.27002095798229]]],[[[133.1809718683804,34.27032905311658],[133.18095552112084,34.270289014111114],[133.18069889449922,34.270310804159124],[133.1806988796366,34.27031090571559],[133.1806893468525,34.27044428630295],[133.18079093119638,34.27049727046582],[133.1808030688165,34.2705075794936],[133.18080679036137,34.27050798356367],[133.1808332521882,34.270514043016156],[133.18089786464637,34.27052883855875],[133.18091185924177,34.27050932067182],[133.18094514153844,34.27045821163032],[133.18095820393506,34.270383463215694],[133.18095820890645,34.270383386395984],[133.1809718683804,34.27032905311658]]]]},"properties":{"classLabel":"土砂災害特別警戒区域","phenomenon":"急傾斜の崩壊","name":"北側","areaCode":"351-Ⅰ-526(1)","address":"生名","noticeDate":"2021-01-29"}},{"type":"Feature","id":111,"geometry":{"type":"Polygon","coordinates":[[[133.18210430463986,34.26521462273746],[133.18204479353076,34.26520543076393],[133.18201150898867,34.26526806144714],[133.18198467785922,34.265318548796884],[133.18198931769007,34.26538036856213],[133.1820647460181,34.26544001553345],[133.18209649806647,34.26546253583094],[133.18213440364863,34.26551701013944],[133.18214890344842,34.26557600171958],[133.1821867498457,34.265742495721945],[133.18223633168995,34.26588579969862],[133.18226486115063,34.26592735675496],[133.18243032814246,34.26599908338262],[133.182477195493,34.265974618439564],[133.18254194402172,34.265940819391865],[133.18247886250543,34.265810007051634],[133.18243626617897,34.26578455417857],[133.1823889801443,34.26571021348861],[133.18239310775672,34.26555672620688],[133.18235303965162,34.265432064947085],[133.18223811463352,34.26532785475978],[133.1821939810416,34.2653077114488],[133.18210430463986,34.26521462273746]]]},"properties":{"classLabel":"土砂災害特別警戒区域","phenomenon":"急傾斜の崩壊","name":"奥里","areaCode":"351-Ⅰ-2557(1)","address":"生名","noticeDate":"2021-01-29"}},{"type":"Feature","id":112,"geometry":{"type":"MultiPolygon","coordinates":[[[[133.17378184697301,34.275384123646106],[133.17388830480695,34.27530759053278],[133.1739967993056,34.27534171330722],[133.17400869624967,34.2753221181865],[133.17402496945837,34.275293437301784],[133.17405978355455,34.2752320787995],[133.17391684549457,34.27516820269863],[133.17380008443462,34.275165746472375],[133.17364472651101,34.275174437105996],[133.17366627816202,34.27525690110975],[133.17367841882108,34.27530335530579],[133.17368843978662,34.275341931097294],[133.17369374087036,34.275360502960474],[133.1736961405689,34.27536889868244],[133.17378184697301,34.275384123646106]]],[[[133.1742153101291,34.27554243716776],[133.17416396432435,34.27554112949989],[133.17388676014926,34.275703801667646],[133.1739555100134,34.27587975659371],[133.17403104671027,34.27594818000064],[133.17409368767,34.275946942014784],[133.174241530763,34.2759461584222],[133.17434132049505,34.27594562944586],[133.1742847040431,34.27581106381562],[133.17422716151728,34.27567755360465],[133.1742153101291,34.27554243716776]]],[[[133.17273519836405,34.27605483275991],[133.172609515822,34.275878817289026],[133.1725777728795,34.27588583457953],[133.17239400525736,34.27579453914556],[133.17225421128632,34.27564074480898],[133.1721680202982,34.275683864281135],[133.17206560638868,34.27572734886418],[133.17191278769948,34.27576558775974],[133.1717615334321,34.27579233294008],[133.17155934126694,34.27579327852999],[133.17130118246854,34.27577036293584],[133.17118142173717,34.27585172523442],[133.17131226431283,34.27599967593697],[133.1713930044961,34.27596475796783],[133.1714531209277,34.27603736210245],[133.17157851746484,34.27598768633807],[133.1715508532928,34.27596108536313],[133.17146261417003,34.275980564924076],[133.17140341711578,34.27593293060705],[133.1713496158292,34.275938160387796],[133.17126303300586,34.27586231609115],[133.17131784839927,34.27583532382118],[133.17156497973266,34.27584361714454],[133.17177425513336,34.2758587024358],[133.17193388672302,34.27586460289514],[133.1721104774075,34.275825505278554],[133.17217534536374,34.27570488471882],[133.17223322478446,34.27569232068085],[133.17227325814667,34.2759557867896],[133.17244253684234,34.27604458039292],[133.17246568947698,34.27604695791156],[133.17264821670292,34.27612505068096],[133.17268468457425,34.2760956111946],[133.17273519836405,34.27605483275991]]]]},"properties":{"classLabel":"土砂災害特別警戒区域","phenomenon":"急傾斜の崩壊","name":"西浦A","areaCode":"351-Ⅰ-2558(1)","address":"生名","noticeDate":"2021-01-29"}},{"type":"Feature","id":113,"geometry":{"type":"Polygon","coordinates":[[[133.18611283315525,34.26841626100845],[133.18611220972682,34.268351842937236],[133.18610574392667,34.268352485509126],[133.18608853487672,34.26835419568963],[133.18607801986633,34.268392937180046],[133.18597608729513,34.26840176333224],[133.1858927965393,34.26847191489299],[133.1859032602876,34.26849199896192],[133.18600358202025,34.26845639000606],[133.18611283315525,34.26841626100845]]]},"properties":{"classLabel":"土砂災害特別警戒区域","phenomenon":"急傾斜の崩壊","name":"厳島A","areaCode":"351-Ⅱ-1(1)","address":"生名","noticeDate":"2021-01-29"}},{"type":"Feature","id":114,"geometry":{"type":"Polygon","coordinates":[[[133.17886128420673,34.26799450988766],[133.17863831774304,34.26796733659488],[133.1785469843133,34.26807753092327],[133.17848702529767,34.2681689764993],[133.17846142265938,34.26824533542264],[133.17849921447018,34.268350049982836],[133.17850407175703,34.26835015231617],[133.1785657057776,34.26835031397079],[133.1786386846293,34.26834423938512],[133.17871788533523,34.268332748610476],[133.17881719561916,34.26831834018187],[133.1788193267946,34.26822896659874],[133.17879759140914,34.26821611985372],[133.17883976985945,34.26820550603327],[133.17885356793505,34.26820548272342],[133.17891887015648,34.26816745352689],[133.17902872386756,34.26811956307787],[133.1790021466633,34.26806303009016],[133.17898454704726,34.2680255935141],[133.17897808460165,34.26801156105559],[133.17886128420673,34.26799450988766]]]},"properties":{"classLabel":"土砂災害特別警戒区域","phenomenon":"急傾斜の崩壊","name":"岡庄A","areaCode":"351-Ⅱ-3(1)","address":"生名","noticeDate":"2021-01-29"}},{"type":"Feature","id":115,"geometry":{"type":"Polygon","coordinates":[[[133.17739730981685,34.272168029486295],[133.17739456110067,34.27216585387895],[133.17731736379056,34.27221020555838],[133.17723924378114,34.272271426190834],[133.17723920074437,34.27227147319512],[133.17717264649465,34.27230676228033],[133.17707774493695,34.2723414065875],[133.17707476825248,34.27238430714779],[133.1772168941961,34.27241589729362],[133.1773298812426,34.27234681826417],[133.17732992650275,34.27234676944294],[133.1773879864234,34.2722704018144],[133.17745760735204,34.2722301839286],[133.17741535616037,34.27218663158369],[133.17739730981685,34.272168029486295]]]},"properties":{"classLabel":"土砂災害特別警戒区域","phenomenon":"急傾斜の崩壊","name":"丸山B","areaCode":"351-Ⅱ-9(1)","address":"生名","noticeDate":"2021-01-29"}},{"type":"Feature","id":116,"geometry":{"type":"MultiPolygon","coordinates":[[[[133.17444209992675,34.27100693513576],[133.1744108523459,34.27094703706799],[133.1744010657932,34.27092827735514],[133.1743847411036,34.27090612369391],[133.17430272534784,34.27094265800739],[133.1743026541703,34.27094268629517],[133.17424266856275,34.27093726359657],[133.17412631789315,34.27094134289772],[133.17400919562425,34.270919107853295],[133.17392611788222,34.270904217942174],[133.17392599778117,34.270904213461165],[133.17390909750938,34.27090705223082],[133.1738904198771,34.27096888419983],[133.17386940129433,34.271038465732246],[133.1738879962013,34.271028624713296],[133.17391570071612,34.27093829909838],[133.17400679186068,34.27092922197443],[133.17412219160485,34.27097551398507],[133.1742442145022,34.27094946741312],[133.17430867720915,34.27095567373952],[133.17433639214647,34.271048131432416],[133.17444209992675,34.27100693513576]]],[[[133.17508334781868,34.27143769654055],[133.174964667543,34.27133386340601],[133.17491085591115,34.271349213118505],[133.17483702342696,34.27137027368621],[133.1748257102659,34.271508233927506],[133.17494401750517,34.27160959934085],[133.17503991711757,34.271617608690306],[133.17510549927042,34.271561405024535],[133.1751776335897,34.27149958607299],[133.17511185347934,34.27146105187745],[133.17508334781868,34.27143769654055]]]]},"properties":{"classLabel":"土砂災害特別警戒区域","phenomenon":"急傾斜の崩壊","name":"恵生C","areaCode":"351-Ⅱ-11(1)","address":"生名","noticeDate":"2021-01-29"}},{"type":"Feature","id":117,"geometry":{"type":"MultiPolygon","coordinates":[[[[133.17401964335076,34.27265784527563],[133.17401860833493,34.27264942323047],[133.17396722637474,34.272654037380576],[133.17396692968032,34.27266067198446],[133.17401964335076,34.27265784527563]]],[[[133.17331480844697,34.27296794884941],[133.17326566791553,34.27284544105908],[133.17333400041397,34.2728595210057],[133.17332185640902,34.27282736170645],[133.17323066624897,34.27280013581298],[133.1731633608186,34.27287851557798],[133.1730812405201,34.27286272450252],[133.17302154639665,34.272966470685105],[133.17302151567662,34.27296652979245],[133.17298255178716,34.27309392808435],[133.17297100166144,34.27310474311103],[133.17288081378223,34.27319462086707],[133.17288077942428,34.27319464048224],[133.17280729582544,34.2733243620509],[133.17277811711486,34.273473027130386],[133.17274180551175,34.273562314542275],[133.17274185020145,34.273562360334694],[133.17284898825557,34.273617756941505],[133.17284904588385,34.2736178101284],[133.17297923786185,34.273686372518085],[133.17301034043862,34.27365978630892],[133.17293387440853,34.27355043816701],[133.17293381029666,34.273550379632034],[133.17290413361317,34.273484242285065],[133.17290408733737,34.2734841941842],[133.1729030824039,34.27346844783666],[133.17287689423017,34.273330981176755],[133.17291490202024,34.273234707925916],[133.1729149335547,34.27323468995409],[133.17309768579835,34.27320534085126],[133.17310745816988,34.27319469121027],[133.17326260154368,34.27312289135978],[133.17326263577556,34.273122829338405],[133.17328519427014,34.27297636898893],[133.17331480844697,34.27296794884941]]],[[[133.17336771343975,34.27384029289083],[133.17326782672131,34.27379536076215],[133.17324020939031,34.27383179182863],[133.17335711145665,34.27387686648968],[133.17336771343975,34.27384029289083]]],[[[133.17400286753607,34.27424100992771],[133.1739830508109,34.27421257895679],[133.17388939664048,34.274284870820594],[133.1739157175284,34.27429963073715],[133.17400329402545,34.274241621836524],[133.17400286753607,34.27424100992771]]],[[[133.17389486591205,34.274417869439446],[133.1737800423809,34.2743449974033],[133.17377790284038,34.27434547058773],[133.17373030725852,34.274355996686374],[133.17384887551464,34.274463916077806],[133.17393848616155,34.27452506216017],[133.17413110612958,34.274634551904335],[133.1741288984064,34.27470461074463],[133.17430814892427,34.27483380898145],[133.174328456306,34.27479422899517],[133.17418787025457,34.27463620621967],[133.17416900920676,34.27458002065769],[133.17400394196076,34.27447165880504],[133.17389486591205,34.274417869439446]]]]},"properties":{"classLabel":"土砂災害特別警戒区域","phenomenon":"急傾斜の崩壊","name":"西浦B","areaCode":"351-Ⅱ-12(1)","address":"生名","noticeDate":"2021-01-29"}},{"type":"Feature","id":118,"geometry":{"type":"MultiPolygon","coordinates":[[[[133.18047858101016,34.27511914047696],[133.18056791001572,34.27508685265766],[133.18054435632627,34.27505533619218],[133.18046748692214,34.275080687173116],[133.1803376923766,34.274958842416744],[133.18021718636106,34.27502014753648],[133.18012206606062,34.274994159246],[133.18002900755778,34.27495835882021],[133.17999872684828,34.27499230026041],[133.1800931342058,34.27505144242249],[133.1801847738856,34.275110890707],[133.18031624940136,34.27508859226262],[133.18047858101016,34.27511914047696]]],[[[133.17996972369255,34.27436736489251],[133.1798674681113,34.274332806309744],[133.1797760347945,34.27447629320269],[133.17974288597412,34.27460118316196],[133.17972351885285,34.27478187775999],[133.17974670735984,34.27489173629651],[133.1797143087701,34.275053793919554],[133.17965236498335,34.275183580313445],[133.1796238458737,34.27524048249325],[133.17966725925714,34.275249035488834],[133.17969077056327,34.27525366748256],[133.17973706179723,34.275213978209386],[133.17982276889902,34.27508832237423],[133.17984411473662,34.274905205282806],[133.17997966264923,34.27481492301907],[133.18013218136198,34.27465227526522],[133.18021055666992,34.27454155192728],[133.18023060967818,34.274432778576774],[133.18020295431197,34.27442759725375],[133.18004666334315,34.27439336757317],[133.17996972369255,34.27436736489251]]],[[[133.17994217344776,34.27563888140725],[133.1801293460773,34.27553253010684],[133.18010027012662,34.275427407351586],[133.1800878318356,34.27542748376963],[133.18007553653723,34.27550878835654],[133.17993547242483,34.27561010131548],[133.1798241679238,34.275605695046906],[133.1797046534105,34.27546413302338],[133.1796068541471,34.27545065450936],[133.17958422308251,34.27545532154382],[133.17953708054307,34.2754650433754],[133.17967535371824,34.2755186619894],[133.1798093240273,34.27564079799036],[133.17994217344776,34.27563888140725]]]]},"properties":{"classLabel":"土砂災害特別警戒区域","phenomenon":"急傾斜の崩壊","name":"深浦A","areaCode":"351-Ⅱ-13(1)","address":"生名","noticeDate":"2021-01-29"}},{"type":"Feature","id":119,"geometry":{"type":"MultiPolygon","coordinates":[[[[133.17691412899887,34.27496806598703],[133.1768261407959,34.27482690446012],[133.1768260891936,34.27482682924548],[133.17674743028743,34.274841248293896],[133.17658300173497,34.27478431405395],[133.1765569555532,34.27482154361593],[133.1766752975113,34.274918499412465],[133.17668865433637,34.27495598833405],[133.17668869872927,34.27495605830209],[133.1767793479711,34.27505541574439],[133.17692225586444,34.27515479506142],[133.17701529932023,34.275239565848196],[133.17706342279186,34.27519724888946],[133.17711699525833,34.27515014031044],[133.17700858419553,34.275084544880244],[133.17691412899887,34.27496806598703]]],[[[133.1766431367132,34.27535794164126],[133.17663932665798,34.275317952955824],[133.17645712548085,34.275271700907574],[133.17640262634748,34.27527913355534],[133.1763902844177,34.27529855941898],[133.17636037747366,34.27534563215774],[133.17642765226492,34.27536248260629],[133.1765819148928,34.27535512740778],[133.1765621625704,34.27540688795194],[133.17661738330975,34.27537350877416],[133.1766431367132,34.27535794164126]]],[[[133.17598561600838,34.27538148794756],[133.1761216942694,34.27536721165789],[133.17612182605365,34.275367261015305],[133.1761889236228,34.27533099587775],[133.17618899195577,34.275330943128424],[133.17623578245363,34.275292022868015],[133.17627905986924,34.275258364354826],[133.17631729184018,34.275306400406485],[133.176351235697,34.27525915423658],[133.1763661733186,34.2752383626658],[133.1762894377388,34.27513169587369],[133.17607133455067,34.27502514995096],[133.1760075603441,34.275076437290984],[133.17600751940248,34.275076472159796],[133.17588583737555,34.2750915990221],[133.1758856677513,34.275091569924655],[133.17575839111814,34.27524413720573],[133.17573615407449,34.27526997655559],[133.17572071928922,34.27529407404232],[133.17572079519104,34.275294202698745],[133.17573585571657,34.27535157000316],[133.17573590085735,34.27535169321293],[133.17574022409735,34.275449290346685],[133.1756647089286,34.27547209675184],[133.17571443315273,34.27552961181466],[133.17576457902382,34.275587614487115],[133.17584786543532,34.27554059192285],[133.17598750882868,34.27550444591621],[133.1759874999539,34.27550437263697],[133.17599230516774,34.2754265358854],[133.17599223673236,34.2754263939047],[133.1759732134145,34.27540086628422],[133.17598561600838,34.27538148794756]]]]},"properties":{"classLabel":"土砂災害特別警戒区域","phenomenon":"急傾斜の崩壊","name":"丸山C","areaCode":"351-Ⅱ-14(1)","address":"生名","noticeDate":"2021-01-29"}},{"type":"Feature","id":120,"geometry":{"type":"Polygon","coordinates":[[[133.17373007081412,34.27647129230182],[133.17358462046556,34.276467229124705],[133.1734250184439,34.27650007317458],[133.17330712327197,34.276566617168264],[133.17336912002628,34.276629603043126],[133.17341628205125,34.2766775174126],[133.17344868718027,34.276704988206966],[133.17346786990788,34.27671904922378],[133.1735325017095,34.27665755273247],[133.1736614766882,34.276601480789175],[133.1737679074232,34.27651085466352],[133.17375972399566,34.27650229799938],[133.17373007081412,34.27647129230182]]]},"properties":{"classLabel":"土砂災害特別警戒区域","phenomenon":"急傾斜の崩壊","name":"西浦C","areaCode":"351-Ⅱ-15(1)","address":"生名","noticeDate":"2021-01-29"}},{"type":"Feature","id":121,"geometry":{"type":"Polygon","coordinates":[[[133.17549339922965,34.27982884914323],[133.17561242101672,34.279761448753376],[133.17568335389822,34.279659801832956],[133.17567839551768,34.27955754192109],[133.17567130928512,34.279458848641156],[133.17565965181734,34.279456147152914],[133.17562922478226,34.279539165946765],[133.17551545719294,34.27961254684014],[133.17546461891786,34.2796598732897],[133.17541919140646,34.279677854120656],[133.17542541850833,34.27968726956309],[133.17545508594634,34.27975876461866],[133.17547204382387,34.27979963108087],[133.17545892904113,34.27978168767117],[133.17537729989726,34.27981333976337],[133.17529969867505,34.279843429986144],[133.1752976350126,34.27984444115621],[133.17541227790076,34.279955429159465],[133.17550543987142,34.28005547740339],[133.175537915343,34.28018842593621],[133.17572841270402,34.28020059350785],[133.17576682825,34.28017792793293],[133.17573651547835,34.28011483175314],[133.17563508867732,34.27997392137017],[133.17552085208462,34.27986640958526],[133.17549339922965,34.27982884914323]]]},"properties":{"classLabel":"土砂災害特別警戒区域","phenomenon":"急傾斜の崩壊","name":"北立石A","areaCode":"351-Ⅱ-16(1)","address":"生名","noticeDate":"2021-01-29"}},{"type":"Feature","id":122,"geometry":{"type":"MultiPolygon","coordinates":[[[[133.18147119508774,34.26855042988016],[133.18124931511554,34.26841776535698],[133.1812741820926,34.26860054920802],[133.18129068127618,34.26862308070004],[133.1813337854262,34.26863315316797],[133.1814652091451,34.26863153043982],[133.18146568059146,34.268625142859484],[133.18146932949992,34.26857570576854],[133.18147119508774,34.26855042988016]]],[[[133.18152784178218,34.269123307926],[133.18151503080483,34.269118387783365],[133.18148882847922,34.26915247198726],[133.18152938072703,34.26916798854082],[133.18152784178218,34.269123307926]]],[[[133.1811943505062,34.26887160707942],[133.18118256046947,34.26886801652049],[133.18110587207786,34.26891816731311],[133.18101844471832,34.26903381891918],[133.1812044580437,34.269173045223084],[133.18134340651036,34.269133726782826],[133.1813433014908,34.26912349239121],[133.18125160287545,34.26906183568485],[133.1811979327488,34.26903619101827],[133.18128630914873,34.268956099011184],[133.1811943505062,34.26887160707942]]],[[[133.18161090566835,34.269366242263736],[133.18165362094294,34.269343816588794],[133.18160914989505,34.26934854459051],[133.18160724388483,34.26934874723178],[133.18158345076924,34.26936766398339],[133.18159148402714,34.26936724800083],[133.18161090566835,34.269366242263736]]],[[[133.18155886589824,34.2695543628863],[133.18165431434346,34.26946778683325],[133.18160560825373,34.269468717606046],[133.18159282984786,34.26946896178451],[133.18154950119919,34.26952172160917],[133.18140717920417,34.269487261145116],[133.1812647983531,34.2694114804496],[133.18114608950418,34.269329552861144],[133.18100346467463,34.26932422963756],[133.1809127159561,34.26928898842786],[133.18089608149475,34.2693181795025],[133.18086723009316,34.269368809539706],[133.18094147419188,34.26944532511791],[133.18108325141435,34.269505775021734],[133.18122873775698,34.269535768296585],[133.1813911128602,34.269543838108305],[133.18155886589824,34.2695543628863]]]]},"properties":{"classLabel":"土砂災害特別警戒区域","phenomenon":"急傾斜の崩壊","name":"中側B","areaCode":"351-Ⅱ-17(1)","address":"生名","noticeDate":"2021-01-29"}},{"type":"Feature","id":123,"geometry":{"type":"MultiPolygon","coordinates":[[[[133.17694092941676,34.27631763749679],[133.176947591242,34.27627876660064],[133.1768449000938,34.276305975057674],[133.17687456961337,34.27633990917863],[133.17687655628856,34.27634218142464],[133.17693882236674,34.27632993189417],[133.17694092941676,34.27631763749679]]],[[[133.17708839667128,34.27738403141226],[133.17709292977358,34.277358310916306],[133.17715112413126,34.277366434154956],[133.17716846499712,34.27739259313846],[133.1773675792558,34.2773620837859],[133.17744161743204,34.27728533912927],[133.1774416100212,34.27728525099648],[133.17743430480337,34.277056877974545],[133.17743429738508,34.27705682433732],[133.1774243103254,34.27699619789808],[133.17739350057522,34.276790398677726],[133.17736133234635,34.27677135474965],[133.17731772499315,34.27667263362953],[133.1772451280519,34.27656441882793],[133.17716563616887,34.27659338453585],[133.17707324890867,34.27662704901623],[133.17703950886883,34.27674263142717],[133.1770583776226,34.27683067531134],[133.1770710798689,34.276851379115485],[133.17709961787838,34.27702604650452],[133.1770982436568,34.27707806265357],[133.17709825247874,34.27707812836623],[133.17715776881045,34.27717690711743],[133.17715770627333,34.277176977044334],[133.1771584395278,34.27717988702296],[133.17712825606557,34.2771943560973],[133.17711636929636,34.27719657438478],[133.1770451587204,34.27722142934396],[133.17702793675736,34.27722382997777],[133.17692483094203,34.277388716801305],[133.17694031407586,34.27740093936122],[133.17697989950113,34.27743218857836],[133.17708839667128,34.27738403141226]]]]},"properties":{"classLabel":"土砂災害特別警戒区域","phenomenon":"急傾斜の崩壊","name":"立石A","areaCode":"351-Ⅱ-18(1)","address":"生名","noticeDate":"2021-01-29"}},{"type":"Feature","id":124,"geometry":{"type":"MultiPolygon","coordinates":[[[[133.18316493833,34.26880581113405],[133.18315186762334,34.26877405205153],[133.1830942343022,34.26877985919578],[133.183079424378,34.26878135143364],[133.18308238451255,34.26884096920947],[133.1831065710785,34.26883066862131],[133.18316493833,34.26880581113405]]],[[[133.18340016218136,34.268971014348864],[133.1834237147931,34.268918504300416],[133.18343430015364,34.26889724905808],[133.1834448665782,34.26888157634439],[133.18345541922662,34.268868694608344],[133.18346800798926,34.26885387368517],[133.1835136689564,34.26880011631126],[133.1835302289542,34.26878061994302],[133.18345160594163,34.26877105257203],[133.1833398294267,34.268784691081805],[133.1833281591307,34.268806679476675],[133.18325106367848,34.26883873973572],[133.1832657111935,34.2689021111379],[133.18327279689098,34.26893276690923],[133.1832741523875,34.268947040517176],[133.18335129419754,34.26894533570362],[133.18335516252787,34.26896964356769],[133.18339864914174,34.268970667582344],[133.18339598035374,34.26898235118966],[133.18340016218136,34.268971014348864]]]]},"properties":{"classLabel":"土砂災害特別警戒区域","phenomenon":"急傾斜の崩壊","name":"中側A","areaCode":"351-Ⅱ-19(1)","address":"生名","noticeDate":"2021-01-29"}},{"type":"Feature","id":125,"geometry":{"type":"Polygon","coordinates":[[[133.18230092466374,34.26490183034808],[133.18236145507976,34.26481418079789],[133.18245295972358,34.264710401101084],[133.18248068397537,34.26467596976627],[133.18246530748996,34.26467454312596],[133.1821117123897,34.26484243008346],[133.18207156262014,34.264824126909794],[133.1820482069771,34.26480481047738],[133.1819330449949,34.264719267877936],[133.18192374574843,34.2645653411884],[133.18187621114717,34.264436570945975],[133.18183381814285,34.26444073372593],[133.18176540034474,34.26444745196857],[133.18181727375375,34.26460025767308],[133.1818577693691,34.26474125372005],[133.1818822009715,34.26486253516756],[133.18191943106865,34.26493597588097],[133.18200254772688,34.26498697859703],[133.182153955343,34.2650803608198],[133.1822085504005,34.26506031143688],[133.18226019830269,34.2649717022311],[133.18230092466374,34.26490183034808]]]},"properties":{"classLabel":"土砂災害特別警戒区域","phenomenon":"急傾斜の崩壊","name":"奥里A","areaCode":"351-Ⅱ-20(1)","address":"生名","noticeDate":"2021-01-29"}},{"type":"Feature","id":126,"geometry":{"type":"Polygon","coordinates":[[[133.18255060412733,34.26470045398784],[133.18248068397537,34.26467596976627],[133.18245295972358,34.264710401101084],[133.18236145507976,34.26481418079789],[133.18230092466374,34.26490183034808],[133.18226019830269,34.2649717022311],[133.1822085504005,34.26506031143688],[133.1822749786028,34.26508681292335],[133.18232170030095,34.265122186454384],[133.18231420785312,34.265161915897615],[133.18251858145592,34.26522089701362],[133.18257458248755,34.26520841648485],[133.1826216249413,34.265201709270954],[133.1828422403646,34.26516076269298],[133.1828188222833,34.26508759056434],[133.1828102104235,34.265060681949365],[133.18279546047057,34.26501007257454],[133.18278644008424,34.264963771303826],[133.18278356880484,34.26492403849857],[133.18270874531092,34.264906239508676],[133.18266320516474,34.2648936936961],[133.18256639966762,34.26488468626341],[133.18251315445644,34.26486500522768],[133.18251334610702,34.2648600828236],[133.18255060412733,34.26470045398784]]]},"properties":{"classLabel":"土砂災害特別警戒区域","phenomenon":"急傾斜の崩壊","name":"脇A","areaCode":"351-Ⅱ-21(1)","address":"生名","noticeDate":"2021-01-29"}},{"type":"Feature","id":127,"geometry":{"type":"Polygon","coordinates":[[[133.1740842321282,34.27678061297663],[133.17427635171933,34.276705659053064],[133.1742527431684,34.2766478348661],[133.17420601479927,34.27665333566053],[133.17420568866396,34.2766854460215],[133.1740798911047,34.276726929696466],[133.1740076459207,34.27667099339035],[133.17382951178837,34.276681454159096],[133.17357482568636,34.276734780251196],[133.17360131367232,34.276767830469964],[133.17360825537426,34.276776491966885],[133.17384151027386,34.2767442849094],[133.1739940589643,34.276723191003896],[133.1740842321282,34.27678061297663]]]},"properties":{"classLabel":"土砂災害特別警戒区域","phenomenon":"急傾斜の崩壊","name":"西浦D","areaCode":"351-Ⅱ-22(1)","address":"生名","noticeDate":"2021-01-29"}},{"type":"Feature","id":128,"geometry":{"type":"Polygon","coordinates":[[[133.15483156510314,34.250184177317074],[133.15479628403492,34.250182118052535],[133.15476145526918,34.250255089168114],[133.15469895392764,34.250412149120315],[133.15469627511726,34.25045146223653],[133.1547409494917,34.25046643010523],[133.15475194482903,34.25043095632493],[133.15484053163746,34.25027066656392],[133.15483156510314,34.250184177317074]]]},"properties":{"classLabel":"土砂災害特別警戒区域","phenomenon":"急傾斜の崩壊","name":"海原(B)","areaCode":"352-Ⅰ-527(1)","address":"岩城","noticeDate":"2021-01-29"}},{"type":"Feature","id":129,"geometry":{"type":"MultiPolygon","coordinates":[[[[133.15221079484107,34.24668887584437],[133.152193545456,34.24663828498481],[133.15215058784435,34.24664227029892],[133.15214299328764,34.24664297484574],[133.15217099848093,34.24668727887404],[133.1521999436974,34.24668844039953],[133.15221079484107,34.24668887584437]]],[[[133.1521703449975,34.24718846645968],[133.15217077638417,34.247168533889564],[133.15214589616392,34.247168979771544],[133.15209726195752,34.24716985139819],[133.1520855808231,34.24717006071724],[133.15208329455837,34.24719042057775],[133.1520889643392,34.24719029331945],[133.15214692096683,34.24718899230871],[133.1521703449975,34.24718846645968]]],[[[133.15250627545825,34.24727724866785],[133.1525051462351,34.24727449012644],[133.15244745645848,34.247277200035796],[133.15242365644062,34.2472777392854],[133.1524359895673,34.247420693896245],[133.1525179208387,34.24741194824488],[133.15251881161487,34.2474118531596],[133.1525182552912,34.24741078730605],[133.15251622586115,34.24739979283305],[133.15251595106045,34.247398441745275],[133.15251578533795,34.247397835964655],[133.15251575433757,34.2473917362054],[133.15251587949106,34.24738857031844],[133.15251731817784,34.24737958785734],[133.15251921920353,34.24736725421535],[133.15252180876166,34.24735110440988],[133.15252215570726,34.24734854446249],[133.15252275965696,34.24733802307686],[133.15252305742166,34.247333786744484],[133.1525213889081,34.24731683331007],[133.1525211684553,34.24731590143768],[133.15251923260428,34.247309423780436],[133.15251841668666,34.24730633800382],[133.15251723651602,34.24730244411354],[133.15251625264366,34.247299295777665],[133.1525137830967,34.24729382545922],[133.15251180684703,34.247289598202336],[133.15250924000216,34.24728354816507],[133.15250627545825,34.24727724866785]]],[[[133.15290250358422,34.24807844695788],[133.15276004144766,34.24799633166473],[133.15271687172955,34.24803057726455],[133.1526848147224,34.248056007375574],[133.1526838325617,34.24805723739239],[133.1527543338575,34.248141787532376],[133.15276548503897,34.2482315908731],[133.1528072155659,34.24829683377227],[133.15280793522453,34.24843064743789],[133.1529962425652,34.24853679877248],[133.1531563560786,34.24855970706469],[133.15324677640936,34.24862866003853],[133.15337107772746,34.248685856194456],[133.1534989777697,34.24873651151845],[133.15362021438207,34.24874953256455],[133.1536336233573,34.248725824249995],[133.1536608868179,34.24867761987633],[133.15356382725173,34.24862565605389],[133.15344193548916,34.24858048288731],[133.1533327906677,34.24853489974577],[133.15324716293452,34.24846148190139],[133.15311827038167,34.248380877886014],[133.1530271600918,34.248343455903665],[133.15302727841254,34.24822724077518],[133.15292625545032,34.24816468327602],[133.15290250358422,34.24807844695788]]]]},"properties":{"classLabel":"土砂災害特別警戒区域","phenomenon":"急傾斜の崩壊","name":"海原(A)","areaCode":"352-Ⅰ-529(1)","address":"岩城","noticeDate":"2021-01-29"}},{"type":"Feature","id":130,"geometry":{"type":"MultiPolygon","coordinates":[[[[133.1462712558378,34.24834356156212],[133.14621498643774,34.248331374343174],[133.1461824090634,34.24836234180583],[133.1461959102412,34.24838999113111],[133.1461200958379,34.2484756654322],[133.14618011165874,34.24851089213475],[133.14619627471242,34.248520379141226],[133.1462076525095,34.248531357145445],[133.14621168995671,34.24853752164777],[133.1463028640424,34.248423381535595],[133.1462795876082,34.248386754885985],[133.1462897717739,34.248347571874895],[133.1462712558378,34.24834356156212]]],[[[133.14586775971685,34.2488847416888],[133.14579098796233,34.248869227592415],[133.14576828197286,34.24891249648959],[133.1457485572708,34.24895854045983],[133.1457470987657,34.24906189543995],[133.14573200195113,34.249102575272616],[133.14578397849098,34.24917653252755],[133.14579137870447,34.249261066842315],[133.14579704358212,34.249273176639406],[133.14579991857113,34.24927868433877],[133.14580537297155,34.2492891335052],[133.1458819774301,34.249264970389085],[133.14591440587358,34.24920241504297],[133.14598331520884,34.24912127959845],[133.14596079109967,34.249024166932045],[133.1459840983971,34.248992561609946],[133.14592968404116,34.24889753653718],[133.14592784202807,34.248896883125184],[133.14586775971685,34.2488847416888]]]]},"properties":{"classLabel":"土砂災害特別警戒区域","phenomenon":"急傾斜の崩壊","name":"大谷","areaCode":"352-Ⅰ-531(1)","address":"岩城","noticeDate":"2021-01-29"}},{"type":"Feature","id":131,"geometry":{"type":"Polygon","coordinates":[[[133.15092327859495,34.246081855908024],[133.15082347386215,34.246046271122545],[133.15076225475434,34.24602444374272],[133.15069385394435,34.245991413386676],[133.15066173617345,34.245978933039346],[133.15060655802998,34.246035798175804],[133.15059939031508,34.24604904063629],[133.1505391337638,34.246051377934556],[133.15049563437574,34.24605629526061],[133.15047723243154,34.24605679087945],[133.1504322834285,34.24603423151873],[133.15035554346156,34.245979722804584],[133.15029022855092,34.245932479858304],[133.1502658406954,34.245861708986475],[133.15020704091896,34.24578861590817],[133.1501793312765,34.24579658944158],[133.15011937053666,34.24581384334203],[133.15009884792758,34.245969720283284],[133.15018864548838,34.24608176013421],[133.15021289551854,34.24614141751135],[133.15026250979255,34.24620628094188],[133.15034917306303,34.24626055721524],[133.1503994437801,34.2462826665191],[133.15053149283648,34.24627254378027],[133.1507605765487,34.24624883510231],[133.15083169258222,34.24618729319885],[133.15092327859495,34.246081855908024]]]},"properties":{"classLabel":"土砂災害特別警戒区域","phenomenon":"急傾斜の崩壊","name":"小村","areaCode":"352-Ⅰ-532(1)","address":"岩城","noticeDate":"2021-01-29"}},{"type":"Feature","id":132,"geometry":{"type":"MultiPolygon","coordinates":[[[[133.1504612152411,34.247241382320645],[133.15061453771904,34.247124035514716],[133.15070854126625,34.24704917431647],[133.1507943075661,34.246923669969085],[133.15076509793346,34.24689138726412],[133.15063813498548,34.246993194771306],[133.15055534200545,34.24707363176993],[133.15044634090836,34.24720578549124],[133.15030403375908,34.247186822296584],[133.15016663840288,34.247124958845006],[133.1501173601424,34.24707162618937],[133.15010184128354,34.24705801161479],[133.15009496738435,34.247005158849205],[133.15004339986848,34.24700489201164],[133.1500384404636,34.24709691233625],[133.1500432186833,34.24711747274573],[133.15013402021825,34.24718545063947],[133.15027551055798,34.24724202719611],[133.1504612152411,34.247241382320645]]],[[[133.15111189137093,34.246714930273825],[133.15103450557476,34.246663271322724],[133.1508281676406,34.246678971236356],[133.1508113307567,34.2467178867275],[133.151006964143,34.24674729581653],[133.1510268172992,34.246771329443824],[133.15100832023205,34.246928661446084],[133.151004150456,34.24698065424536],[133.15104211861095,34.24709929303267],[133.15101917350552,34.24712319252311],[133.15103207566835,34.24726346795725],[133.15089106537877,34.247367957625826],[133.15085753880817,34.247579247766964],[133.1508998010857,34.24764428902077],[133.15091865049865,34.24775772968376],[133.15113616202888,34.24785352776591],[133.15122574540248,34.24795637324644],[133.15114654710163,34.24805181096583],[133.15118601190895,34.24807002519888],[133.1511877680001,34.248070599941386],[133.15125450804047,34.24809244367159],[133.15137457349974,34.24799856032637],[133.15138644209347,34.24783850795],[133.15139929686086,34.24774989916774],[133.15136387882808,34.24757065791218],[133.15130531586337,34.24741291075471],[133.1512980164565,34.247297386479886],[133.15121791564167,34.247248742957616],[133.15119400501817,34.24712493637116],[133.15125834695183,34.247103059782816],[133.15125302850825,34.246960262614515],[133.1512339125449,34.24686392709934],[133.15111189137093,34.246714930273825]]]]},"properties":{"classLabel":"土砂災害特別警戒区域","phenomenon":"急傾斜の崩壊","name":"あづま","areaCode":"352-Ⅰ-533(1)","address":"岩城","noticeDate":"2021-01-29"}},{"type":"Feature","id":133,"geometry":{"type":"MultiPolygon","coordinates":[[[[133.15000086693837,34.24511470479732],[133.15004301958362,34.24511096851943],[133.15004375926856,34.245111028582116],[133.150032292955,34.24503312544647],[133.15003075993013,34.24503264037224],[133.1499864127468,34.24502384589918],[133.1499858690062,34.24502373807397],[133.1499361379844,34.245013875886364],[133.14991648005076,34.245023278876815],[133.14993209855257,34.245120800195785],[133.15000086693837,34.24511470479732]]],[[[133.15011138247377,34.24521125070408],[133.15007705358386,34.24516861964421],[133.15007554732406,34.245168627210624],[133.1500430787227,34.24517092000205],[133.15003258725142,34.24517267901603],[133.15001579182652,34.245174845125504],[133.14993629006392,34.24518509858491],[133.14993491680494,34.24519562971038],[133.14989719059434,34.245238732329604],[133.14988330415898,34.24531356892853],[133.1499040099178,34.24542099199326],[133.14998399000885,34.24554781444929],[133.14996820384326,34.245593718500636],[133.1499720972241,34.245631934642454],[133.1499269882182,34.245700950344784],[133.14993018679453,34.245826863242165],[133.1499648246934,34.245874178965664],[133.14996667449986,34.245874202131034],[133.1500385719149,34.24587510186732],[133.15008418044013,34.24587567257955],[133.15020584941735,34.2457888098186],[133.1501974611848,34.24573022317555],[133.15022849305257,34.245668046644866],[133.15018652948535,34.245589270382794],[133.15020192154614,34.245523747379124],[133.15018160332264,34.2453719386636],[133.15012237945203,34.24530358038589],[133.15012920876117,34.24527728093383],[133.15011138247377,34.24521125070408]]]]},"properties":{"classLabel":"土砂災害特別警戒区域","phenomenon":"急傾斜の崩壊","name":"東","areaCode":"352-Ⅰ-534(1)","address":"岩城","noticeDate":"2021-01-29"}},{"type":"Feature","id":134,"geometry":{"type":"MultiPolygon","coordinates":[[[[133.1465303874083,34.246481761509095],[133.14650295033107,34.24643194086866],[133.14642075289348,34.246473012023195],[133.1463411954304,34.24646678199216],[133.14623441833322,34.246644060687146],[133.14620618224473,34.246680499918575],[133.1462729196021,34.24670184838094],[133.14631077140822,34.24671395668163],[133.14632517034727,34.24671786741093],[133.1463460944623,34.24669037242901],[133.14641881942032,34.246594657751544],[133.14647689818383,34.24658924013515],[133.14655587395296,34.24652572931288],[133.14654799866202,34.24651374021916],[133.1465303874083,34.246481761509095]]],[[[133.14626394013072,34.24702673437949],[133.14625855538654,34.246996257577464],[133.14621619723204,34.24699829183178],[133.14615400534942,34.24700127855891],[133.14615854693156,34.24704538374568],[133.14622572364829,34.247033496830376],[133.14626394013072,34.24702673437949]]]]},"properties":{"classLabel":"土砂災害特別警戒区域","phenomenon":"急傾斜の崩壊","name":"西","areaCode":"352-Ⅰ-535(1)","address":"岩城","noticeDate":"2021-01-29"}},{"type":"Feature","id":135,"geometry":{"type":"Polygon","coordinates":[[[133.14325381438735,34.246897225651935],[133.14319367873617,34.24686852001333],[133.14310915127078,34.24687465372187],[133.1430527758824,34.246878744536325],[133.143038943715,34.24688458428002],[133.14301355783743,34.24696621527613],[133.14295157413403,34.247062984023444],[133.1429279770226,34.24709927091808],[133.14298326400095,34.24711618251813],[133.14303885207624,34.24713412306476],[133.14310422261312,34.247155831422376],[133.14319745179904,34.24718679106813],[133.14322218733642,34.247113204508956],[133.14325381438735,34.246897225651935]]]},"properties":{"classLabel":"土砂災害特別警戒区域","phenomenon":"急傾斜の崩壊","name":"谷","areaCode":"352-Ⅰ-537(1)","address":"岩城","noticeDate":"2021-01-29"}},{"type":"Feature","id":136,"geometry":{"type":"Polygon","coordinates":[[[133.14286367078293,34.245249209974936],[133.14279475137613,34.245245982415994],[133.1426217511359,34.245299112508306],[133.14246104005278,34.24534079336742],[133.1422866226235,34.24543401201594],[133.14222199811107,34.24550606194187],[133.14217663282352,34.245580732864155],[133.1421635974907,34.24566591772001],[133.1421732366582,34.2457688233182],[133.142237789302,34.245815469748614],[133.14227337592982,34.24584118499559],[133.1423033709297,34.24585602225083],[133.14230560949855,34.24585695989008],[133.14235955578548,34.245755191753325],[133.14238372948444,34.245667478948356],[133.14242977509278,34.245597506024076],[133.14245254338047,34.2455735211293],[133.14255069487288,34.24545850639381],[133.14267195748545,34.245400175120515],[133.14282505810357,34.24530423246116],[133.1428585715953,34.24529763318156],[133.14285948638397,34.24528894592645],[133.14286367078293,34.245249209974936]]]},"properties":{"classLabel":"土砂災害特別警戒区域","phenomenon":"急傾斜の崩壊","name":"浜","areaCode":"352-Ⅰ-538(1)","address":"岩城","noticeDate":"2021-01-29"}},{"type":"Feature","id":137,"geometry":{"type":"Polygon","coordinates":[[[133.1456147835323,34.24834415909082],[133.14555763583206,34.24833878830613],[133.14553473345495,34.248383676516845],[133.14551013554782,34.24843202892208],[133.145409103354,34.248583520060116],[133.14526090475914,34.24868598203822],[133.14525070021605,34.24873060823457],[133.14520418536532,34.24884164305064],[133.14525241693113,34.24888985369191],[133.1452223634296,34.24896074525414],[133.14529905585582,34.248958178417375],[133.14538069519452,34.248955445934804],[133.145444872653,34.24891406025404],[133.14541867909202,34.248842253873654],[133.14544632992434,34.24876453397519],[133.1454314816249,34.24872966444147],[133.14552614981162,34.24862478505227],[133.14562709533,34.24849137961577],[133.1456897253898,34.24841656918247],[133.1456929994174,34.24835150980416],[133.1456147835323,34.24834415909082]]]},"properties":{"classLabel":"土砂災害特別警戒区域","phenomenon":"急傾斜の崩壊","name":"大谷新地","areaCode":"352-Ⅱ-1(1)","address":"岩城","noticeDate":"2021-01-29"}},{"type":"Feature","id":138,"geometry":{"type":"MultiPolygon","coordinates":[[[[133.14465801262378,34.246251516788675],[133.1445578510282,34.24614428478145],[133.14448682103486,34.24616692188663],[133.14443716432777,34.2461827473212],[133.1444318343102,34.24618449991301],[133.14442366512313,34.2463293875137],[133.1444463530245,34.24639430439751],[133.14446475001373,34.24645999380772],[133.14445497649774,34.24649239473831],[133.14442103666994,34.24655199993426],[133.1443498825249,34.24667041946803],[133.14426055885582,34.24678695366812],[133.14432137484138,34.24682270640577],[133.14439130762253,34.24686381866439],[133.14448488669518,34.24674740525267],[133.14460358450262,34.24664165585692],[133.1446987964378,34.24656006934732],[133.1447107335116,34.24644050463804],[133.1446906298289,34.24633655161742],[133.14465801262378,34.246251516788675]]],[[[133.1435716659505,34.247032752322276],[133.1435152050065,34.247005694091456],[133.14345111944002,34.24708456696765],[133.14338886272174,34.24716807071278],[133.14338621401143,34.247244833144855],[133.14342280720948,34.24726025521167],[133.14343140552646,34.24726387891235],[133.14352900477226,34.24722656265373],[133.14357251222114,34.24712998278155],[133.14359989043962,34.24704475161508],[133.14358812640134,34.24704064080499],[133.1435716659505,34.247032752322276]]]]},"properties":{"classLabel":"土砂災害特別警戒区域","phenomenon":"急傾斜の崩壊","name":"谷B","areaCode":"352-Ⅱ-3(1)","address":"岩城","noticeDate":"2021-01-29"}},{"type":"Feature","id":139,"geometry":{"type":"MultiPolygon","coordinates":[[[[133.13168271270385,34.255325204726155],[133.1316431912782,34.25532321079681],[133.13168070966606,34.25542667395951],[133.13169650548326,34.25542787236098],[133.13170084124144,34.25542820128197],[133.13168271270385,34.255325204726155]]],[[[133.1318953843463,34.25550409809552],[133.13172230718385,34.255489274233504],[133.13164948692094,34.255642498239915],[133.13159724676527,34.25584755734725],[133.13167974374542,34.25590845038051],[133.13178420676707,34.25587568453483],[133.13190995236064,34.25583624306965],[133.13205622727315,34.25577989239143],[133.13208995865142,34.25577299773042],[133.13207711793515,34.25574965952302],[133.13208032051517,34.255723107206805],[133.13209874725356,34.25567757510112],[133.1321090661344,34.255653879796846],[133.13207165706223,34.255632592721845],[133.1320181981133,34.25559866549386],[133.13196858021203,34.255560459421496],[133.1318953843463,34.25550409809552]]]]},"properties":{"classLabel":"土砂災害特別警戒区域","phenomenon":"急傾斜の崩壊","name":"新城","areaCode":"352-Ⅱ-4(1)","address":"岩城","noticeDate":"2021-01-29"}},{"type":"Feature","id":140,"geometry":{"type":"MultiPolygon","coordinates":[[[[133.14493519721978,34.27828256692916],[133.1448889738681,34.27826320424728],[133.14482630809306,34.27826447506517],[133.14486201785098,34.27827974660161],[133.14492613194918,34.27830716542933],[133.14493519721978,34.27828256692916]]],[[[133.14468263406158,34.27853748294036],[133.14465659340883,34.278522717132944],[133.1444906904494,34.278614703157054],[133.14440662927828,34.27864329162237],[133.14436036014072,34.27864319907334],[133.14435875431016,34.278648970293794],[133.14435731020313,34.278658022873365],[133.1443527865553,34.278686379901465],[133.1444082233604,34.27871268017456],[133.1445308831043,34.27868306023489],[133.14473837647154,34.27856909044522],[133.14468263406158,34.27853748294036]]]]},"properties":{"classLabel":"土砂災害特別警戒区域","phenomenon":"急傾斜の崩壊","name":"小漕1","areaCode":"352-Ⅱ-5(1)","address":"岩城","noticeDate":"2021-01-29"}},{"type":"Feature","id":141,"geometry":{"type":"Polygon","coordinates":[[[133.14758851087296,34.27930155958461],[133.14752996191237,34.27930063143836],[133.14750915696243,34.27936221288491],[133.14756608918964,34.279462713199344],[133.14762355454374,34.27944382342141],[133.1476599155413,34.27943187098598],[133.14764702009626,34.27936091288527],[133.14760532195444,34.27930182611262],[133.14758851087296,34.27930155958461]]]},"properties":{"classLabel":"土砂災害特別警戒区域","phenomenon":"急傾斜の崩壊","name":"白石","areaCode":"352-Ⅱ-6(1)","address":"岩城","noticeDate":"2021-01-29"}},{"type":"Feature","id":142,"geometry":{"type":"Polygon","coordinates":[[[133.1439020690905,34.268825749303005],[133.1437520059058,34.268789692586964],[133.14372096439143,34.26882340651865],[133.14371760681468,34.26903312506581],[133.14378183992594,34.26907588233967],[133.1440383415652,34.269021728499936],[133.14406452877304,34.268985690806055],[133.14397010262408,34.26888071880068],[133.1439020690905,34.268825749303005]]]},"properties":{"classLabel":"土砂災害特別警戒区域","phenomenon":"急傾斜の崩壊","name":"小漕3","areaCode":"352-Ⅱ-7(1)","address":"岩城","noticeDate":"2021-01-29"}},{"type":"Feature","id":143,"geometry":{"type":"MultiPolygon","coordinates":[[[[133.1379878729244,34.26725220396028],[133.13815039102474,34.26716105669563],[133.13816418780453,34.26714539765085],[133.13834081539468,34.26716704557358],[133.1383574022864,34.267129689470224],[133.1383829523548,34.267072146962434],[133.13816643285125,34.26700846456549],[133.13810822576903,34.26707152004027],[133.1379558391275,34.2671966759855],[133.13788752666565,34.267195177554136],[133.13784494068486,34.26714082640638],[133.13781129473946,34.26717318252065],[133.13787633763096,34.26729240517077],[133.1379878729244,34.26725220396028]]],[[[133.13928204132606,34.26700349705633],[133.13919926039452,34.266950998928536],[133.13920898274418,34.26710290098881],[133.13930924369282,34.26722018536286],[133.13931405573223,34.26728702274324],[133.13935853496062,34.26743693060527],[133.13938757638357,34.26749694205235],[133.13943867317755,34.26749047387487],[133.13949436456036,34.26741780709057],[133.13951388792623,34.26722369423189],[133.1394631706424,34.267163832733054],[133.1394256361034,34.26708229027994],[133.13941484236224,34.267077776958125],[133.1393946932106,34.2670704247405],[133.1393787624797,34.267062278120434],[133.13932921482527,34.26703341352389],[133.13928204132606,34.26700349705633]]]]},"properties":{"classLabel":"土砂災害特別警戒区域","phenomenon":"急傾斜の崩壊","name":"宮浦","areaCode":"352-Ⅱ-8(1)","address":"岩城","noticeDate":"2021-01-29"}},{"type":"Feature","id":144,"geometry":{"type":"MultiPolygon","coordinates":[[[[133.14956327747345,34.27065430252457],[133.1494466389794,34.270593580740936],[133.14941697692103,34.27062794972831],[133.14952464587418,34.270696089122396],[133.1496175093673,34.270751391067634],[133.14965456005166,34.27072147423206],[133.14956327747345,34.27065430252457]]],[[[133.149263877842,34.27077918724758],[133.14925928299547,34.27075376436099],[133.14924789115915,34.2706907343243],[133.14915776824432,34.270685654802065],[133.14914342257862,34.27075943001304],[133.14901815766106,34.270718221709124],[133.14906698618327,34.27065010447082],[133.14900678252494,34.27062391926491],[133.14884540846143,34.27057986908256],[133.14868062951842,34.27045432394098],[133.14854180523974,34.27036828420659],[133.1484129817407,34.270286982489054],[133.14840254718055,34.270273255105124],[133.1483691192687,34.27032859327769],[133.14836183115816,34.270340658363295],[133.14835036197093,34.27036390830177],[133.14836569242888,34.27036392821192],[133.14846526380296,34.27044442758872],[133.14860599692267,34.270532308952895],[133.1488024978692,34.27063023523198],[133.1489530470328,34.27072142305257],[133.14896794051597,34.27081725933119],[133.14914015754576,34.27084591541521],[133.14926422672508,34.27080187445131],[133.1492642903445,34.27078655248818],[133.149263877842,34.27077918724758]]],[[[133.14950986065102,34.270929976631784],[133.1494953682144,34.27092220673923],[133.14936618210947,34.27107868857403],[133.14936536427908,34.271106835632104],[133.14938005935792,34.27111228965592],[133.14942816221253,34.27113014280302],[133.1494563621667,34.2711088753628],[133.14955658089727,34.27095502482023],[133.14950986065102,34.270929976631784]]]]},"properties":{"classLabel":"土砂災害特別警戒区域","phenomenon":"急傾斜の崩壊","name":"長江3","areaCode":"352-Ⅱ-9(1)","address":"岩城","noticeDate":"2021-01-29"}},{"type":"Feature","id":145,"geometry":{"type":"Polygon","coordinates":[[[133.15168668719488,34.27087995621033],[133.1516619804293,34.27075587214648],[133.15164908586118,34.270757307422116],[133.15163938917473,34.27088169750732],[133.1516550458402,34.27098001033957],[133.1517061651192,34.27099027151935],[133.15174519342008,34.270962260537296],[133.15169639338785,34.270951559139185],[133.15168668719488,34.27087995621033]]]},"properties":{"classLabel":"土砂災害特別警戒区域","phenomenon":"急傾斜の崩壊","name":"長江1","areaCode":"352-Ⅱ-10(1)","address":"岩城","noticeDate":"2021-01-29"}},{"type":"Feature","id":146,"geometry":{"type":"Polygon","coordinates":[[[133.1542143528036,34.271788077700094],[133.1542104170819,34.271751123272615],[133.15416835210647,34.27178213387548],[133.15407068836402,34.27170984468427],[133.15403336240868,34.271663697017026],[133.1540234145477,34.27164537422222],[133.15404253878097,34.27152565649291],[133.15393215882094,34.271461596916296],[133.15387598638546,34.2715106450416],[133.15367497309572,34.27142154843439],[133.15348697324384,34.27133679098344],[133.1534791666873,34.2713464883341],[133.1536646386913,34.27143688822003],[133.15387418232538,34.27153243071358],[133.153920388798,34.27151865846019],[133.15395704133087,34.27154420123484],[133.15391214043555,34.271662972218934],[133.15394636893868,34.27170095640166],[133.15399193908755,34.27177564373667],[133.15417138001732,34.27181930822675],[133.1542143528036,34.271788077700094]]]},"properties":{"classLabel":"土砂災害特別警戒区域","phenomenon":"急傾斜の崩壊","name":"若宮","areaCode":"352-Ⅱ-11(1)","address":"岩城","noticeDate":"2021-01-29"}},{"type":"Feature","id":147,"geometry":{"type":"MultiPolygon","coordinates":[[[[133.1581147836306,34.26778343927486],[133.15816935133293,34.26760854237621],[133.15808331870733,34.267609204586655],[133.15799155377735,34.26760991089373],[133.15803098743382,34.26778574596822],[133.15805300729664,34.26778513981271],[133.1581147836306,34.26778343927486]]],[[[133.15825801933823,34.26810216095317],[133.1581833545875,34.26798902369017],[133.1581287781532,34.26802049359765],[133.15809868890156,34.268037843654305],[133.15819384346509,34.26813994879812],[133.15825332149586,34.26822337741104],[133.15841984552236,34.26829327247131],[133.15846122499866,34.268409185817575],[133.1584755256174,34.26840219028944],[133.1585158176606,34.26838248022285],[133.15846796784803,34.26823460665014],[133.15832086821032,34.26817774917738],[133.15825801933823,34.26810216095317]]],[[[133.15865052065226,34.26874912291446],[133.15865498234706,34.26860418838346],[133.15862464504428,34.268498658419404],[133.15856996006656,34.26851622584839],[133.15856135831325,34.26851898914901],[133.1585481180877,34.26852467735967],[133.15854149295174,34.268527175462964],[133.15856791427183,34.26859957376668],[133.1586043507414,34.26868025365444],[133.15845186159618,34.26865487630163],[133.15830957467065,34.268575689552485],[133.15826333737266,34.26853512694635],[133.1582342414264,34.26849578424896],[133.15821037686672,34.2684471605563],[133.1581310761886,34.268345984808505],[133.15800492435125,34.26819284385515],[133.15788845228712,34.26804259605117],[133.15780538593802,34.267923860787334],[133.15774093682847,34.26780251249105],[133.15773831323514,34.267803928528544],[133.15772356342558,34.26781304847696],[133.15767541260752,34.26784282066878],[133.15774774742357,34.26795381111797],[133.15782835837146,34.268074698788766],[133.15794522261518,34.26823018962617],[133.15804095944725,34.268386202671216],[133.15806830974003,34.26852692544125],[133.1581183351068,34.26857500651272],[133.15816221875372,34.268629041469914],[133.15821196555524,34.26871334424307],[133.1584409012204,34.2687299515953],[133.15865052065226,34.26874912291446]]]]},"properties":{"classLabel":"土砂災害特別警戒区域","phenomenon":"急傾斜の崩壊","name":"掛浦","areaCode":"352-Ⅱ-12(1)","address":"岩城","noticeDate":"2021-01-29"}},{"type":"Feature","id":148,"geometry":{"type":"Polygon","coordinates":[[[133.15610240949556,34.249934150409985],[133.15605815352197,34.24984742233852],[133.1559946748731,34.249887648126006],[133.15595191128094,34.249914746964414],[133.1559375859418,34.249920070684055],[133.15603858703068,34.24996165481175],[133.15608601649856,34.24998821004687],[133.1561098475332,34.24998723869085],[133.15617416981502,34.24998461683696],[133.15610240949556,34.249934150409985]]]},"properties":{"classLabel":"土砂災害特別警戒区域","phenomenon":"急傾斜の崩壊","name":"海原","areaCode":"352-Ⅱ-13(1)","address":"岩城","noticeDate":"2021-01-29"}},{"type":"Feature","id":149,"geometry":{"type":"MultiPolygon","coordinates":[[[[133.16369857386294,34.26160539547139],[133.16370678283636,34.26153682825233],[133.16366666833315,34.26156349153653],[133.1636471106568,34.261576491109786],[133.16364637630042,34.261599394082566],[133.16366468142837,34.26160149870929],[133.16369857386294,34.26160539547139]]],[[[133.16441416668084,34.26185891381211],[133.16430052133995,34.26172432892562],[133.16410967074725,34.26172452506712],[133.16395274749237,34.26172085701031],[133.1638190926869,34.26175053761062],[133.16380496848632,34.26177817790872],[133.16379715210354,34.26179347414095],[133.1639548682974,34.26176417594283],[133.16410948704686,34.26177073820319],[133.16425868640832,34.26179779907143],[133.16438544418702,34.2618889920127],[133.1645161135365,34.261938059526294],[133.16453254328678,34.261910999775566],[133.16441416668084,34.26185891381211]]],[[[133.16395640257116,34.26209767666002],[133.1641007944069,34.262046254269166],[133.16428385077424,34.26208084204915],[133.16429290227268,34.262043445491855],[133.16409845001073,34.26200835721224],[133.1639739931888,34.262016663451675],[133.1638347504924,34.26196010580072],[133.1636507203368,34.26186118372284],[133.1634759695863,34.26178910496928],[133.16334342294385,34.261731055418814],[133.16325726112237,34.26170360651621],[133.16319783550426,34.26167062364124],[133.1631415988684,34.26165665858157],[133.16313131356702,34.26166492983046],[133.1630958418428,34.26169345551777],[133.16312211290153,34.26174135374618],[133.16318770587168,34.26178808007425],[133.1632982245404,34.261818621539604],[133.1634470851396,34.261849310110286],[133.16360547771654,34.26192802226775],[133.16379875390007,34.26200448392754],[133.16395640257116,34.26209767666002]]]]},"properties":{"classLabel":"土砂災害特別警戒区域","phenomenon":"急傾斜の崩壊","name":"船越","areaCode":"352-Ⅱ-14(1)","address":"岩城","noticeDate":"2021-01-29"}},{"type":"Feature","id":150,"geometry":{"type":"Polygon","coordinates":[[[133.15998298644857,34.26357149257093],[133.15987269019382,34.263554475658026],[133.15967881965682,34.263658839417076],[133.1596914579383,34.26382353050851],[133.15972977172206,34.26392139802897],[133.15975263527386,34.26408587812208],[133.15978508343065,34.264232754876865],[133.15985024619968,34.2644264605762],[133.15997708118007,34.26450651661809],[133.16006430281968,34.26454511858067],[133.16018195892767,34.26464691976802],[133.16040951644862,34.26469475524194],[133.16042217570984,34.26465982911251],[133.1602625736825,34.264519328417116],[133.16014836303296,34.264455781884294],[133.16013219993602,34.264364944205525],[133.16015931326396,34.26426523719941],[133.1601225305462,34.2641911099925],[133.16043144076164,34.26397659954744],[133.1605435689676,34.26381985726151],[133.16053216649271,34.263746583160824],[133.16053849645186,34.263693994656315],[133.16055053995305,34.263661155797955],[133.16041100181044,34.26363888187656],[133.16024712330565,34.263612244132425],[133.15998298644857,34.26357149257093]]]},"properties":{"classLabel":"土砂災害特別警戒区域","phenomenon":"急傾斜の崩壊","name":"暮坂","areaCode":"352-Ⅱ-15(1)","address":"岩城","noticeDate":"2021-01-29"}},{"type":"Feature","id":151,"geometry":{"type":"Polygon","coordinates":[[[133.16026306781998,34.269567214341464],[133.16024414318977,34.2695517835988],[133.16022909817795,34.26953441314701],[133.160192251434,34.26956269008339],[133.16019012522486,34.269561045012566],[133.16010449827462,34.26953139214375],[133.1599543267728,34.26943898818426],[133.15970755530958,34.26932601473012],[133.15956768913492,34.26929456462042],[133.1595251331555,34.26926553863977],[133.15952835470026,34.269232283369305],[133.15952455523316,34.26920194739036],[133.15952647743728,34.26920325314093],[133.1596044664645,34.26916335991066],[133.15959353652156,34.26913670437304],[133.15958751374305,34.26910394780561],[133.1595762503157,34.269042688670396],[133.15938425368597,34.269057817575046],[133.15934100624622,34.2690848167445],[133.15935147609693,34.269242826204156],[133.1593650104157,34.26936280082471],[133.1595100800911,34.26941602286787],[133.1596487172288,34.269451361610955],[133.15982654428888,34.269556518640144],[133.15996537236208,34.269672355562264],[133.16017632671702,34.26979798935374],[133.16031916276376,34.26978989795182],[133.16044942289432,34.26965914505696],[133.16035725380232,34.26961405382608],[133.16032314823426,34.26959736859065],[133.16027784941582,34.269576482311734],[133.16026306781998,34.269567214341464]]]},"properties":{"classLabel":"土砂災害特別警戒区域","phenomenon":"急傾斜の崩壊","name":"浜田","areaCode":"352-Ⅱ-16(1)","address":"岩城","noticeDate":"2021-01-29"}},{"type":"Feature","id":152,"geometry":{"type":"Polygon","coordinates":[[[133.14617778072537,34.27730266647902],[133.14609269145393,34.27728518953678],[133.14606798563565,34.277404851266496],[133.1460352743745,34.27761129668888],[133.14613016315903,34.27759283130701],[133.1461753647424,34.27758403505184],[133.14624540102866,34.27757298018444],[133.14632888631073,34.27756274225163],[133.14632045349236,34.277427303516816],[133.1463384906954,34.27733567545504],[133.14617778072537,34.27730266647902]]]},"properties":{"classLabel":"土砂災害特別警戒区域","phenomenon":"急傾斜の崩壊","name":"小漕2","areaCode":"352-Ⅱ-17(1)","address":"岩城","noticeDate":"2021-01-29"}},{"type":"Feature","id":153,"geometry":{"type":"Polygon","coordinates":[[[133.13381618428141,34.26201194817234],[133.133771022737,34.26199124009271],[133.13370044994974,34.26207107580367],[133.13354710543402,34.26222830725434],[133.13361739209844,34.2623143304197],[133.13365659642602,34.262409809768585],[133.13371454175171,34.262352404013534],[133.13378293012272,34.26228465231664],[133.13378568548387,34.26228137676271],[133.13375586479876,34.26223096512124],[133.13373573462366,34.2622049464847],[133.13378429095133,34.26210880186218],[133.13381618428141,34.26201194817234]]]},"properties":{"classLabel":"土砂災害特別警戒区域","phenomenon":"急傾斜の崩壊","name":"赤石","areaCode":"352-Ⅱ-18(1)","address":"岩城","noticeDate":"2021-01-29"}},{"type":"Feature","id":154,"geometry":{"type":"MultiPolygon","coordinates":[[[[133.14772244607022,34.24810342487758],[133.14765469213216,34.24808611120497],[133.1476584126405,34.24812807689062],[133.14771094214598,34.24814040757048],[133.14772244607022,34.24810342487758]]],[[[133.1480259063678,34.248179098225464],[133.14784087958978,34.24812897149368],[133.1478260413475,34.24816742559494],[133.14798399683593,34.248210097879145],[133.14798649170103,34.24820825249082],[133.1480259063678,34.248179098225464]]],[[[133.14985346287864,34.248647276040984],[133.14979699484903,34.248635187743716],[133.14981906782967,34.248730551676836],[133.1497806321116,34.24879552593328],[133.1497192119102,34.24886138274393],[133.14967881027678,34.24899429286149],[133.14966366025007,34.24910018715021],[133.14961589997998,34.24930049540216],[133.1495877595666,34.249356707365145],[133.14949277086376,34.249432414410705],[133.14949593605286,34.249434052391635],[133.14955516166725,34.249481097568534],[133.14959530049805,34.24951792734996],[133.14961090415824,34.24953224465907],[133.14965740421584,34.24957491119105],[133.14977194831272,34.2494778311977],[133.14984191633184,34.249412395122135],[133.149901030673,34.2491050673806],[133.14992588004804,34.24904549401813],[133.14992993885338,34.24896842291496],[133.14997956199932,34.24892086606367],[133.15023018466127,34.24887177582052],[133.15030934699726,34.248810411736244],[133.1502160710957,34.248771582440476],[133.15013244056016,34.248736768272295],[133.14997218674785,34.24867539484834],[133.14985346287864,34.248647276040984]]],[[[133.14933432310076,34.24768873852023],[133.14941778430574,34.24754770275776],[133.14941067881338,34.24748247408389],[133.14914667973594,34.24744007559387],[133.14913511541337,34.24744197628592],[133.1490983518177,34.24744801869288],[133.14906486326885,34.247461853555265],[133.14911914514005,34.24752513704638],[133.14912002191838,34.24757483138887],[133.14906721812653,34.247561305249995],[133.1489836352057,34.24769220072296],[133.14893848564554,34.24783146593202],[133.14897615889518,34.24792326190135],[133.14890877200756,34.248047466573205],[133.14890839080135,34.2481674941976],[133.1489040519487,34.24829079314643],[133.1489012427531,34.24842789790672],[133.14904383714244,34.24846693068117],[133.1490490998396,34.248602555768464],[133.14906042718277,34.24875730860872],[133.14903559600225,34.248907333487885],[133.14901322728693,34.24909174142627],[133.14908340063158,34.249302848588655],[133.14914658898152,34.24947698088106],[133.14926917945542,34.24964594039157],[133.14929659271328,34.24964179294023],[133.14929645709014,34.24944390363268],[133.14924313818258,34.249273893185084],[133.14924182538476,34.249107160027556],[133.14928028263913,34.24897134393686],[133.14934825374758,34.248778065077225],[133.14937683536502,34.24863993900002],[133.14941861700538,34.248543855384995],[133.14946035575855,34.24848502111227],[133.14936154173364,34.248244732424396],[133.14935444443293,34.248192115197405],[133.14921120743185,34.24803424354884],[133.14920307114326,34.24793324464887],[133.14921705863253,34.24786596874824],[133.1492473120367,34.247811333159504],[133.14930742995995,34.247715090753566],[133.14933432310076,34.24768873852023]]]]},"properties":{"classLabel":"土砂災害特別警戒区域","phenomenon":"急傾斜の崩壊","name":"高原","areaCode":"352-Ⅱ-19(1)","address":"岩城","noticeDate":"2021-01-29"}},{"type":"Feature","id":155,"geometry":{"type":"Polygon","coordinates":[[[133.27490514048168,34.18959011406735],[133.27496080963382,34.189536736217285],[133.2747860334151,34.18942900375768],[133.27461359703943,34.189319014939656],[133.27443582624917,34.189214149120126],[133.27429794167733,34.18908939730865],[133.27421886806061,34.18891431862692],[133.27409148312188,34.18876834138271],[133.27396409965453,34.18862235614517],[133.2737780566273,34.18850067750138],[133.27374972060122,34.188528968194184],[133.2737077671006,34.18857084340663],[133.27383838749347,34.18869811652967],[133.27393477962548,34.188862765745625],[133.27404668132633,34.18901807587253],[133.27417405557424,34.18916405298154],[133.27436392562836,34.1892830911409],[133.27454340309689,34.189386323833965],[133.27470249093895,34.189509110454814],[133.27481241991592,34.18965799109386],[133.27484334176313,34.18962983297196],[133.27485181296854,34.18962211468514],[133.27486139104,34.18961594216809],[133.27486262250278,34.18961514985599],[133.27486440104772,34.18961409369044],[133.2748871661176,34.18960068827863],[133.27490514048168,34.18959011406735]]]},"properties":{"classLabel":"土砂災害特別警戒区域","phenomenon":"土石流","name":"取間川","areaCode":"349-2232","address":"魚島","noticeDate":"2021-01-29"}},{"type":"Feature","id":156,"geometry":{"type":"Polygon","coordinates":[[[133.2233773641954,34.283079414877996],[133.2233178184988,34.28307624431066],[133.22328198818107,34.28325502010617],[133.22325265969948,34.28344782773199],[133.22322920309813,34.28355844974242],[133.22338291805687,34.283545924348665],[133.22341847022508,34.283434313755905],[133.22342158869853,34.2832624574832],[133.22344775863908,34.28308316572214],[133.2233773641954,34.283079414877996]]]},"properties":{"classLabel":"土砂災害特別警戒区域","phenomenon":"土石流","name":"国道川","areaCode":"350-1429","address":"弓削久司浦","noticeDate":"2021-01-29"}},{"type":"Feature","id":157,"geometry":{"type":"Polygon","coordinates":[[[133.21777424674258,34.27869594172617],[133.21773255962776,34.278672515596035],[133.21762179252292,34.27882780432783],[133.21754738373025,34.278927557230816],[133.2176440678575,34.27898257098932],[133.21768526611444,34.278863918784545],[133.2178148532813,34.27871876675458],[133.21777424674258,34.27869594172617]]]},"properties":{"classLabel":"土砂災害特別警戒区域","phenomenon":"土石流","name":"沢津川","areaCode":"350-1430","address":"弓削沢津","noticeDate":"2021-01-29"}},{"type":"Feature","id":158,"geometry":{"type":"Polygon","coordinates":[[[133.21723191087756,34.26642575725593],[133.2172355998352,34.26644298903686],[133.21744871798066,34.26640760565618],[133.21766019850853,34.2663544110129],[133.21781810010268,34.266281652205194],[133.21778336300414,34.26623970038966],[133.21763743449267,34.26630865246342],[133.21743828101307,34.26636046442609],[133.21722779614143,34.26640654322584],[133.21723191087756,34.26642575725593]]]},"properties":{"classLabel":"土砂災害特別警戒区域","phenomenon":"土石流","name":"西狩尾川","areaCode":"350-2233","address":"弓削狩尾","noticeDate":"2021-01-29"}},{"type":"Feature","id":159,"geometry":{"type":"Polygon","coordinates":[[[133.2254010239733,34.26964483473597],[133.22539816491673,34.26968348717795],[133.2255055224084,34.26970294827364],[133.22551457102196,34.26958072995132],[133.22540364099706,34.26960941099528],[133.2254010239733,34.26964483473597]]]},"properties":{"classLabel":"土砂災害特別警戒区域","phenomenon":"土石流","name":"西大谷川","areaCode":"350-2234","address":"弓削大谷","noticeDate":"2021-01-29"}},{"type":"Feature","id":160,"geometry":{"type":"Polygon","coordinates":[[[133.23199253143557,34.27779422440821],[133.23201843959114,34.27780559101678],[133.23209822326675,34.27772842643128],[133.23201094405388,34.27769013248842],[133.23196396877483,34.277781691790054],[133.23199253143557,34.27779422440821]]]},"properties":{"classLabel":"土砂災害特別警戒区域","phenomenon":"土石流","name":"東川","areaCode":"350-2235","address":"弓削大谷","noticeDate":"2021-01-29"}},{"type":"Feature","id":161,"geometry":{"type":"Polygon","coordinates":[[[133.23373477940356,34.277350001533165],[133.2337805595407,34.277339836322696],[133.23373314092788,34.277163716471925],[133.2336976076661,34.27699428244309],[133.2335538944266,34.277026186511314],[133.23362701561194,34.27718726994899],[133.23368817215402,34.27736034635009],[133.23373477940356,34.277350001533165]]]},"properties":{"classLabel":"土砂災害特別警戒区域","phenomenon":"土石流","name":"東大谷川","areaCode":"350-2236","address":"弓削大谷","noticeDate":"2021-01-29"}},{"type":"Feature","id":162,"geometry":{"type":"Polygon","coordinates":[[[133.17459908795095,34.26360908980761],[133.17461225020585,34.26357372950534],[133.17442841437378,34.26351797805651],[133.17440146139384,34.26359039608314],[133.17458869789616,34.26363700780769],[133.17459908795095,34.26360908980761]]]},"properties":{"classLabel":"土砂災害特別警戒区域","phenomenon":"土石流","name":"深山尻川","areaCode":"351-2237","address":"生名","noticeDate":"2021-01-29"}},{"type":"Feature","id":163,"geometry":{"type":"Polygon","coordinates":[[[133.13936972216052,34.25952632745963],[133.1393312216173,34.259528174169084],[133.1392983194954,34.25958393521114],[133.13942637518608,34.25957779576488],[133.13944319688912,34.25952280881367],[133.13936972216052,34.25952632745963]]]},"properties":{"classLabel":"土砂災害特別警戒区域","phenomenon":"土石流","name":"赤石川","areaCode":"352-1460-2","address":"岩城","noticeDate":"2021-01-29"}},{"type":"Feature","id":164,"geometry":{"type":"Polygon","coordinates":[[[133.15747221158637,34.26066674978817],[133.15743715119098,34.26070933870508],[133.15756109549284,34.260782467932366],[133.15761717788482,34.26071432997143],[133.15748574569375,34.26065030905131],[133.15747221158637,34.26066674978817]]]},"properties":{"classLabel":"土砂災害特別警戒区域","phenomenon":"土石流","name":"船越上川","areaCode":"352-2238","address":"岩城","noticeDate":"2021-01-29"}},{"type":"Feature","id":165,"geometry":{"type":"Polygon","coordinates":[[[133.1505666026537,34.268001714355044],[133.15054274742863,34.26801259525978],[133.15057905448273,34.26814005120996],[133.1506567538101,34.26810460765034],[133.1505994572589,34.267986732196086],[133.1505666026537,34.268001714355044]]]},"properties":{"classLabel":"土砂災害特別警戒区域","phenomenon":"土石流","name":"百山川上川","areaCode":"352-2239","address":"岩城","noticeDate":"2021-01-29"}},{"type":"Feature","id":166,"geometry":{"type":"Polygon","coordinates":[[[133.1496945434533,34.27542977382787],[133.14966628996405,34.27542117521124],[133.14962868844904,34.275467349047354],[133.14972444785332,34.27549648599051],[133.14972815905736,34.27544000605504],[133.1496945434533,34.27542977382787]]]},"properties":{"classLabel":"土砂災害特別警戒区域","phenomenon":"土石流","name":"小漕東川","areaCode":"352-2240","address":"岩城","noticeDate":"2021-01-29"}},{"type":"Feature","id":167,"geometry":{"type":"Polygon","coordinates":[[[133.1405694239309,34.26553868567627],[133.14053496736148,34.2654944486164],[133.1403249751522,34.26555689483431],[133.14027050890596,34.265586592743745],[133.1403938201543,34.265744917540815],[133.140421667501,34.26568104516844],[133.1406060091255,34.265585662684664],[133.1405694239309,34.26553868567627]]]},"properties":{"classLabel":"土砂災害特別警戒区域","phenomenon":"土石流","name":"東上赤石川上川","areaCode":"352-2242","address":"岩城","noticeDate":"2021-01-29"}},{"type":"Feature","id":168,"geometry":{"type":"Polygon","coordinates":[[[133.139939636771,34.26518375308411],[133.13991267025676,34.26515579683042],[133.13990099339318,34.26515812167778],[133.13995737739887,34.26521655925648],[133.13996266962582,34.26520762784584],[133.139939636771,34.26518375308411]]]},"properties":{"classLabel":"土砂災害特別警戒区域","phenomenon":"土石流","name":"東赤石川上川","areaCode":"352-2243","address":"岩城","noticeDate":"2021-01-29"}},{"type":"Feature","id":169,"geometry":{"type":"Polygon","coordinates":[[[133.14079060425965,34.26388101132366],[133.14078315092434,34.26386466279059],[133.14057008237802,34.26390667286331],[133.1403604766652,34.26395627323145],[133.1403386796511,34.263959414218924],[133.14036408956812,34.264015114256786],[133.14038440137705,34.26400872758306],[133.140600898001,34.26397424070559],[133.1408087859312,34.263920872488065],[133.14079060425965,34.26388101132366]]]},"properties":{"classLabel":"土砂災害特別警戒区域","phenomenon":"土石流","name":"東赤石川","areaCode":"352-2244","address":"岩城","noticeDate":"2021-01-29"}},{"type":"Feature","id":170,"geometry":{"type":"Polygon","coordinates":[[[133.14073646518875,34.26260571740732],[133.14074585693558,34.26258343052921],[133.14053674900606,34.26252411817171],[133.14052655936862,34.26252050406796],[133.14050908166166,34.26259056485847],[133.14052486511235,34.262571764915975],[133.14072474905083,34.262633526145365],[133.14073646518875,34.26260571740732]]]},"properties":{"classLabel":"土砂災害特別警戒区域","phenomenon":"土石流","name":"赤石川上川","areaCode":"352-2245","address":"岩城","noticeDate":"2021-01-29"}}]}